seed,sourceStateId,twinStateId,elementCount,sourceScorable,twinScorable,sourceGate,twinGate,sourceTotal,twinTotal,delta,outcome,delta_hierarchy,delta_grouping,delta_structure,delta_flow,delta_spatial,delta_variety,r1Sign,r1SignReversedArrays
1,86a3677c,a357a25b,8,true,true,,,52.44673629653009,52.72173754990901,-0.27500125337891745,reversal,0.32782602118200543,-0.22394266241589733,1.5376984126984157,-0.9198996793317935,-1.3171035994801654,0,-1,-1
2,a081e956,ae9ec30e,9,true,true,,,53.491009072287866,51.874448105297915,1.616560966989951,win,0.019115761107427964,-0.857498340091083,0.9036651435078342,-0.388693697758856,1.7477391657879786,0.00006630924468620236,1,1
3,77c0bf1c,28189ebc,10,true,true,,,57.10801267011108,51.80356354084176,5.304449129269322,win,0.03103833686209878,0,1.1666666666666634,2.105845070052248,-0.26125560760570465,-8.881784197001252e-16,1,1
4,035be253,134cc6c2,9,true,true,,,55.351329953816744,50.07704220712151,5.2742877466952365,win,0.20504555421898418,1.7763568394002505e-15,2.1759259259259274,0.23985042579472182,0.4129256195118014,0,1,1
5,2f12f441,cc5060bf,10,true,true,,,53.06621401021108,51.35248974211129,1.7137242680997886,win,0.021932075166883003,0.004162627842077882,1.3831663296469987,-0.611210234257701,0.15604287889660373,0.008325255684151323,1,1
6,4b9c24a9,95d4cd46,8,true,true,,,56.754785355489474,55.388049893762656,1.3667354617268188,win,-0.1511448835392768,0,1.121031746031747,-0.08133218663606634,-0.11608402588666333,1.7763568394002505e-15,1,1
7,8509070d,5be23d3d,9,true,true,,,59.63919284604428,50.30757097493924,9.331621871105042,win,0.8872450981644997,0.3495253917947432,1.80555555555555,0.6484612957818268,1.777702458227819,5.329070518200751e-15,1,1
8,df52700e,574d8ccb,11,true,true,,,55.23340078991582,56.315380684789076,-1.0819798948732569,reversal,-0.13830932763322767,-0.00007213397088534634,1.8737494263813907,-0.7419173041004914,-2.1516889115698143,-0.0001442679417698045,-1,-1
9,591a5317,8304c8e6,11,true,true,,,55.077058466772215,46.1145017422845,8.962556724487712,win,0.20230301741428214,1.6717290299977128,1.7626262626262585,0.7028381307694591,0.6484362890485809,7.549516567451064e-15,1,1
10,68a8f53c,d75772f3,9,true,true,,,58.49856671091036,55.5665810465161,2.9319856643942614,win,0.10213080983224199,0,1.875,-0.90234128910582,0.656697843290905,-2.6645352591003757e-15,1,1
11,43a61854,186501a2,10,true,true,,,57.82243290851536,54.42768312280269,3.394749785712669,win,-0.18706523106509243,-0.00022175192454376713,2.0009767715611435,-0.23291654084052738,0.4816796274690862,-0.000443503849091087,1,1
12,e810d9e8,686b14a1,10,true,true,,,58.06546772693979,52.4061233410551,5.659344385884687,win,0.12176675462128772,-0.16954203592637818,1.4999999999999867,1.193944543211222,0.8034460732536051,-6.217248937900877e-15,1,1
13,0b7f84b9,87e5d92c,10,true,true,,,54.13876031809294,50.06175425744065,4.077006060652295,win,0.05801543098532802,-0.014019006909986587,1.397855649561313,0.47710872027332574,0.542925748153567,-0.028038013819971397,1,1
14,bc72164c,d4c592f8,11,true,true,,,58.75458757455859,55.326255913064614,3.428331661493978,win,0.07211207681872356,0,1.3636363636363669,-0.5453069142154607,1.3145137760101147,0,1,1
15,bcd51945,cce3af57,11,true,true,,,55.64898429944225,51.00633647921471,4.642647820227538,win,0.24133209556666957,-1.7763568394002505e-15,1.1161616161616141,0.2050306705424827,1.3352618794992868,-3.552713678800501e-15,1,1
16,5c09b529,9d0f9f7b,12,true,true,,,58.11034981438602,54.67910293348088,3.4312468809051424,win,-0.21874808487950181,0.0024803070431929086,1.6263403693906326,-0.4538866431199384,1.32947885906085,0.00496061408638937,1,1
17,71db5c14,18dc9837,8,true,true,,,56.885346340224174,53.17653342894054,3.708812911283637,win,0.07741975996721373,0,1.587301587301587,-0.12458441082376037,0.6919051473116182,0,1,1
18,d2944b50,857e1c6a,9,true,true,,,55.414682096983974,47.64826614559219,7.766415951391785,win,0.11468690798406955,0,2.3148148148148096,1.2839145453927543,0.942354182076377,0,1,1
19,6a824f4c,868fbb1c,11,true,true,,,55.75964198996302,49.018290207947324,6.741351782015698,win,-0.07832590891535673,-0.0007114864868444926,2.1763712085685647,0.7441165116674799,1.3567175598221288,-0.0014229729736854324,1,1
20,a073bae4,3f7d06ba,10,true,true,,,56.853474459617814,52.45321983628408,4.400254623333737,win,-0.012303962943283953,-4.440892098500626e-15,1.3333333333333348,-0.6758687862573041,2.387755777449647,-5.329070518200751e-15,1,1
21,5015895b,38f5ebe1,11,true,true,,,58.42907516749408,51.79679360256535,6.632281564928725,win,0.07828038342565868,0,2.0808080808080796,1.5305604908686758,0.15613247999050284,-1.7763568394002505e-15,1,1
22,809c2124,6210efd7,13,true,true,,,56.83350692588257,51.14219777138128,5.69130915450129,win,0.46396924460469613,2.6645352591003757e-15,2.06196581196581,0.650328206639168,-0.06699821605190515,1.7763568394002505e-15,1,1
23,7da191be,27bfb5c8,10,true,true,,,53.46715079017613,48.76528404895366,4.701866741222467,win,0.1461568820586201,-0.000014441911644347272,1.438283616624564,0.3034718210910139,0.9857973130242303,-0.000028883823288694543,1,1
24,16ff2b22,61d9bb73,8,true,true,,,61.541112997536196,55.29590942973116,6.245203567805035,win,0.22390469395419554,-1.7763568394002505e-15,2.0337301587301573,-0.5422177060422886,2.276860106842766,0,1,1
25,3ecf01e7,9b5d0c46,11,true,true,,,59.65798420747007,53.40560964338559,6.252374564084484,win,-0.06621906137200129,-0.001976469981512352,1.6822767574392614,0.1727670710042286,2.3465809199536007,-0.003952939963025592,1,1
26,57d2ea6a,7e6c9214,7,true,true,,,61.92367487714072,56.01612437090576,5.907550506234962,win,0.16510421163756073,-0.0004679022819171763,0.9175552827550062,-0.37719053655547885,3.4049740274803746,-0.0009358045638325763,1,1
27,8b3cfa39,dedef774,12,true,true,,,56.90409984697087,52.68111060916671,4.222989237804164,win,0.05883289637947753,-0.0000013982459687866822,1.1110572110126036,0.2164840669255499,1.3171765974514855,-0.0000027964919357970075,1,1
28,7a17105c,f4ee265e,11,true,true,,,58.09762793866645,54.48981855496592,3.607809383700527,win,-0.1792769399007259,0.00019816011887652252,1.8885871744225051,0.48984686694670376,-0.12636735899342355,0.0003963202377548214,1,1
29,9626d4be,3c031310,9,true,true,,,55.29049636055758,50.27255194279283,5.0179444177647525,win,-0.2048272839199552,0.3920246504528162,2.40740740740741,0.10647922451773528,0.17382457032055143,-4.440892098500626e-15,1,1
30,e4bce30c,59ec1309,10,true,true,,,59.13102697308396,55.85355048078897,3.277476492294994,win,0.23685214445078628,0,1.4999999999999982,0.43247634933615675,-0.4772416415335963,1.7763568394002505e-15,1,1
31,b7e618f8,3e5bba83,6,true,true,,,58.55277739487793,52.21804434992172,6.334733044956209,win,-0.06265205036957555,-0.022279524779496462,1.3155701090346419,1.1844035352209916,1.6877105442658435,-0.04455904955899204,1,1
32,0127fde1,0cec2e1c,8,true,true,,,56.35662686710931,51.55240738136329,4.8042194857460245,win,0.3844596499600801,1.7763568394002505e-15,1.3293650793650764,0.1908097486728586,0.9513995727148759,3.552713678800501e-15,1,1
33,f944b3fb,9aee60b4,12,true,true,,,54.10526903484804,50.69139194468694,3.413877090161101,win,-0.1250961540264952,-0.039746133995604005,1.9217817267925374,-0.11918684927153933,0.4747477355178402,-0.07949226799120801,1,1
34,a9dcc04e,68f22244,9,true,true,,,54.66483563040811,52.89901234567335,1.7658232847347648,win,-0.07238864862557426,0,1.4351851851851842,-0.7026962654906566,0.4098052962101155,0,1,1
35,a52e3d43,5ee27174,7,true,true,,,54.53052652071305,48.46505539920227,6.065471121510782,win,0.05371135938113203,0,1.759259259259255,0.814972077412472,1.0951902997199303,1.7763568394002505e-15,1,1
36,b5d3a5ae,0b2c899b,7,true,true,,,56.051806556780676,53.915907176970556,2.1358993798101196,win,-0.07696528298978045,-1.0333394626758325,2.037037037037038,0.4623215540870129,-0.013742124803844291,-2.6645352591003757e-15,1,1
37,c82a31b2,b65aca6f,7,true,true,,,56.5938927691372,52.0549799967484,4.538912772388798,win,-0.1928367625907801,-0.4814403090643502,2.288359788359788,0.26431931010847887,1.0661941250907718,-8.881784197001252e-16,1,1
38,166cc91a,5bbf396d,7,true,true,,,60.809011737497876,52.947384658894414,7.861627078603462,win,0.1329150409966302,0.3681663267243387,1.6137566137566086,0.9629080726811869,1.7671351746780823,3.552713678800501e-15,1,1
39,a4c529d3,59d7d214,10,true,true,,,56.40944278343066,49.48161612211812,6.927826661312544,win,0.23947935493591466,-1.7763568394002505e-15,2.061728395061728,0.8847278179171223,0.9418567719458499,-3.552713678800501e-15,1,1
40,85663ac1,8151c3ae,6,true,true,,,57.975492228519265,52.58598130275288,5.389510925766388,win,0.0023449696548176746,0.8016426155376788,0.9444444444444446,1.884274832622566,-0.7788418117772187,-4.440892098500626e-15,1,1
41,2bbe2b10,41b392b4,11,true,true,,,59.61433296968194,56.26426928975549,3.35006367992645,win,-0.05425572377248522,0,1.4999999999999973,-0.10842934423399786,0.7385106465247944,0,1,1
42,52ecbd1d,af5be76a,10,true,true,,,57.66206269699465,51.05974872344422,6.60231397355043,win,0.04156086719651375,-1.7763568394002505e-15,2.0617283950617225,2.0099672426437083,-0.3789628785516248,-8.881784197001252e-16,1,1
43,58104b35,a9edd163,7,true,true,,,55.289893957891394,52.36197677453099,2.9279171833604067,win,-0.08500706436980288,0.2628841663389405,1.523310416338485,-0.4216212300762008,0.43979035728120053,-0.000739061567598398,1,1
44,91694093,af20547c,12,true,true,,,58.18266370264706,51.891723554684305,6.290940147962758,win,-0.09066720882812818,0,1.4393939393939386,0.72212737187236,2.0474659916532403,0,1,1
45,ea88f5e8,f774787c,12,true,true,,,62.96062104257022,56.915911046569704,6.044709996000513,win,0.09749294865989722,0,1.7171717171717154,-0.1597095894911087,2.2811189465354946,-2.6645352591003757e-15,1,1
46,4964482f,12951812,12,true,true,,,54.611314996259864,53.206795128784634,1.40451986747523,win,0.14969108100529316,0,1.313131313131307,-0.28105307703924964,-0.5956206389450873,-8.881784197001252e-16,1,1
47,4bf4082a,d6d1d7e2,12,true,true,,,54.56870973741117,51.907887950436724,2.660821786974445,win,0.1046725111119029,0,1.4393939393939412,-0.6082581456449274,0.6622929179085615,0,1,1
48,ac09c991,f10ef3a4,12,true,true,,,56.38445005118748,52.047088461227624,4.337361589959855,win,0.453414136667019,0,1.3383838383838391,-0.14904526501309334,0.899125761446113,-1.7763568394002505e-15,1,1
49,39b54b9c,b5c0c5cb,7,true,true,,,55.88552329222932,48.8367563448007,7.048766947428625,win,-0.30044555326464417,0.37741968815877147,1.190476190476189,1.1741735507737676,2.1661697413389294,0,1,1
50,3f6eddd8,17940cca,10,true,true,,,54.781019784568066,52.679236850945124,2.1017829336229426,win,0.30501198513040073,1.7763568394002505e-15,1.1666666666666732,-0.9365252029892792,0.6830848398475675,5.329070518200751e-15,1,1
51,3ff5c0f2,95b7811e,11,true,true,,,57.6664574258824,53.0984576269245,4.567999798957899,win,0.17192981554071451,-0.05514421397420932,1.8058820255659151,0.4945742772984252,0.2788222511956189,-0.11028842794841687,1,1
52,c0ae750f,e819d087,9,true,true,,,57.56541483932804,53.88369151168657,3.681723327641471,win,-0.2861872438094073,-1.7763568394002505e-15,1.8055555555555625,-0.4452232912439893,1.3873929420610276,-2.6645352591003757e-15,1,1
53,53f9ebc3,a9d10794,8,true,true,,,54.034991944745784,50.43695115824613,3.598040786499652,win,0.06721167514668736,-0.0011574378473238056,2.242578028953514,-0.08245687457659034,-0.29704950054504753,-0.0023148756946493876,1,1
54,cd6ccc10,1d140095,10,true,true,,,55.75681451286515,50.647511249410364,5.109303263454784,win,0.2098624594057803,3.552713678800501e-15,1.6049382716049418,0.17527572498914257,1.123194330205111,8.881784197001252e-16,1,1
55,e659d2d8,85de1e47,9,true,true,,,59.06320448257188,53.02703073000707,6.036173752564807,win,-0.28548384695705886,1.132644669176151,2.2453703703703694,0.0585572142884212,0.2369460439001294,8.881784197001252e-16,1,1
56,a91fc802,8a346d5f,11,true,true,,,55.73524750655636,53.281637086111516,2.4536104204448463,win,0.16372241217927908,0,1.9696969696969706,-1.1478071808108359,0.37583347811907775,0,1,1
57,6243729e,750c73bc,8,true,true,,,58.49904917979971,51.5699175867747,6.929131593025012,win,-0.22276403894840646,1.2993007016910845,2.0833333333333344,0.5594782303099661,0.1420454748142408,1.7763568394002505e-15,1,1
58,6431535c,72d75a4e,10,true,true,,,57.37354640528471,52.89186824595212,4.481678159332596,win,0.08318220157847689,-0.00024337405149488234,1.2099116091154354,1.1939424612471887,0.11770818364356384,-0.00048674810299154103,1,1
59,9c4852ff,791cf85b,11,true,true,,,56.24870823858417,51.974973630381825,4.273734608202346,win,0.04928121272075825,-0.006549816718553814,1.6758298416445694,0.005758091251053976,0.9011776488495853,-0.013099633437108515,1,1
60,65fdc0f4,6c33f78f,10,true,true,,,61.062549120370726,55.068300738687924,5.994248381682802,win,-0.08069782925590818,0,1.8950617283950608,1.1648677014629074,0.6473490703332248,8.881784197001252e-16,1,1
61,cb6466af,7a7efe63,9,true,true,,,56.180702249619486,53.76512450069315,2.4155777489263386,win,0.011634588626563414,-0.0022901207567365134,1.087143605480458,-0.9006531847408281,1.4754543665394575,-0.004580241513473915,1,1
62,9b018f4c,b25bc4f6,5,true,true,,,59.66069818802046,58.34375132883515,1.3169468591853146,win,-0.437097013911834,0,0.4722222222222223,0.8149787858241231,0.06785205566558705,0,1,1
63,27327c6b,087dfb9c,8,true,true,,,55.656943503271314,51.845111897056384,3.8118316062149304,win,-0.03394972911402494,1.410952904750709,1.32936507936508,-1.6380544600907614,1.0741085320185233,1.7763568394002505e-15,1,1
64,7714240c,0bcac801,6,true,true,,,57.98469430234085,54.318190605560666,3.6665036967801825,win,-0.028391212506230445,-0.7276628744287299,2.0555555555555522,-0.18216926839282177,1.375661616488899,1.7763568394002505e-15,1,1
65,6285225c,6136e43a,7,true,true,,,57.71205128731411,54.695116577735156,3.0169347095789547,win,-0.01842845007202376,1.7763568394002505e-15,1.3359788359788354,0.5547115452017746,-0.18127943050308026,2.6645352591003757e-15,1,1
66,8046a87a,ac28a782,15,true,true,,,52.40383251397594,50.649264885491185,1.7545676284847573,win,-0.44965333098104865,-0.02701949221290345,1.44700422820139,-0.7629848607232654,1.1707985212729142,-0.054038984425806014,1,1
67,6b793b63,3fd50b95,9,true,true,,,55.68320260201388,47.65743175767746,8.02577084433642,win,-0.0795036386352157,1.7645621886185028,1.8528727537895913,0.2967924532590409,0.6735156901826631,-0.013349796123550917,1,1
68,97c9eaa6,d477721a,10,true,true,,,53.07254776086472,48.21458445984851,4.857963301016213,win,-0.23072283587803777,0.518644217352211,2.0011508711694024,-0.2649237023144799,0.9183033233546514,-0.007074196653562126,1,1
69,a370ef22,93c6983e,8,true,true,,,55.432295311158775,46.70907182757931,8.723223483579467,win,0.0797489534274467,0.00006643122361715825,2.3708903482093993,1.2129944671999722,1.7318731816888322,0.0001328624472343165,1,1
70,d7d77178,823d343b,7,true,true,,,54.75258400599734,50.30824726207605,4.444336743921291,win,0.11108073658536854,0,2.4735449735449686,-1.1260532241173618,1.2576245623854447,-8.881784197001252e-16,1,1
71,9082f43a,463fba55,10,true,true,,,59.43677194920998,52.52502443548812,6.911747513721856,win,-0.23028724703404668,0,1.9999999999999973,0.586198169304585,2.168208335384082,1.7763568394002505e-15,1,1
72,4d5f91c9,bf21bdff,7,true,true,,,55.83058848698595,51.71865308240115,4.1119354045848056,win,-0.127257069122364,0.33916289282305545,1.4285714285714324,0.19932263637535375,0.6333871291768522,-8.881784197001252e-16,1,1
73,9a21908b,793609db,9,true,true,,,57.650069087412305,52.18253836985909,5.467530717553217,win,0.004715010292777322,-1.7763568394002505e-15,1.782407407407411,1.0642559165458243,0.38592658211813013,-5.329070518200751e-15,1,1
74,d706e316,aba33cd6,12,true,true,,,60.39247971206418,49.57928284099271,10.813196871071469,win,0.09323932235253363,0.0004161315984383407,1.8941737497926106,1.9646325275080114,2.9718947288122397,0.0008322631968784577,1,1
75,fd352f52,d4a6fa18,11,true,true,,,58.18692305236514,55.20096406661967,2.9859589857454694,win,0.33469955354523906,0,1.7929292929292941,-0.674150050846551,0.13375182305284206,0,1,1
76,1f8847f3,5eaa6c6e,12,true,true,,,56.76068916641655,48.56780768158295,8.192881484833599,win,0.1603211388750725,-0.009688673250305868,2.173516082432128,-0.20640350893222958,3.266508178173453,-0.019377346500608184,1,1
77,978a3bfb,0cf9412c,11,true,true,,,52.92891211344089,50.76128351796054,2.1676285954803447,win,0.02923369097013251,-0.0001960624998904592,1.338623335903197,-0.5819995195396084,0.5202551007132872,-0.0003921249997818066,1,1
78,cb9d3924,a7864707,14,true,true,,,57.48420441004406,51.68820419425293,5.796000215791125,win,-0.012575485210325255,0.0026633806016285178,1.5194947506245757,0.8957415535188593,1.2142992193243334,0.005326761203253483,1,1
79,01429124,bcec9fe9,11,true,true,,,54.966272568458336,51.65724405333046,3.3090285151278778,win,-0.04182423401029478,-0.00892602204107984,1.3785061284796924,-0.3123315498107839,1.1306627751101965,-0.01785204408215968,1,1
80,20ad7ef0,704ca043,7,true,true,,,56.70639115870493,47.83942256819111,8.866968590513821,win,0.4129090955657335,1.5826752755270563,2.5661375661375736,0.09009079795714747,0.05390145135534308,1.0658141036401503e-14,1,1
81,d0d70fd2,f1979f2d,9,true,true,,,58.872289317348,55.06218355839695,3.810105758951046,win,-0.35077344107965747,-1.7763568394002505e-15,1.736111111111109,0.36999587306747195,0.6648920648635679,0,1,1
82,b859c887,69a3cb49,11,true,true,,,61.917280208156726,54.927414741460595,6.989865466696131,win,-0.19461336031609866,-0.0004694365031170378,1.6634601819097528,0.6067934121760832,2.591724335625174,-0.0009388730062367401,1,1
83,7e817933,0da1e71f,7,true,true,,,56.480152236287786,52.397164952127966,4.08298728415982,win,-0.003077810502046585,0.29384634817896593,1.2301587301587222,0.05902198052169538,0.9126115091577436,1.7763568394002505e-15,1,1
84,ac9fab22,73a3f249,12,true,true,,,59.49161741229808,54.286480691484456,5.205136720813627,win,-0.12347704840013951,0,2.146464646464646,-0.7304296123507399,2.160731774762681,0,1,1
85,a9c986ba,ed413a15,9,true,true,,,58.32250470338976,48.95264164581312,9.369863057576644,win,0.10516585149387625,-0.022856372199287378,1.32103154374908,0.8755476931259825,4.064879982550973,-0.04571274439857653,1,1
86,1524d409,ff9e121e,9,true,true,,,58.12562506407779,54.95119771890296,3.174427345174827,win,-0.0846785603534923,-0.00799071076171387,1.3404998715644796,-0.02642077889938932,0.7916163866270072,-0.015981421523430406,1,1
87,ef331627,1a76f6d5,11,true,true,,,56.24095774994673,49.518646506798405,6.722311243148326,win,0.005811050256737005,1.7763568394002505e-15,1.8737373737373773,1.1111677698886897,1.1447721379226508,4.440892098500626e-15,1,1
88,f17e2e3e,d52a02c1,9,true,true,,,58.6155243889445,49.79808081013015,8.817443578814348,win,0.6308876896943652,-0.027348876602720118,1.7231389307610607,1.071618812781046,2.0066077407705887,-0.054697753205435795,1,1
89,d0b12a14,5e3731e8,9,true,true,,,56.955540986967264,54.67805221364637,2.277488773320897,win,0.2540299253456466,-1.7763568394002505e-15,1.25,-1.0010088930960155,0.8693278207846316,-8.881784197001252e-16,1,1
90,cc624a4a,ea890f6e,11,true,true,,,54.13629519794718,50.01887768713688,4.117417510810299,win,-0.05709635370267607,-0.0003091979352047858,2.2323431887891143,-1.1007633994412336,1.5836479806671884,-0.0006183958704104597,1,1
91,599bfb5a,ec2dcfa0,7,true,true,,,54.2160694675167,54.44360027251244,-0.22753080499574452,reversal,-0.17264418845836227,-1.7763568394002505e-15,1.283068783068794,-0.9592655213867234,-0.3945842653411802,-6.217248937900877e-15,-1,-1
92,54bc0f69,ac03d8b3,11,true,true,,,59.03492607420283,53.1481344789629,5.886791595239927,win,-0.2993165950886758,0,1.3636363636363589,0.7318746564729608,2.1809295494713936,0,1,1
93,a6ab6012,5c7d14bb,10,true,true,,,59.08411401572124,54.260201301592154,4.8239127141290865,win,0.2319897835821383,-0.03477206648270936,1.8106009415326545,0.060467860166771636,0.8458816818227026,-0.06954413296541428,1,1
94,708fe780,9dbc8d0b,13,true,true,,,56.66344484767463,52.19110741008602,4.472337437588614,win,-0.15519357144746726,-0.005907511101050034,1.7177593814236172,0.7803371753219013,0.36486425285652135,-0.011815022202100955,1,1
95,843d7645,8fc1cb80,9,true,true,,,60.663645152138486,54.066063652766054,6.597581499372431,win,-0.19482303442383575,0.2785783964763606,1.7038406383900782,1.1900022523480942,1.0936191008043572,0.0028188707932335078,1,1
96,e45c02b9,4cab3e10,8,true,true,,,62.018926145256216,53.795122338336576,8.22380380691964,win,0.06023002443491743,-0.009187716171787486,1.6184222222346554,0.8322404623451245,2.8968357554026243,-0.018375432343577636,1,1
97,ab342118,ffd59175,11,true,true,,,61.533044213678025,52.3945726087001,9.138471604977923,win,0.26994099952578443,0,1.6262626262626263,1.2547506792767678,2.6671635204110125,1.7763568394002505e-15,1,1
98,6e305262,98784c0c,9,true,true,,,58.78236409555698,50.3275955832962,8.454768512260777,win,-0.011796551538203248,0.8058571646924335,1.1805555555555545,1.5685764582978665,1.6171569094408564,8.881784197001252e-16,1,1
99,c1ad112d,d8dc7edd,8,true,true,,,61.77585186775518,56.2875524864227,5.488299381332482,win,-0.13518110786217763,0.00004201731833575195,1.4559586199224137,-0.2093432065612264,2.6618011787863054,0.00008403463667683297,1,1
100,6b6e40e6,6cdd8cf6,9,true,true,,,56.54571675063523,50.17027219107088,6.37544455956435,win,-0.0333322070482609,0,1.9675925925925908,1.0834532793650462,0.859363708757269,-2.6645352591003757e-15,1,1
101,930b1fa3,bb0d08ed,9,true,true,,,56.83931618759493,51.54685530697691,5.292460880618023,win,-0.010410552132222417,-0.018559308835952137,1.8592121970489615,0.7225013301864367,0.6602982483934143,-0.037118617671904275,1,1
102,ff6c8e7c,b93976c9,8,true,true,,,56.34510200849711,49.13949728553991,7.205604722957197,win,0.5102412965802627,0,1.9543650793650773,0.0020994189679077735,1.945357001720807,-8.881784197001252e-16,1,1
103,d2d12308,e88d2d23,9,true,true,,,56.63259402080807,48.10672266582525,8.525871354982819,win,0.07352378691525496,0,2.4768518518518414,1.8451695050291104,0.6629328542895081,-1.7763568394002505e-15,1,1
104,b7d89f8a,213eb211,8,true,true,,,60.28148709771071,55.29145520262816,4.990031895082552,win,0.4115722468703851,-0.02054783128845017,1.2832732163987108,0.5141544317883993,0.7644896754595107,-0.04109566257690034,1,1
105,5bb0eca3,cb376ad4,7,true,true,,,60.7575203228252,56.458763153103746,4.298757169721455,win,0.2098271985022464,0,1.190476190476189,0.1936559327652807,1.0449843765291575,-8.881784197001252e-16,1,1
106,83ad0ee0,0f58c352,13,true,true,,,58.819998384160456,54.73016806431629,4.089830319844168,win,0.2744658944031877,-0.0321234292689585,1.6554862730060957,-0.03336408238526012,0.5406899426581395,-0.064246858537917,1,1
107,267fc97e,a85f5ae1,8,true,true,,,56.956263020702245,54.184077729356716,2.7721852913455294,win,0.4488884601327916,-0.00037054596572883014,2.113355173813847,-1.4026955117473143,0.26766566411737003,-0.0007410919314567721,1,1
108,586b6a6f,9c0902b9,9,true,true,,,58.559067265517285,51.99551363984084,6.563553625676448,win,-0.025729432285186427,-0.002057007809007416,1.2238186472258938,1.6730767735442198,1.248614466594879,-0.004114015618016609,1,1
109,bfcb24f6,6dcaef44,7,true,true,,,55.59713650903153,47.61300310682599,7.984133402205536,win,0.07527217732043967,0.9797928702147214,2.3280265949392396,0.5506433596071592,0.6006782300635019,-0.00008102936901543956,1,1
110,1d434de1,7e8bfb1e,7,true,true,,,53.9739365333794,49.046814311480496,4.927122221898905,win,0.20693526362106907,1.7763568394002505e-15,1.9973544973544834,1.3430541319106606,-0.9915074343052392,4.440892098500626e-15,1,1
111,606c443a,91cd26e3,11,true,true,,,58.730267916152656,55.27505853240278,3.4552093837498745,win,0.32436613061676,0,1.252525252525249,0.20538553091103662,0.12403123644533309,1.7763568394002505e-15,1,1
112,915fb257,4ecb951e,10,true,true,,,56.25687849832459,51.72944532039619,4.527433177928401,win,0.006194059442244715,0.28636510975699014,1.0185185185185208,1.0412843685059796,0.296073634416568,8.881784197001252e-16,1,1
113,d638dcd0,d7637ba2,7,true,true,,,55.9000425726377,53.94835511893933,1.9516874536983693,win,-0.211920234570802,-0.0037575802632749955,0.8536270502675443,-0.5000301033257566,1.3151069508154127,-0.007515160526551767,1,1
114,859354ac,1ebed685,11,true,true,,,56.64644436892425,50.03202458449847,6.6144197844257775,win,0.30814475478471937,-0.000007134498610561479,1.3787883612182616,0.09446672154651381,2.490793766949812,-0.000014268997222011137,1,1
115,82242519,4142c01f,13,true,true,,,57.287709926765615,52.370760579294085,4.91694934747153,win,-0.21266149039005677,1.7763568394002505e-15,1.7699430199430184,0.925680173029491,0.5251235850428353,2.6645352591003757e-15,1,1
116,07dd0ad1,d9bf7ffd,8,true,true,,,54.21163187819065,50.16348832769644,4.04814355049421,win,-0.1827827212277735,0.33891947770867414,1.875,-0.10476034084538366,0.46331674107733,1.7763568394002505e-15,1,1
117,8ba9deed,55ac9d95,11,true,true,,,58.564808175750606,52.86148640605557,5.703321769695037,win,-0.25197201318843065,0.0010659232619492087,2.233059912275407,0.5591962578130474,1.0178383741659713,0.0021318465238939766,1,1
118,bfbb6f69,06faa31b,12,true,true,,,54.89263737952822,52.830458576618106,2.062178802910111,win,-0.060902986808637705,0,1.7171717171717198,-0.3232964963804603,-0.2373025888897322,-3.552713678800501e-15,1,1
119,5b255e60,df3278e2,5,true,true,,,59.59951469595672,57.8118843610352,1.7876303349215235,win,0.3372469982142152,-0.01745445923321043,2.005426748049051,-2.5877331614573773,1.3917719196234053,-0.034908918466422634,1,1
120,6788e0b7,2202f12d,9,true,true,,,59.970300899774436,50.220031852511184,9.750269047263252,win,-0.016363501452069773,1.3795249203120417,1.7360016177452238,1.1808856425372793,1.4803356694409713,-0.0005661851644838123,1,1
121,f1835468,3d7e6e76,9,true,true,,,57.13271327426949,53.38817337240872,3.744539901860769,win,-0.14749928331869633,2.6645352591003757e-15,1.7592592592592586,-0.07546375362959701,0.8028877449513754,4.440892098500626e-15,1,1
122,77420831,e1a8cae4,9,true,true,,,52.78082066128125,48.393963690321094,4.386856970960153,win,-0.37643477404567305,-0.00024375603416793012,1.9444019568216255,-0.04583880046914146,1.383027844556337,-0.00048751206833674843,1,1
123,7d3aa81d,f75f9008,9,true,true,,,55.50839299140631,50.903526585977346,4.6048664054289645,win,-0.1604942310723123,0,1.481481481481481,1.0995584618767422,0.3713834698710121,2.6645352591003757e-15,1,1
124,ee294047,3645a033,7,true,true,,,62.083958714618426,56.404343828110264,5.679614886508162,win,0.27175098881440785,1.7763568394002505e-15,1.2962962962962958,0.6690540314576445,1.2420802491399803,0,1,1
125,f6a62f54,a9f064f2,10,true,true,,,53.87565031191356,46.02945882498044,7.846191486933122,win,0.14562127852445217,1.077362674690014,0.7716049382716061,1.4705722668236696,1.1588755543990157,-3.1086244689504383e-15,1,1
126,c79eee9d,08ec3367,9,true,true,,,55.91311444259691,51.05318805576363,4.85992638683328,win,0.12389340763171264,-0.01811267499432212,1.7760257701975197,-0.5129085372792552,1.7658951137241132,-0.03622534998864557,1,1
127,3c524182,e24ec2c5,11,true,true,,,61.61363015865929,54.92198571399693,6.691644444662359,win,0.1150869568454036,-1.7763568394002505e-15,2.080808080808077,1.0821793669065523,0.6997867557104849,-4.440892098500626e-15,1,1
128,d6ea4675,ed1f7c76,10,true,true,,,53.000545841775796,49.36980957887955,3.6307362628962494,win,0.010026689253126886,-8.881784197001252e-16,1.6234567901234458,0.2969712673723075,0.17051791070367095,-4.440892098500626e-15,1,1
129,590ff370,6f43c0c0,10,true,true,,,55.26137227867167,52.36497174143555,2.8964005372361257,win,-0.14559992614040107,-0.00011743880375369997,1.6234539574516837,-0.6398358543158089,1.0505088041982082,-0.0002348776075056236,1,1
130,041a13ee,368480e2,11,true,true,,,57.37137289180916,49.931173172541406,7.440199719267753,win,0.1221412195874283,1.7763568394002505e-15,1.6111111111111116,1.6902507895287942,1.1156194550792833,0,1,1
131,fd6f2fe9,9b3902c3,7,true,true,,,52.942180552290274,48.00627351634877,4.935907035941504,win,0.36144089754294173,-0.7432135950135015,1.7989417989417946,0.26803090524297524,1.4807214767620334,9.769962616701378e-15,1,1
132,e8cd5d8f,f2c25bce,12,true,true,,,60.18728426680209,54.39559315425325,5.79169111254884,win,0.11443447759098646,0,1.4898989898989905,-0.30298808904577434,2.5452473298685474,8.881784197001252e-16,1,1
133,03e6a95b,57e2cc71,9,true,true,,,56.71701751109616,48.12203986194089,8.594977649155268,win,0.0785639855664797,0,2.361111111111107,1.149621599990522,1.730118112786017,-1.7763568394002505e-15,1,1
134,0f6f361c,d0bdc28e,10,true,true,,,55.00517373343607,49.92196350794694,5.083210225489125,win,-0.24392046760802955,0.35815186960474144,2.1172318943743864,0.7004851883092797,-0.022853766890299276,0.007980532970181642,1,1
135,5e79fcf3,a2937e7a,12,true,true,,,56.73779002239813,50.72090422696702,6.016885795431108,win,0.5331315650813608,-0.014765010120068034,1.5568696082708708,0.13155784827802375,1.4281333137559171,-0.029530020240136068,1,1
136,887aafa8,88bbbf30,8,true,true,,,57.770531438496704,54.92687934357775,2.8436520949189514,win,-0.2717013799936998,0,1.4087301587301555,1.0844403797116406,-0.6482826484343676,-8.881784197001252e-16,1,1
137,7ea51462,ec6ff39e,11,true,true,,,53.76841941460485,51.626484513110036,2.141934901494814,win,-0.17018002109595542,0,1.1717171717171668,-0.07253145486082513,0.41845930090085215,-4.440892098500626e-16,1,1
138,be551c9f,ed5057fe,11,true,true,,,56.87083763980378,53.33808437400019,3.532753265803592,win,-0.15494710949683133,-3.552713678800501e-15,1.1717171717171606,-0.010277412329220859,1.3583673349693988,-4.440892098500626e-15,1,1
139,fb0e9ab3,a5b7ac37,10,true,true,,,58.07528857721102,50.22960297088015,7.845685606330868,win,-0.14129738563518757,-0.0005556963597488362,1.6663686951114451,0.3166895939469683,3.503740017303733,-0.0011113927194985607,1,1
140,a1406f90,fd62d96b,12,true,true,,,57.999063627854454,54.30531504902288,3.693748578831574,win,0.7198648957383555,0.00034888229567364704,1.6289330279989773,0.3170554114029276,-0.9987400072462274,0.0006977645913446295,1,1
141,73dc5c47,1e4e424c,10,true,true,,,61.61173460816446,55.550987143890325,6.060747464274137,win,0.008171999724261969,-0.008114715107419457,1.1413681519662866,0.6452857591456755,2.227853342433608,-0.01622943021483536,1,1
142,40ef6aeb,c4b178a4,9,true,true,,,55.98220341259359,46.870098354473264,9.112105058120328,win,0.05332565274558565,-0.00007342145342548179,1.9905616973080962,2.2771884816926615,1.244855104847936,-0.00014684290685096357,1,1
143,fd40834d,ecef8800,9,true,true,,,58.050188757846556,54.352147443910106,3.69804131393645,win,0.11169437234421054,0,1.3888888888888884,-0.2475792020991019,1.044995848984013,0,1,1
144,25fa1694,20de2f9d,10,true,true,,,56.82235687057943,48.757692280776226,8.064664589803208,win,0.2847597291068311,-0.0025148659839775434,2.5003474377443133,0.517793067265627,1.6004055740518286,-0.0050297319679541985,1,1
145,ce204297,601dc8e8,10,true,true,,,56.14008110244061,50.02444809011628,6.115633012324331,win,-0.1601427367912045,0.00003384829953922974,2.1483549104752946,0.47632154865329923,1.3936526258796205,0.00006769659907845949,1,1
146,30c86203,10823426,10,true,true,,,55.72524115164158,53.101146019149326,2.6240951324922577,win,0.1629221267515748,0,1.1666666666666625,-0.19345904472512032,0.38280272180075325,0,1,1
147,fa75beb8,1de96f41,10,true,true,,,56.525856747340455,52.72239018744149,3.8034665598989648,win,0.16661928088006772,-1.7763568394002505e-15,1.5617283950617242,-0.08102320399354301,0.5938755967004088,-8.881784197001252e-16,1,1
148,e6a3091f,8265147b,12,true,true,,,57.56863195694797,51.34949558794091,6.21913636900706,win,0.37492187303996527,-0.03501974313139389,1.3018143928824077,-0.4846266431200048,3.0145724978063315,-0.07003948626278778,1,1
149,93f30bba,309b4ea0,8,true,true,,,57.35303027706862,52.97249250364963,4.380537773418986,win,-0.0643531977110694,-0.0003354321454605014,1.4086232016428015,-0.7751818785341644,2.4844780353297047,-0.00067086429091745,1,1
150,37680ade,5b7a4965,8,true,true,,,56.29840164711563,49.289368798826885,7.009032848288747,win,0.451593893869668,0.18952831553450977,1.9240312444663017,0.38334134399534747,1.1817452558409434,-0.008628340433122439,1,1
151,da252da9,52ee2299,14,true,true,,,58.55248095629186,53.21776078147206,5.3347201748198,win,-0.04095605107624212,-0.00005347959338486419,1.3524138736615514,-0.3650451824080241,2.722548634816688,-0.00010695918676972838,1,1
152,67c96d11,c45bc7ab,6,true,true,,,58.99572490314692,50.22350371268013,8.772221190466794,win,0.4310698427736628,0.9977216290554676,1.515175250509663,0.5063561174443212,1.7408208314557192,-0.03982124572874568,1,1
153,f8976ed1,ab0a665c,9,true,true,,,53.064627420977644,48.54062823290895,4.523999188068693,win,0.08661097044238142,-0.07205597280944165,1.7254142717358238,0.4052267313663549,0.657729915553499,-0.1441119456188833,1,1
154,4f8ce4f2,564b06ee,8,true,true,,,54.87186750294847,50.82299373277425,4.048873770174218,win,0.034100544355636586,-1.7763568394002505e-15,1.9047619047619033,0.0958572216735849,0.32031702026342046,-8.881784197001252e-16,1,1
155,e8a0da47,0ab77d7e,10,true,true,,,56.42910297757393,53.230838468763025,3.198264508810908,win,-0.16301775001996122,-1.7763568394002505e-15,1.6049382716049374,0.477154917457578,-0.06596671065377091,-1.7763568394002505e-15,1,1
156,491d50e2,a0048571,10,true,true,,,56.86893941841038,54.722030953975825,2.146908464434553,win,0.4868855087317385,0,1.1666666666666679,-0.32676719010795274,-0.34839106748093585,0,1,1
157,4730aebc,8af317be,13,true,true,,,58.809419351660885,54.32769263470071,4.481726716960175,win,0.23742399192041974,8.881784197001252e-16,1.7129629629629664,0.293468791859425,0.3148017774111951,2.6645352591003757e-15,1,1
158,0e44b551,41976199,9,true,true,,,57.57867239481446,54.07796947628918,3.5007029185252847,win,-0.18109820872387195,-0.15606236630071102,1.736111111111109,-0.1970192857375963,1.0929103785753318,0,1,1
159,3b9cae85,27eba9db,9,true,true,,,57.69180761983658,49.170604106984314,8.521203512852267,win,0.3211006631885991,8.881784197001252e-16,1.8287037037037042,2.327525992830763,0.5080557666814718,2.6645352591003757e-15,1,1
160,e3f9f35b,5183a180,7,true,true,,,57.17897277570006,53.5632838377738,3.615688937926258,win,-0.008101269976988013,0,1.851851851851852,1.4084592180658353,-1.5044410049784327,0,1,1
161,8e5f220a,1399369c,7,true,true,,,53.165511521862705,48.02127261627884,5.144238905583862,win,0.3314087190658468,-3.552713678800501e-15,2.2354497354497394,-0.3665362396679832,0.7834019663968279,-8.881784197001252e-15,1,1
162,8a81b7cc,626ca6f1,12,true,true,,,58.60257525576084,53.30476837234344,5.297806883417401,win,-0.2647165913890934,-0.0002935058085622444,2.045448223054687,0.27712985188317507,1.3417533867103382,-0.0005870116171236006,1,1
163,b56493e1,c82b777d,11,true,true,,,55.034621735175605,51.21419635043446,3.8204253847411422,win,-0.11018121750212773,0,1.833333333333333,-0.1680728413182404,0.8146010082627546,-1.7763568394002505e-15,1,1
164,4507f3ce,f72202b9,13,true,true,,,56.23305503189832,52.96800655002977,3.265048481868547,win,-0.10195733747755331,0,1.5847578347578342,0.8791789133907919,-0.5932688308849388,-3.552713678800501e-15,1,1
165,7ca29556,6de94b69,11,true,true,,,56.30016923781808,54.83745658550646,1.4627126523116232,win,-0.3815837524245018,2.6645352591003757e-15,1.1565656565656477,0.11897253831021182,0.04220419496591088,5.329070518200751e-15,1,1
166,8b5c38d1,0e99e045,11,true,true,,,57.36599454350039,57.39542908617794,-0.029434542677549302,reversal,-0.259769703795957,0,1.4747474747474723,-0.7347650709170805,-0.6370000283651738,0,-1,-1
167,cb853038,fb1ab377,10,true,true,,,56.91682609207355,50.82918147127798,6.087644620795572,win,0.05499134496590008,-0.007627925394822377,1.8354507931412503,0.23769807220034878,1.7525746857325437,-0.015255850789643866,1,1
168,28d36fef,5dcd4bff,12,true,true,,,57.88514037372407,51.95245400711259,5.9326863666114775,win,0.06508390629908689,-0.018457022285820912,1.6184414045100137,0.874724286400868,1.1450854339698129,-0.036914044571640936,1,1
169,74c94169,bfe1c668,9,true,true,,,56.1664523594503,55.334704942043764,0.8317474174065325,win,0.03615290101505142,-1.3432254391001202,1.6666666666666714,0.11451101121016194,0.2130329004450573,1.0658141036401503e-14,1,1
170,bf0d46d2,a4029321,8,true,true,,,56.640626111154724,48.84518423103687,7.795441880117856,win,-0.5166782486456081,1.3144297522380706,2.371687044460464,1.2864040627500595,-0.033257682307657355,-0.0012394568043250231,1,1
171,600efb1d,292cda28,7,true,true,,,54.444767276128076,50.24608321419821,4.1986840619298675,win,0.41353966766792793,3.552713678800501e-15,1.243386243386242,0.08077091449457363,0.7009682993676374,3.552713678800501e-15,1,1
172,17a1750b,93d41eed,8,true,true,,,56.184442534829074,53.0723142297494,3.112128305079672,win,0.1604883562830901,0.43106960979689024,0.4166666666666856,0.7046582470846339,-0.016367144102111375,1.2434497875801753e-14,1,1
173,d3270f4d,bc9cc077,10,true,true,,,59.21762622342571,53.64852708995536,5.569099133470353,win,-0.02633072649718038,0.9331857096550875,1.1293832199771305,-0.12710467216353027,1.473554917061394,0.0005492794963730674,1,1
174,fd7563ae,a95d8e5d,7,true,true,,,55.7385201535555,51.26621831512041,4.4723018384350866,win,-0.4437875000511591,0.5494778462629295,1.9973544973544932,0.17181558860742463,0.391746627285249,-2.6645352591003757e-15,1,1
175,9c0d0bba,90d3fd8f,8,true,true,,,57.884809365076165,52.055148107208936,5.8296612578672296,win,-0.03737793642888598,3.552713678800501e-15,1.6170634920634948,0.7596509730163117,1.3288941317601672,0,1,1
176,c3738146,a2d356a6,10,true,true,,,55.9982782376514,47.984650298695925,8.013627938955473,win,0.27471339711028353,-1.7763568394002505e-15,2.685185185185193,-0.4099157998269103,2.484513128569513,-2.6645352591003757e-15,1,1
177,3789b90e,8f9304d4,11,true,true,,,53.60800396727782,45.946128884498556,7.661875082779261,win,0.3382517426364413,-0.004592652884282344,2.325108209234866,0.33492966098611543,1.6776250111307576,-0.0091853057685638,1,1
178,e12441ba,b11b3e49,7,true,true,,,54.897466258838364,49.962951891784826,4.934514367053538,win,0.3431930170195663,0.9275594655660253,1.4285714285714306,-0.5714137735683531,0.547063527440379,0,1,1
179,90387fa4,f55ba42f,11,true,true,,,59.24147305595284,55.539020901980784,3.702452153972054,win,-0.07087295483490852,-0.0021398519578941233,1.0028159363418059,0.3541517847415738,1.1216026166948483,-0.004279703915785582,1,1
180,cd8e38f2,ca616b2f,11,true,true,,,54.75312405111889,54.52919785516089,0.22392619595800056,win,-0.3022166789393408,0,1.8181818181818175,-2.0916582488586197,0.8619694986982491,8.881784197001252e-16,1,1
181,d598acf8,c93cdebd,7,true,true,,,58.28595018053487,55.108024810694104,3.1779253698407643,win,-0.1283174178067754,-0.0012092263099834355,1.3355252258325176,-0.27898341375618063,1.1689630354070202,-0.0024184526199695355,1,1
182,c4c95672,3979a742,7,true,true,,,53.85638908011347,54.02783188734837,-0.17144280723489658,reversal,0.11529523855465307,-0.0034660742133425515,1.191672658447179,-2.245486068221009,0.9076180936361258,-0.006932148426688656,-1,-1
183,8056cc41,338e5e86,11,true,true,,,55.2699114879495,51.91092017008411,3.3589913178653887,win,0.06796741884558832,-0.00867425675344613,1.2648427627623464,-0.5023009387538666,1.3734063836759374,-0.017348513506894037,1,1
184,9d78ebf6,abbbc531,11,true,true,,,56.52562206314728,51.233107543995516,5.292514519151766,win,0.27501517931303576,3.552713678800501e-15,1.8737373737373773,0.3015653983882718,0.6357540108735726,6.217248937900877e-15,1,1
185,03e96cd3,1fc938d6,13,true,true,,,57.679800436577224,49.96501451278597,7.714785923791254,win,0.19328955143041116,0.00006394900940787096,1.6204537435268067,0.7492118937957617,2.3666284848174177,0.00012789801881574192,1,1
186,639aa9c8,b6c869b6,8,true,true,,,56.548945372619634,50.76420053838405,5.784744834235582,win,0.07368690982928694,-1.7763568394002505e-15,1.9047619047619078,1.2151373026272756,0.15714294132791196,-8.881784197001252e-16,1,1
187,2f360c5c,e5fbcf83,10,true,true,,,56.009860279341524,51.88785671448954,4.122003564851987,win,-0.18612109571597157,0,1.7283950617283939,0.33418285205188347,0.6794491857962432,1.7763568394002505e-15,1,1
188,1e16ac0a,a29ecca6,7,true,true,,,56.75505764676453,50.73642239496303,6.0186352518014985,win,0.3333072703686595,-1.7763568394002505e-15,1.3359788359788327,1.2878270200436397,0.5673754318770357,0,1,1
189,79211468,b8269b1c,10,true,true,,,62.44584907374126,54.9629418876107,7.482907186130561,win,0.39105800817224257,-1.7763568394002505e-15,1.3765432098765435,0.9176058368763291,1.9780188000467085,-4.440892098500626e-15,1,1
190,3ecebc57,7253eb63,13,true,true,,,55.14860058592403,51.550872749794806,3.5977278361292235,win,0.4662392831631168,-0.0017162272529525069,1.410212672951305,0.06213494772778816,-0.03157316167756541,-0.0034324545059050138,1,1
191,aba7f4eb,ab91e388,11,true,true,,,57.44962675301353,55.594492469704136,1.855134283309397,win,-0.002596416387302014,-0.007557956976745217,1.0091100769725418,-0.8210992964889403,1.0992459620389141,-0.015115913953490434,1,1
192,5e6d4649,41e858b0,10,true,true,,,54.49123449252362,51.14040920813441,3.3508252843892095,win,0.07534218552311245,1.7763568394002505e-15,1.4197530864197532,0.5112697006672278,-0.14454258697365407,7.993605777301127e-15,1,1
193,e18307a8,d7e19f10,8,true,true,,,54.94680067807661,51.47388130066973,3.472919377406882,win,-0.4396299042603755,-2.6645352591003757e-15,1.696428571428572,0.47815471832772527,0.4778078803413841,-4.440892098500626e-15,1,1
194,da276a9b,f03d6a16,7,true,true,,,59.413252679364994,55.63931290897057,3.7739397703944277,win,-0.2512362629566578,0,1.9973544973545012,-0.2503127017315503,0.8989334800820279,1.7763568394002505e-15,1,1
195,0defc2ff,a59bc6c6,10,true,true,,,60.925951272038965,54.393323192222326,6.532628079816639,win,0.4603882718323722,1.7763568394002505e-15,2.1851851851851825,-0.4811052344656881,1.8199585696437213,0,1,1
196,f231b591,1de52639,7,true,true,,,59.15056456638667,51.19532635715879,7.955238209227879,win,0.33226541924927666,0.4958829262809328,1.4814814814814818,1.2887146338739761,1.082626634432927,0,1,1
197,9be10d6f,f3b61851,8,true,true,,,53.89281599724164,47.23436377973662,6.6584522175050225,win,0.33007862000260135,-0.04615346100145512,1.622032347234832,1.2079204352654633,0.9095581724005202,-0.09230692200290935,1,1
198,b92e8f5b,c8018711,10,true,true,,,54.408506552115256,54.37071037041224,0.03779618170301546,win,-0.38765643683596407,0.00016219986071597248,1.7469103815642786,-1.447071909888531,0.15358064336335175,0.00032439972143194495,-1,1
199,f1e6c44f,6f1380d1,10,true,true,,,57.715214304856,52.49882619154348,5.216388113312519,win,0.21621051071594488,1.7763568394002505e-15,1.2098765432098793,-0.028433119400618878,1.9743129087620837,2.6645352591003757e-15,1,1
200,fcc8c441,645ae486,9,true,true,,,56.713287399739215,55.461553284008964,1.251734115730251,win,-0.28495642365153273,0.22870478999755584,1.2962962962962976,-0.22797548688224456,-0.3727549285716858,-8.881784197001252e-16,1,1
201,20af8297,e3000d09,12,true,true,,,56.24548158307992,52.925731932637575,3.319749650442347,win,-0.10493418940614285,0,0.9722222222222232,-0.03489526947383492,1.4120253440546602,-1.7763568394002505e-15,1,1
202,730dcc54,cfbb3458,9,true,true,,,57.33674361944224,52.93399060952442,4.4027530099178165,win,0.1829362959678189,1.7763568394002505e-15,1.3657407407407396,-0.22615438133487498,1.4588762531729307,1.7763568394002505e-15,1,1
203,ffc8af34,23226627,8,true,true,,,58.00664102619918,54.085824383584004,3.920816642615179,win,-0.09579929287020095,0,1.458333333333333,0.7121752236149161,0.26561449611529575,-8.881784197001252e-16,1,1
204,8bec72e2,6ce97074,9,true,true,,,57.84767270765654,51.9092555125041,5.938417195152439,win,0.07950239054081831,-0.004483380981334051,2.8506109004029954,-0.6975983794654965,1.4059424955348376,-0.008966761962662773,1,1
205,5993da4d,cc1ba726,8,true,true,,,56.960243808651384,50.14315902285192,6.817084785799466,win,0.1429628015789306,1.0897324243523734,1.7954510084216055,-0.31999068935457853,1.2458489596062217,0.00019778806358417,1,1
206,e8bf53a6,4b11df6d,9,true,true,,,55.6617566031366,50.91475816728146,4.74699843585514,win,0.32355071812548575,-0.0010047566312181289,1.9198428260644071,-0.7711785532573341,1.4281946567283108,-0.0020095132624344814,1,1
207,7a97b851,c95b6dd9,10,true,true,,,58.96780123416386,55.20097779547672,3.7668234386871404,win,-0.13806813292357534,0,2.456790123456792,0.052546458570308374,-0.2861721039339491,-2.6645352591003757e-15,1,1
208,fdc5ad25,a8fe58d0,10,true,true,,,57.457276591336004,55.415791991821976,2.0414845995140283,win,-0.09346289814589515,-0.012488391376944463,0.989019678973655,0.36659265775667915,-0.05258360681786911,-0.02497678275389248,1,1
209,004dcb9e,c4dd2cbd,8,true,true,,,57.11297544732921,52.91287569854284,4.200099748786371,win,0.25897332229533077,0,1.845238095238095,-0.13407026520897425,0.4257229789579835,0,1,1
210,ea47e143,8eac4d33,7,true,true,,,58.24260637122883,52.80817535493295,5.434431016295882,win,-0.02965093169321853,5.329070518200751e-15,1.0449735449735362,2.371822984038915,-0.23283530830277144,8.881784197001252e-15,1,1
211,7f75f5aa,53682668,8,true,true,,,53.27621725521176,47.59452900369786,5.681688251513904,win,0.49015357268862014,-0.0016540821962944818,1.5872978153383368,1.0384955912506832,0.03478923789547217,-0.0033081643925880755,1,1
212,1147f863,3cb63651,13,true,true,,,55.97631904429528,49.12503136203856,6.851287682256718,win,0.5128750812365586,-1.7763568394002505e-15,2.4715099715099713,0.2525287531816751,0.6726663894745597,-3.552713678800501e-15,1,1
213,6ad73a52,0c3af5da,9,true,true,,,56.625591463287435,55.160843622680495,1.4647478406069396,win,-0.045921237551246996,0,1.4351851851851798,-0.9016256305387476,0.38854806763381244,-1.7763568394002505e-15,1,1
214,e2c55df4,139e3268,15,true,true,,,54.98816664156245,51.209408363653694,3.778758277908757,win,-0.1461915584437128,0,2.190476190476187,-0.2467039345847093,0.46546630343373074,8.881784197001252e-16,1,1
215,28438ce6,52862192,12,true,true,,,56.57192684525714,52.11059046798184,4.461336377275302,win,0.39375029470347367,-0.0008340537702729023,2.0456135664084725,-0.8509152437006868,1.0284132525094032,-0.0016681075405493573,1,1
216,90aca2af,44d9a0e4,8,true,true,,,58.58106616963831,50.870911144480075,7.710155025158237,win,-0.17993978669627397,0,2.4801587301587276,1.3337127465468797,1.1084966733005714,8.881784197001252e-16,1,1
217,f5943961,ba178788,12,true,true,,,57.57587069045785,51.49441756473494,6.081453125722909,win,0.1902956364914794,-0.007505754459001146,1.4778347775780052,0.6037626641970899,1.5412980131663465,-0.015011508918002292,1,1
218,76a91b6c,cc35a90a,9,true,true,,,56.41338752555677,50.522137663752545,5.891249861804226,win,0.15415071805448655,-0.01186018968681335,1.728735272539378,1.3806814383010906,0.1662679407272627,-0.023720379373628475,1,1
219,12d8a9aa,e024989e,12,true,true,,,61.34791384799249,56.28909397569952,5.058819872292965,win,-0.17450983044318624,0,1.4015151515151523,0.2596970456892711,1.8916564458265839,0,1,1
220,31b6ed6c,9db056d1,14,true,true,,,58.836129485318835,52.52357967164039,6.312549813678444,win,-0.29725212337557383,-0.00898075561728362,1.7417059127398478,0.18312065698934976,2.705599461180154,-0.017961511234565464,1,1
221,1474be0a,e962a2e5,13,true,true,,,55.80259144433131,51.01214834934063,4.790443094990685,win,-0.02547181795529374,0.005427079231873577,1.9296354869912813,-0.16963024739981591,1.258194606734281,0.010854158463750707,1,1
222,49c5f698,f5d62788,12,true,true,,,55.255043865622085,46.40298146099198,8.852062404630104,win,-0.19943945922957296,1.1568016097175438,1.8425593478844622,-0.1156135656661963,2.924389823505102,-0.00050023465256821,1,1
223,8f33c005,6c3c63fb,7,true,true,,,50.67167178472236,46.19520593610019,4.476465848622176,win,0.37357607884968247,0.14092869526269425,1.812169312169317,0.1592688518797507,-0.09198226891898464,0,1,1
224,693e27c5,133c865a,13,true,true,,,57.10294928432728,53.29856990345479,3.80437938087249,win,-0.042248148688228016,1.7763568394002505e-15,1.3390313390313366,-0.11321442562674644,1.2798410301263985,1.7763568394002505e-15,1,1
225,426adeec,8b403bad,12,true,true,,,57.34893972275424,52.628185316410864,4.720754406343374,win,0.2516624705560857,0.001275795210522901,1.3786046329718014,-0.21007482932070776,1.5417549942209767,0.002551590421045802,1,1
226,f3587ff0,c6d68d0d,9,true,true,,,56.886254909341005,50.31668636293399,6.569568546407012,win,0.039721310002700516,0.25325998934072125,1.597222222222225,0.8878115076682223,1.2416902282414348,2.6645352591003757e-15,1,1
227,958fb42d,a35aeb85,10,true,true,,,56.79064381755747,51.788375098917285,5.002268718640188,win,-0.1884279103658959,-0.00986664846800167,1.8318191034237055,0.4440855365636134,1.0978156097245249,-0.01973329693600423,1,1
228,ccf96fcb,c38a6d7e,8,true,true,,,62.167713273125926,56.133878780818485,6.033834492307442,win,0.10839090868461554,-0.0005724253382179967,2.293747426356205,-1.104444313650939,2.668667121026279,-0.0011448506764351052,1,1
229,33f9cccb,679d97a5,8,true,true,,,59.30345163588602,56.46505550726558,2.838396128620438,win,0.10652158736199002,0,1.95436507936508,-1.1803567849512957,0.8208869928976954,0,1,1
230,62371b6a,9c6590e2,13,true,true,,,58.771867985122874,51.45339771704101,7.318470268081867,win,-0.15384738271004572,0,1.7592592592592613,1.0826122626060908,2.046320664974857,0,1,1
231,e1442f88,a6520ecc,9,true,true,,,53.24783999455616,47.87193134792468,5.37590864663148,win,-0.11643752125271667,0,1.0416666666666634,1.2050229366225524,1.3308264607277298,0,1,1
232,331acc01,386f5fae,9,true,true,,,57.74717494526483,57.22831630169661,0.5188586435682225,win,0.40289096194552876,0,1.3888888888888857,-1.3938576016374675,-0.3918708037047294,3.552713678800501e-15,1,1
233,4f2847d7,4fed8e7d,11,true,true,,,60.59213062707373,54.403663219786154,6.188467407287575,win,-0.026746259326233313,-0.0005826054290309912,1.6265368623070682,-0.22636784598974558,2.801919461707593,-0.0011652108580628706,1,1
234,89dc38d3,368eb537,11,true,true,,,55.70640489736736,50.2624004971736,5.444004400193755,win,0.41397059887181964,0.0022838838328205213,1.7263036769133606,0.4787603698348457,0.486011952349112,0.004567767665641931,1,1
235,e733b686,fa246741,8,true,true,,,58.10007029855903,51.65965725357063,6.440413044988404,win,-0.28522841409159305,0,2.0833333333333393,0.7243217712296293,1.6225104820791234,0,1,1
236,3c8fcfaa,aa4239df,9,true,true,,,58.15622741134071,51.19808489237066,6.95814251897005,win,0.4364094790409463,-1.7763568394002505e-15,1.9212962962962976,0.2661856391739539,1.59679731346346,-8.881784197001252e-16,1,1
237,95fba4ad,dbc6dff6,12,true,true,,,54.77136681303029,53.58046712762836,1.1908996854019307,win,-0.5536027062053035,-0.0005159531744158841,2.3726772384057697,-0.13931563333940922,-1.172031308949891,-0.0010319063488317681,1,1
238,7e8b6a92,63fe58df,8,true,true,,,59.725376290569045,49.951060637914466,9.774315652654579,win,0.06248647311048172,-0.00016021943907240654,2.0337353232699362,0.9796581572522278,3.290853481698817,-0.0003204388781483658,1,1
239,7cdc17ae,3a7c5271,10,true,true,,,56.36733252005271,55.84421772369503,0.5231147963576817,win,0.08859663510649751,-0.001017292362654132,0.7903186983681945,-1.045151236690809,0.5004076972179803,-0.0020345847253073757,1,1
240,6357609e,e2803e69,9,true,true,,,55.66427200695013,50.13330352108027,5.530968485869856,win,0.011932178822143147,1.249319476230431,1.6666666666666528,-0.517825422845525,0.6794197416878855,-1.5987211554602254e-14,1,1
241,f825cee2,7f07afea,9,true,true,,,54.8896162444069,48.10875634523206,6.7808598991748426,win,0.32304143965847976,0.29023194362703997,0.7175925925925961,1.0659505917662173,1.8226662463452032,-3.552713678800501e-15,1,1
242,d960d767,e6529d56,8,true,true,,,56.25542398305421,50.663543483841494,5.591880499212714,win,-0.19392005360909748,0.9059158965560172,1.875,-0.4221125228997584,1.1858772725487077,0,1,1
243,96a4d4cf,5076e5cf,13,true,true,,,56.09894059484777,51.28287554301644,4.81606505183133,win,0.10402989620257586,0,2.0619658119658126,0.2788517897249063,0.34081314209198865,1.3322676295501878e-15,1,1
244,00e4c8dc,220b5fd0,9,true,true,,,56.93937042112224,50.31718829246237,6.6221821286598725,win,0.02605992080269437,-0.0012560405448969192,1.875681091648561,1.3215281631634959,0.7741531906393169,-0.002512081089797391,1,1
245,78fc932c,da58f54c,11,true,true,,,56.17775918548213,49.91976695730982,6.257992228172313,win,0.033660078008336036,-1.7763568394002505e-15,1.888888888888891,0.9775472181755163,0.8969414998774337,-2.6645352591003757e-15,1,1
246,b488c333,1453e7db,10,true,true,,,57.751790491117305,52.32995781209649,5.421832679020817,win,0.3126723861601173,-0.026659500619695464,1.8997971638151991,0.5722256211767593,0.3768874559666262,-0.05331900123938915,1,1
247,2b92c6c7,53585199,10,true,true,,,55.67574210190208,49.059421845336935,6.616320256565146,win,0.3890792221959467,0,2.580246913580264,0.11564338911543448,0.7288913675959741,1.7763568394002505e-15,1,1
248,3a0e7d56,da39bc20,9,true,true,,,58.92110382689588,52.86853301356715,6.052570813328728,win,-0.13228964636145868,0,0.9953703703703685,0.9027062588203059,2.3043675365797665,0,1,1
249,7f9014b2,31751389,12,true,true,,,54.38696556941558,50.60401211391843,3.7829534554971502,win,-0.07385075062625956,0,1.6161616161616186,0.37736220347861593,0.33371476676953904,-2.6645352591003757e-15,1,1
250,b6167f49,1dd09836,8,true,true,,,56.8390698957664,52.0252778775862,4.813792018180202,win,-0.26187723331418544,0.0035597484122931178,2.0971757683639423,0.0681576596181026,1.15469539158069,0.007119496824589788,1,1
251,48f8d7da,7d619d9a,12,true,true,,,57.85524447766068,52.37614486580298,5.4790996118577056,win,0.23407206060233454,-1.7763568394002505e-15,1.3888888888888822,0.2784164054501881,1.5193322492248136,-1.7763568394002505e-15,1,1
252,b1060df1,a5b30dcd,7,true,true,,,56.75070213786486,52.93797387486868,3.812728262996181,win,0.021260593005537842,0.37780385278431083,1.7195767195767164,-0.48891161865301314,0.5757766602754177,-1.7763568394002505e-15,1,1
253,294001e8,289f86fb,9,true,true,,,54.791638875718704,49.16332661055107,5.6283122651676365,win,0.08810050507741218,0.5572341791452384,0.9953703703703694,0.4440421212328314,1.356335609660655,8.881784197001252e-16,1,1
254,b3c88cb7,2dcc1ae7,9,true,true,,,55.27841160026217,51.19546441949961,4.0829471807625595,win,0.13472722655908909,1.207279286696851,0.6222116546090444,-0.6237230266979266,0.9969400661407706,-0.02687432575856441,1,1
255,d79e4bfa,112ebe92,8,true,true,,,60.849715425845744,52.88723542270385,7.962480003141891,win,0.14913952966651056,-0.008070456803549675,1.5625847600423404,2.0184969719292827,1.1409379283548287,-0.01614091360710468,1,1
256,b8efa045,7f1a04f1,7,true,true,,,55.15559919635482,53.31343318747773,1.8421660088770935,win,-0.134884917951257,-1.7763568394002505e-15,1.7592592592592569,-0.4115494394371728,-0.22480950980594372,-1.7763568394002505e-15,1,1
257,8b26c995,3476f54b,11,true,true,,,52.81620940118024,48.256339234065216,4.559870167115022,win,0.03815486518462885,0.00000450302966026328,1.7778220417047548,0.29949097855198303,0.6115045621432493,0.000009006059319194293,1,1
258,12d1b521,f0252f1e,8,true,true,,,58.477995690707665,53.992274054760365,4.4857216359473,win,0.16474997108246336,0,1.6666666666666687,0.2591893403874286,0.5434990441165164,2.6645352591003757e-15,1,1
259,d29e2495,e6f4c464,11,true,true,,,57.39150340283631,50.04950758410715,7.34199581872916,win,0.3912212122959293,0.00010121933863338484,2.119637953009202,0.5129634824993969,1.3867695617345719,0.0002024386772658815,1,1
260,2ccaa7a9,35a8295d,11,true,true,,,52.43842344897425,49.908416162937826,2.5300072860364224,win,-0.22533031571939732,0,1.777777777777784,0.19329045097265407,-0.33892744335988034,0,1,1
261,de9869a1,3aabe011,9,true,true,,,60.40447990900471,55.39439412084258,5.010085788162137,win,-0.08560140521849391,3.552713678800501e-15,1.5509259259259291,0.16221637694140334,1.6295616440744256,4.440892098500626e-15,1,1
262,72676438,f747ed8b,13,true,true,,,58.047398854947154,50.245378894923796,7.802019960023358,win,0.1798686931851985,-0.07885495600375503,2.1374616028972575,-0.05289464726453197,3.00446818793778,-0.15770991200751006,1,1
263,295e020e,baaa5c31,8,true,true,,,59.45070627824762,54.84076542271612,4.609940855531505,win,0.38232320039332546,-3.552713678800501e-15,1.4087301587301537,0.01900884492081012,0.9181823732018746,-5.329070518200751e-15,1,1
264,7105c190,e3187179,7,true,true,,,56.49654209401156,50.60169720838189,5.8948448856296665,win,0.18808983274105406,-0.0005681446480156893,1.3352895371808957,-0.598770391778217,3.077431983746117,-0.001136289296033155,1,1
265,72fffdcf,fcb7b4c4,8,true,true,,,59.4148752753721,55.515827795427484,3.8990474799446133,win,0.3563572955432761,-0.029521018504148344,1.156291040342662,-0.703211718624245,1.7562131007222002,-0.0590420370082958,1,1
266,d0ce1a1b,d353ed15,9,true,true,,,58.30098471748595,52.28666400021754,6.014320717268411,win,-0.03127272607021503,0,1.9444444444444446,-0.034745353233075704,2.0137008470170894,0,1,1
267,c027adc7,2f4202a0,13,true,true,,,60.12522446298433,51.51783397778077,8.60739048520356,win,0.021678399072009746,0,2.0156695156695106,1.0596760080757166,2.407257834461986,-2.6645352591003757e-15,1,1
268,31df10b3,d9d586f7,11,true,true,,,57.573863817328984,52.22323459460789,5.350629222721096,win,0.3757998727132561,0,1.7070707070707138,0.10335814061368964,0.981346843990659,-1.7763568394002505e-15,1,1
269,b14f5506,80920cfc,8,true,true,,,59.805992867254375,54.987086948580256,4.818905918674119,win,-0.22768867333195875,0.4731350738414415,1.825396825396826,0.03615136665580909,0.8049063082811623,-2.6645352591003757e-15,1,1
270,a4b2065d,088d6f5e,10,true,true,,,57.24914374589342,52.68043961341224,4.56870413248118,win,0.33924671833521014,-2.6645352591003757e-15,2.0185185185185173,0.05800674919955462,0.09725044094473656,-1.7763568394002505e-15,1,1
271,2f6e80b5,ce841edc,12,true,true,,,58.49224768279175,50.58304238823571,7.909205294556038,win,-0.17290012007765565,0.0011627970679155553,1.9060992317127354,0.41071867996844524,3.161718454265177,0.0023255941358311105,1,1
272,6fa03551,e4f96294,7,true,true,,,52.71986333465585,47.64856854524267,5.07129478941318,win,0.1697972777962813,1.3091265246910524,1.0978835978836,-0.464750487251262,0.673879153915462,-2.6645352591003757e-15,1,1
273,c3cf4a49,13ee5e29,8,true,true,,,54.91291759315504,48.44916685005879,6.463750743096256,win,0.5010987273162173,0.30720968009214467,1.0912698412698507,0.4475888273741857,1.537321502412739,-1.7763568394002505e-15,1,1
274,5881523f,d18b6d5a,8,true,true,,,59.55169054265501,50.53442530735144,9.017265235303569,win,0.15672611451780316,-2.6645352591003757e-15,2.4503968253968242,1.9547789849558672,0.7910692372240824,-5.329070518200751e-15,1,1
275,54237e05,14c7d763,5,true,true,,,56.787097830328825,53.266163327251235,3.5209345030775907,win,-0.3888386504593506,0.003802148554591156,2.6845211102081374,-1.0586409127663092,1.0212985097570417,0.007604297109180536,1,1
276,5fe9b77e,97e68113,10,true,true,,,58.32996757935935,51.636809287225134,6.693158292134214,win,0.07952338356779243,0.5277966719960236,2.1666666666666607,0.05399267942879327,1.1392550003187711,-7.993605777301127e-15,1,1
277,265ef3e2,735621b2,8,true,true,,,58.40425686545407,55.70447150334782,2.6997853621062546,win,0.3344708002781325,0,1.9543650793650782,0.22146592833696666,-1.4152648284585139,2.6645352591003757e-15,1,1
278,1de1bf5f,896c9f2a,13,true,true,,,57.153420477513336,52.228412366303196,4.92500811121014,win,0.294650619180604,-0.004335660636735739,1.7570531107690783,-0.5305026540553621,1.536069536560567,-0.008671321273471477,1,1
279,4a94ff6d,8bdf304b,10,true,true,,,55.47092879865501,50.333968548334695,5.136960250320314,win,0.3388279424605296,0,1.8148148148148149,0.1046254373781137,0.7374720671636252,8.881784197001252e-16,1,1
280,6c97afd3,b4590972,7,true,true,,,59.41389527443044,52.97376776133213,6.440127513098311,win,0.2591242473223141,0.4144173639682496,0.9523240643434026,1.1205171116619317,1.106149979785874,0.000045406461790520325,1,1
281,426a2209,3ad4c1b0,10,true,true,,,58.181627978625414,50.288900776647765,7.8927272019776495,win,0.5817905457762307,-3.552713678800501e-15,1.51851851851852,0.9865583641711817,1.6920051786175225,-6.217248937900877e-15,1,1
282,2a0365c6,eaa21d67,10,true,true,,,55.74619382508863,48.42854995861009,7.317643866478541,win,0.074944660162652,-0.001661783709511866,2.4505835571877492,0.25464781915655,1.7825559671870108,-0.0033235674190263964,1,1
283,80c0154e,191f86dd,6,true,true,,,53.90876393432306,51.60109740319128,2.3076665311317797,win,-0.299181668921473,0.6800639693622719,2.3333333333333215,-1.811831604613336,0.36296845383012855,-7.105427357601002e-15,1,1
284,e2173b1d,7c62b146,10,true,true,,,57.65585621415096,53.516676674311995,4.139179539838963,win,0.1099135519048442,-0.0006572460516842682,1.2716089365644967,0.876797047520931,0.13169224837237348,-0.0013144921033632073,1,1
285,0a2ea39f,4de8f3c7,10,true,true,,,54.79297797329594,50.11785750485012,4.675120468445819,win,0.17991944183179154,0,1.6851851851851851,0.173277911536319,0.7429636452807307,0,1,1
286,0cceebf6,aa3469d0,10,true,true,,,54.839089139441455,50.339214855120424,4.499874284321031,win,0.35183076275655956,0.000058983519412691976,1.6048859614720623,-0.29316466826628673,1.014952044791709,0.00011796703882183124,1,1
287,eb268fe4,458c8d90,9,true,true,,,57.10888189824826,50.22482757226035,6.884054325987904,win,0.6811085871381963,-0.0004537251476577353,1.3578007406914203,0.8735280560892482,1.1269098836701206,-0.0009074502953154706,1,1
288,2be09a2b,e2dbe312,11,true,true,,,55.20477876181839,50.291368330737036,4.913410431081353,win,0.5497113101956264,0,1.1969696969696937,0.39186199340299677,0.683085218604961,2.6645352591003757e-15,1,1
289,c54511a5,e7d825f1,9,true,true,,,56.10951375585543,49.56417696938294,6.54533678647249,win,-0.27682286905782405,0.4275486549422487,2.0601851851851833,0.17687149188892803,1.761048110762638,6.217248937900877e-15,1,1
290,c22728d6,8e6f91d6,4,true,true,,,64.61190103508771,57.93120300382433,6.680698031263383,win,0.3284369274230059,-0.45578270514235086,1.8518518518518663,0.8827117364504122,1.5742772290905465,1.7763568394002505e-14,1,1
291,13609a50,1bca1858,11,true,true,,,57.00964516957186,52.48927130323103,4.520373866340833,win,-0.20756654230973215,1.7763568394002505e-15,1.7777777777777812,-0.16478659412909202,1.571837509229506,8.881784197001252e-16,1,1
292,8cb74dcb,4ab4a4d5,8,true,true,,,56.21903896447929,50.40877306063283,5.810265903846457,win,0.3739237098937329,0.0004144578358609152,1.6174328431583787,0.8097064187168952,0.5645397236137413,0.0008289156717191659,1,1
293,31faed9a,2c0a1c57,9,true,true,,,56.11443705340547,50.02976497942244,6.084672073983029,win,-0.0949700427646234,8.881784197001252e-16,2.1759259259259185,1.212513378971761,0.3049111684790491,8.881784197001252e-16,1,1
294,7b69396a,7f1aa6ca,10,true,true,,,57.18534387446609,50.290651603739775,6.894692270726317,win,0.22529396948782954,0.00030985003119710086,1.834047580362876,-0.3737450986792563,2.81638430333667,0.0006197000623959781,1,1
295,1c717f4c,21f52a42,9,true,true,,,55.64212589842343,52.68380231138053,2.958323587042898,win,0.15711380452458346,0,1.8518518518518472,-1.2436365456542715,1.0422962290065811,0,1,1
296,050db810,af663038,11,true,true,,,55.889871118263514,54.25141084078135,1.6384602774821673,win,-0.31167017453223655,0,1.5151515151515165,-0.18101642265523044,-0.045635992884302645,0,1,1
297,831bdd45,317bb87c,10,true,true,,,55.58197114772152,50.19646496938297,5.385506178338545,win,-0.0005417080336380664,0,1.7901234567901234,1.2554079514762906,0.08394126541110492,-3.552713678800501e-15,1,1
298,79b40bbe,9757afe3,9,true,true,,,62.012327222631455,53.82951157768844,8.182815644943013,win,0.28696925141889906,0,1.2268518518518423,1.3945171361676945,2.2798807586636842,-1.7763568394002505e-15,1,1
299,44bc872a,0b61c3ad,8,true,true,,,55.96526079147427,49.24588965724479,6.719371134229483,win,0.07987314120282596,-0.0038874841308551566,2.3726139479483943,0.7668257817549202,0.7960514099351244,-0.007774968261713866,1,1
300,d2b82df8,48844e59,8,true,true,,,54.676892927330194,53.402366421893944,1.2745265054362491,win,-0.34961207960263163,0.000016652527378369086,0.9623015615380561,-0.6747137976267448,1.098855219148784,0.000033305054754961816,1,1
301,6bbb6098,b5f70ddb,12,true,true,,,55.19691208104901,51.129179432880036,4.06773264816897,win,0.2761245215590653,0.25474609145308325,2.0328282828282784,-0.3880625481418347,-0.016886712245090862,0,1,1
302,e777f904,ddd44f1f,5,true,true,,,55.854830894338356,50.79075173212753,5.064079162210824,win,0.05395989645342247,1.0769965201336102,1.3333333333333321,-0.22226170814395108,0.5926807881041576,0,1,1
303,1bc045fe,e032f206,12,true,true,,,59.67929952477366,54.47849024938459,5.200809275389069,win,0.018370784594846867,0,1.7676767676767602,0.7430773733866278,0.5842399085814121,2.6645352591003757e-15,1,1
304,04998bda,c604eeca,12,true,true,,,56.2898271331145,48.32682066017429,7.963006472940208,win,-0.4801887963872793,0.8664577034591163,1.8433909324640823,1.3689705361093791,1.3047873797735887,-0.0012962218228560474,1,1
305,bf903dcb,8290b217,7,true,true,,,55.54204898102773,50.18552882862295,5.356520152404784,win,0.024524181333987816,0.3321763042116501,2.0899470899470947,1.0051260255868257,-0.564751629483534,3.552713678800501e-15,1,1
306,3a2f062e,914a5be4,9,true,true,,,55.17072847376727,50.30689247364389,4.863836000123378,win,0.21727072360140642,0.0000011041251042342992,1.85187721743345,-0.23897409979467632,1.1153038165469464,0.000002208250209356777,1,1
307,eb5e97b5,7ce351ba,9,true,true,,,55.257808954008155,51.04440565456756,4.213403299440593,win,-0.02676383812442351,0,1.921296296296302,-0.35127177756903016,1.0820201983540363,3.552713678800501e-15,1,1
308,e95fbb9b,cd71d262,9,true,true,,,53.159329755720314,49.978259758115584,3.1810699976047303,win,0.14063342124749978,-0.000007498947310224935,1.7824073747874083,-0.298295029679589,0.14776158034925313,-0.000014997894616008978,1,1
309,b66c546c,29dcf8c6,11,true,true,,,57.2238159089748,52.61629257268365,4.607523336291152,win,-0.17484235162946948,0,2.1767676767676756,-0.29218936110151095,1.209926220620801,0,1,1
310,916e1121,c3b3717d,11,true,true,,,58.04705756244964,52.20833221080091,5.838725351648726,win,0.0937067080057159,0,1.833333333333334,0.1438809610879943,1.5985705212559234,-2.6645352591003757e-15,1,1
311,da99cb5b,a64853dc,9,true,true,,,58.91179433720292,52.541372848498526,6.370421488704395,win,-0.04057178510267612,1.287334288774562,1.967592592592597,-0.4360015657118792,0.8359794922206341,-3.552713678800501e-15,1,1
312,773472d2,7cc1eec5,15,true,true,,,56.79077785521236,50.826801054414446,5.963976800797916,win,-0.1476024556401887,-0.01744588604401187,1.8878979427411897,0.49511332527997,1.6352354378759069,-0.034891772088021966,1,1
313,bf2d8111,d1a46217,9,true,true,,,59.91944994401301,54.720895083872236,5.198554860140774,win,0.0237137602666464,-3.552713678800501e-15,1.3657407407407387,-0.03632030776407191,2.083805941711949,-2.6645352591003757e-15,1,1
314,7c6a1b31,e0940774,4,true,true,,,58.17287507766741,54.43633376250759,3.736541315159826,win,0.5539565830154647,-8.881784197001252e-16,1.8518518518518485,1.0456955496360942,-1.8971102248368137,-3.552713678800501e-15,1,1
315,af0ac194,0ce64420,8,true,true,,,56.29701628251064,52.539104841508234,3.757911441002406,win,0.2124308251930742,-1.7763568394002505e-15,1.2500000000000018,1.6717418164517817,-1.2919617318013703,-2.6645352591003757e-15,1,1
316,3c5d8e81,176670f2,8,true,true,,,60.57702066836393,55.35927173329992,5.217748935064009,win,0.4520177011898414,0,2.3214285714285703,-0.6578590443066235,0.8870345761267968,-8.881784197001252e-16,1,1
317,6db74bde,1925710f,9,true,true,,,57.000619241825945,52.37440394472712,4.626215297098824,win,0.48920898799761847,0,1.5509259259259265,0.4783292532508323,-0.011499641636691038,0,1,1
318,d1513b4c,6724295e,10,true,true,,,60.22111422127425,52.04233133127875,8.178782889995496,win,0.10362192070934073,0.3246482586477004,1.4999999999999991,0.4877551567722982,2.864717632377462,-8.881784197001252e-16,1,1
319,7e5baf8d,f83dd03f,10,true,true,,,55.913821579687514,53.04494861119066,2.868872968496852,win,0.11390502025565241,0,1.333333333333334,0.1430083687691699,0.00527478720731267,-2.6645352591003757e-15,1,1
320,6d6f9969,a9b4c3dc,12,true,true,,,54.000379417301474,52.18155936576932,1.8188200515321569,win,-0.08517171135998236,-1.7763568394002505e-15,1.7171717171717118,-0.6042211913221784,-0.028217909493800875,-8.881784197001252e-16,1,1
321,761b4504,792b577e,11,true,true,,,55.91275237090109,54.09040397502706,1.8223483958740303,win,0.12072037494094445,-0.038868122630373314,0.9607216802290104,-1.048087226867386,1.311311833173944,-0.07773624526074485,1,1
322,e016faa6,e92bad9b,11,true,true,,,60.38001870473111,53.27596078394386,7.104057920787248,win,0.07948604422518146,0.000023655008062561933,1.4595337100951626,-0.31672828301338907,3.6453611421641243,0.00004731001612690022,1,1
323,ad750bd0,a9f9aaf4,8,true,true,,,58.522363440040635,53.814632339579774,4.707731100460862,win,0.002717878568232468,0,1.954365079365079,0.1231227821721479,0.7665449441966272,1.7763568394002505e-15,1,1
324,729f1814,6556ff44,8,true,true,,,57.84317812294164,54.567329269986786,3.2758488529548515,win,0.09228218911405639,0,2.033730158730153,0.47495228519867627,-1.0022475769458232,-2.6645352591003757e-15,1,1
325,aa7ba7ea,08823c7f,8,true,true,,,53.8953598989334,50.24241846282515,3.65294143610825,win,-0.12867709736967203,-0.1884992833851662,1.4880952380952328,0.9412695716069894,0.07620288247267393,8.881784197001252e-16,1,1
326,276ff1c6,60a22f8f,9,true,true,,,55.4340841596576,52.33371316748517,3.1003709921724294,win,-0.19927796145088084,-3.552713678800501e-15,1.5509259259259167,0.31173454466063966,0.19983876448710625,-6.217248937900877e-15,1,1
327,185e2cd0,97090185,10,true,true,,,58.058171037712505,51.657672607521434,6.400498430191071,win,-0.8157491261987646,-0.0009017707493423899,2.1647243549013497,1.9164058257267165,0.8808545898624018,-0.0018035414986821152,1,1
328,15dd653d,f9b53389,9,true,true,,,55.02377291042418,50.907284832553486,4.116488077870692,win,0.16022257150762265,0,1.8518518518518512,-0.5084864232558655,0.9868006658243451,0,1,1
329,c068498c,5a8e3bff,10,true,true,,,57.87515092358555,52.92035351285016,4.954797410735388,win,0.5637198794301934,0.001275379265431198,1.4394365465386842,-0.5957566831087036,1.5981859130392273,0.002550758530863284,1,1
330,9e7615fd,514e433d,12,true,true,,,58.482984262968635,52.90258763826658,5.580396624702054,win,0.34321843863549306,0,2.0328282828282855,0.2667064687580538,0.5694459410821064,-1.7763568394002505e-15,1,1
331,b9facfa5,2a64f5d3,10,true,true,,,54.190880481027754,48.851765044219924,5.33911543680783,win,-0.23130554179701157,-0.020376990498471415,1.8616024629760943,0.29230468808616283,1.6034593080204749,-0.040753980996942385,1,1
332,47095623,2603237e,12,true,true,,,60.75495745210206,55.97581960816717,4.77913784393489,win,0.04476024777582688,0.0002602849857904488,1.9702976139470705,0.43408523173103575,0.33930209010753387,0.0005205699715826739,1,1
333,77329b1c,9dead550,11,true,true,,,56.74122453464629,54.174622902295404,2.5666016323508885,win,-0.010363833214930729,0.0028305816698388497,0.935776327181677,-0.4260489775579588,1.2185919869837436,0.005661163339678588,1,1
334,1237ca96,9aa4619e,13,true,true,,,54.265114938952394,46.70547693261849,7.5596380063339055,win,0.4836671497949898,0.3398987173172774,1.957044751381277,0.43872659593303887,1.2054506373956055,-0.012644495605437012,1,1
335,bbc396d6,5d8114a7,13,true,true,,,56.849536374177305,51.058681181369366,5.790855192807939,win,0.1826697206483765,1.7763568394002505e-15,2.7492877492877605,-0.5121437919895371,1.0131546011285675,2.6645352591003757e-15,1,1
336,0cb45220,4a005a8b,8,true,true,,,55.19252788865879,52.7277665036293,2.4647613850294903,win,0.05002775611324939,0,1.795634920634921,0.5368168458025675,-1.3000095061830699,-1.7763568394002505e-15,1,1
337,4f897d03,17eaf5a8,9,true,true,,,60.23930707861691,53.275429952549295,6.963877126067615,win,0.2454290109533086,0,2.037037037037037,1.6244329381711449,0.06726893753188001,0,1,1
338,170260c7,a551b4c1,12,true,true,,,57.87002351510476,51.13887546993396,6.731148045170805,win,0.09705692284318879,0,2.095959595959596,0.6135568229032078,1.3250406725643185,0,1,1
339,10ddc93e,dadb57ad,11,true,true,,,56.99282152123041,51.62145853279563,5.371362988434782,win,0.35776632567005295,0.00037239416948153803,1.6247017124818406,-0.06871607276792968,1.350753990351678,0.0007447883389639642,1,1
340,f00abc5d,7ab64875,7,true,true,,,57.64416160305343,51.774740881732406,5.869420721321028,win,0.10114019355088866,0.5186487568572691,1.3359788359788585,0.6651807596321255,0.8427443522747402,1.1546319456101628e-14,1,1
341,6695715c,6ee9d029,13,true,true,,,58.9310104397464,55.13218056851636,3.7988298712300406,win,-0.20469033469260678,0,1.933760683760684,-0.08499652535002244,0.7181710395834893,-1.7763568394002505e-15,1,1
342,f96a43a7,a23bd414,6,true,true,,,58.531324476541506,50.90611168518444,7.625212791357065,win,-0.3761043552747827,0.3055254769415683,1.9444444444444464,0.9404426756624611,2.1193160330594094,-8.881784197001252e-16,1,1
343,eab93e1d,0dd6afe7,9,true,true,,,58.56861812476332,54.97231448339748,3.596303641365836,win,0.38677034317706593,0,1.921296296296294,1.39748525983069,-2.2559744774541626,0,1,1
344,9897b1a6,a7e493e9,7,true,true,,,55.73394782656679,52.6055498727371,3.1283979538296904,win,0.10876296003067498,-0.019274339225868076,1.8986420851357657,-0.5097155668328099,0.3284715613587448,-0.03854867845173349,1,1
345,a4231b0c,a5eed059,12,true,true,,,55.5597074762791,50.69573925424565,4.863968222033449,win,0.5962419558825567,-0.03316543499908953,1.8070076788289553,0.03448717782231636,0.30128333433491594,-0.06633086999817905,1,1
346,e5c49fb3,824c58b8,10,true,true,,,58.48299954158912,54.720320479834406,3.7626790617547172,win,0.07261878981250947,0,1.6666666666666696,-0.9132140653751533,1.620273339458568,8.881784197001252e-16,1,1
347,57e62930,d3c531d8,10,true,true,,,56.585378593735285,54.15109383418594,2.4342847595493424,win,-0.10636442890039488,0,2.0000000000000018,-0.5216219125514145,-0.011651658148073452,1.7763568394002505e-15,1,1
348,1c0fb584,652b8688,11,true,true,,,54.737789042061394,50.72951628436802,4.008272757693376,win,-0.2058023081271978,1.7763568394002505e-15,1.2676767676767673,0.8674178463546847,0.5747004169696499,4.440892098500626e-15,1,1
349,7fa849c7,c3eb5b06,10,true,true,,,55.8095480414479,51.35926711359525,4.450280927852646,win,0.031176415092568632,0,1.7901234567901394,0.39031018767566295,0.41103099375377017,0,1,1
350,fe111c79,d5dbc58e,10,true,true,,,59.07878464354903,52.90274162039988,6.176043023149148,win,0.09345867441887412,0.5438399446736417,1.6666666666666607,0.5165921491781944,0.7925454842916375,1.1546319456101628e-14,1,1
351,260082c1,ae5bc695,13,true,true,,,52.03247962521688,47.48490832479915,4.547571300417729,win,0.2191062928783054,1.7763568394002505e-15,1.666666666666666,0.19308394888111202,0.58192416219251,3.552713678800501e-15,1,1
352,e52afefd,c3bbe8ab,10,true,true,,,54.61986285559712,52.26569434667087,2.35416850892625,win,0.6543185825218369,-8.881784197001252e-16,1.333333333333334,-1.7379885967156339,1.0698033789417285,-8.881784197001252e-16,1,1
353,324b8e5e,b47b1a2a,11,true,true,,,59.08326624555378,51.4134350632769,7.66983118227688,win,-0.504751849624467,-0.0028288638263038735,1.682442899717433,1.488855826813344,2.497786077754091,-0.005657727652603306,1,1
354,8256fa6c,b68d94a9,8,true,true,,,56.27793190306839,52.27780753317984,4.000124369888553,win,0.08187641166968618,-1.7763568394002505e-15,2.083333333333334,-0.40325769282158763,0.5899269295494776,-3.552713678800501e-15,1,1
355,b1c5cd01,bddb3a74,5,true,true,,,63.206224646962056,51.15150357583339,12.054721071128668,win,-0.10651679317936757,1.7243203261444027,0.8582528521225941,4.212450053107932,0.22453814834767627,-0.0031327308451833957,1,1
356,bbbc15a2,2da9de2d,7,true,true,,,58.0802183944767,50.900096045782504,7.180122348694198,win,0.24356285574212855,-0.026075072438462854,1.9973507619907593,0.9810670260846903,1.1679107540056126,-0.05215014487692571,1,1
357,afd6bd95,13673f32,12,true,true,,,56.33344758062015,53.074269643842925,3.2591779367772276,win,0.34484876814106347,0,1.9949494949494948,-0.8876381729330776,0.3192505619148296,0,1,1
358,705a67c2,079fdd15,8,true,true,,,60.92534006427356,53.978572815349814,6.946767248923749,win,-0.21731021031752973,1.7763568394002505e-15,1.2996031746031758,1.271727347988767,2.249795702765163,1.7763568394002505e-15,1,1
359,1dae8cec,64a33097,10,true,true,,,57.73794513358493,52.95672258922035,4.7812225443645815,win,0.1478509075019534,-0.00013710239943165448,2.185213534251668,-0.3832652180890923,0.9053735132442791,-0.0002742047988624208,1,1
360,bf50f077,7b8cde42,13,true,true,,,53.91659527631602,50.812655941250036,3.103939335065988,win,-0.18094723349593966,-0.023783873309491277,1.984516689216128,-0.854184428851303,1.1225931274971526,-0.047567746618982554,1,1
361,e2b72a7a,8e588200,12,true,true,,,54.364393813172455,52.51687986389135,1.8475139492811081,win,0.13360376138097108,-0.042178386275372404,1.6212154724069805,0.2811858362402493,-1.223605240024285,-0.0843567725507457,1,1
362,2ecc18e4,c58448a6,7,true,true,,,55.673133632958525,52.24722098662095,3.425912646337572,win,-0.3440281033233643,0.00006233197195815166,2.182496281651577,-0.4727115499409589,0.8235220562670058,0.0001246639439171915,1,1
363,5e2c2acc,8da470dc,12,true,true,,,57.47378547252646,53.06309723264455,4.410688239881907,win,0.2701345639829271,-1.7763568394002505e-15,1.6666666666666643,-0.48857307137494743,1.2462860236030213,0,1,1
364,41b09a96,73bc4123,11,true,true,,,56.891944320752614,53.678983038769246,3.212961281983368,win,0.5769135523703086,-1.7763568394002505e-15,1.7070707070707023,0.8599942098918127,-1.9028886642553564,-7.105427357601002e-15,1,1
365,e94a4b52,b1606987,7,true,true,,,54.59786435993314,48.71768762730988,5.880176732623262,win,0.18533571203062094,0.3990662570228807,1.9973544973545003,0.3135274369278598,0.44759168458293264,8.881784197001252e-16,1,1
366,8a77663f,32508f61,7,true,true,,,56.18229753165149,47.79955123387332,8.38274629777817,win,-0.02937783799584004,0.961731555972622,0.8079684683249084,1.7200000977249195,1.6667308550962319,-0.0007957542015635255,1,1
367,e1a1c46e,96207baf,10,true,true,,,54.24432830194456,52.55413556370473,1.6901927382398299,win,-0.09292040607052865,-3.552713678800501e-15,1.1049382716049418,0.3737104103559332,-0.5178771446207273,-8.881784197001252e-15,1,1
368,8c03d736,3c71f0eb,8,true,true,,,53.80088804284708,50.75842348256468,3.042464560282397,win,0.19422729300295982,0,1.9543650793650782,-0.24782605331467877,-0.33790127396988634,0,1,1
369,377ae8e7,d1eab48b,8,true,true,,,57.50636975084525,48.52935591982841,8.97701383101684,win,0.031069317487081305,1.2429840161623371,2.033730158730153,1.0638445935973104,0.7750561995704794,1.7763568394002505e-15,1,1
370,69031e9a,aae2b18e,9,true,true,,,56.93790966248624,51.126347260020935,5.811562402465306,win,0.2679368672754636,-0.011566863928419657,2.434623166649434,0.6638254975279843,-0.12913514593409836,-0.023133727856838426,1,1
371,20aee932,f2642b52,8,true,true,,,55.43692417861509,50.46821186938688,4.968712309228209,win,0.13212034068556777,1.1537895308736577,1.4285714285714386,-0.914254576887557,1.0137056841489143,7.993605777301127e-15,1,1
372,ced9649e,fcd87e40,11,true,true,,,56.238546581148384,52.63960323125037,3.598943349898015,win,0.04079079599487789,0,2.4949494949494984,-0.6820153468266046,0.15714270936596808,0,1,1
373,07ee758b,732e31fa,12,true,true,,,56.94975017134997,52.454855751229665,4.494894420120303,win,0.11364327182687362,-8.881784197001252e-16,1.565656565656564,0.21251135176043068,0.8285840848028068,0,1,1
374,b360d267,93c8943e,10,true,true,,,56.09686367611115,53.00320305380968,3.0936606223014707,win,-0.4900171087980676,-3.552713678800501e-15,2.413580246913577,-0.17334402738190846,0.13551368639883243,-5.329070518200751e-15,1,1
375,eb672056,5db23b0a,11,true,true,,,56.53606711143924,54.40650774430813,2.129559367131108,win,-0.024954294568585667,1.7763568394002505e-15,1.3080808080808017,-0.4355461075704783,0.4390849066513365,0,1,1
376,3f66649c,843cf89f,9,true,true,,,61.293087137634494,59.57459359514719,1.7184935424873018,win,-0.15969594637481732,0,0.8564814814814818,0.05833248991174944,0.3401391464585153,0,1,1
377,41420cb3,2ad38025,5,true,true,,,62.080084077163264,55.38102676663061,6.699057310532652,win,0.5304253367522551,-7.105427357601002e-15,1.8611111111110938,1.2273990422434053,0.12452047069335048,9.769962616701378e-15,1,1
378,79d0baf4,2cab9ef6,11,true,true,,,55.50286472885614,52.56763529068373,2.9352294381724064,win,-0.04033508494193261,0.34723083668117294,1.5959595959595951,-0.4813658757842516,0.22156218196161426,8.881784197001252e-16,1,1
379,6947cdd9,ac4e808c,12,true,true,,,57.625040447975465,53.49873229598099,4.126308151994472,win,0.060195823237630286,-0.0018525860929585747,1.9917692214027864,0.18328623323783422,0.11516241346099942,-0.0037051721859127085,1,1
380,2cacb1a9,8956f9d3,13,true,true,,,54.715635058939384,50.78603733811656,3.9295977208228265,win,0.4958885824444357,-0.08136614774525608,1.5475114731264208,-0.6560242031064663,1.1214973861600166,-0.16273229549051216,1,1
381,4143f1db,f3f41291,10,true,true,,,56.43842863220205,50.818212549873664,5.620216082328383,win,0.6279464299026283,0.20866290681490263,1.413580246913587,-0.32523815225905217,1.3773643461252671,-1.7763568394002505e-14,1,1
382,b4c3e72b,3646c045,8,true,true,,,54.72400490545307,49.80787269943826,4.916132206014808,win,0.2612962591399697,0,1.5376984126984077,-0.003907417069604513,1.2062251103502781,3.552713678800501e-15,1,1
383,7e3c9e13,651b80ef,11,true,true,,,56.50708354860976,51.816683538309135,4.690400010300621,win,0.37128379123536037,1.7763568394002505e-15,2.191919191919191,-0.5140995741256766,0.6190592340980343,3.552713678800501e-15,1,1
384,d35e8701,c2f5d50c,10,true,true,,,54.85978220551576,46.98686193369621,7.872920271819545,win,0.39416061886789855,-0.021223463398692743,2.2800788255932263,0.8212204095360391,1.2447956165698884,-0.04244692679738549,1,1
385,fa4ae8eb,a5833d5f,9,true,true,,,54.476749887199034,45.80616442551441,8.670585461684624,win,-0.11504210416322325,8.881784197001252e-16,2.4768518518518494,1.573830587517322,1.4249185663363946,0,1,1
386,8d650bcf,e1cabb7e,9,true,true,,,56.775985248234605,50.72478719448384,6.051198053750767,win,0.09885065150688632,1.7763568394002505e-15,2.129629629629627,-1.0046124613803062,2.789906858354148,0,1,1
387,838ba42f,4c1a8475,12,true,true,,,58.185683223544785,54.48770758475998,3.697975638784804,win,-0.4800841197431214,-1.7763568394002505e-15,1.9570707070707005,0.0890520367159704,0.8528792733379147,-3.552713678800501e-15,1,1
388,e96a9316,72dd9c16,9,true,true,,,57.810722436695194,53.00211597538082,4.808606461314376,win,-0.0806058983312763,0.2699272832163704,1.1111111111111187,0.5222443138958255,1.2016202111954213,0,1,1
389,6aa9ee3b,09bcf7d1,8,true,true,,,56.63023689559232,52.59676325575023,4.033473639842086,win,0.191090928492327,-0.010375787500027656,1.6663282617473714,-0.8737281259260836,1.608136853305532,-0.02075157500005531,1,1
390,1033ca68,3d8629d4,8,true,true,,,53.78135987416,48.18704459926744,5.5943152748925655,win,0.18168019333340868,0.3838751051157514,1.3789682539682548,0.29714079894203405,1.1070731389715611,2.6645352591003757e-15,1,1
391,728517d5,cb4ff275,8,true,true,,,58.59871440613665,50.355971890584556,8.242742515552095,win,-0.03243011138681284,0.4361419972960796,2.4508420846367676,1.1903121254025635,0.8260794100428628,0.00018008451494821998,1,1
392,3d0eeb29,455b8268,8,true,true,,,54.70925350707316,46.137033524415244,8.572219982657913,win,-0.08403925070468166,0.41896267779243423,2.4503095656173115,0.7850526073808135,1.6920517084755513,0.0004526661617045846,1,1
393,cad0de2e,18a255d7,9,true,true,,,55.437818360215616,53.333775970643174,2.1040423895724416,win,-0.19306622350298497,1.7763568394002505e-15,1.666666666666666,-0.8286251815986541,0.7133680861270584,8.881784197001252e-16,1,1
394,b737a8e0,15313a27,8,true,true,,,55.56209125501734,51.193723270335326,4.368367984682017,win,0.10819264089806602,0.001370151773866013,1.9533572674896185,-0.5928542222186071,1.228435886146892,0.0027403035477338022,1,1
395,f7c7551d,60b440e6,8,true,true,,,56.690476556201986,55.47272403877802,1.2177525174239676,win,-0.03092160989310666,0,1.488095238095239,-0.5855285395074983,-0.28736590518612193,0,1,1
396,615bb6a1,65bc5e0b,10,true,true,,,56.09217061927251,49.758573707774296,6.333596911498212,win,-0.0562448759046541,1.1324783809432502,1.333333333333334,0.23501817619998722,1.0736710740221058,-8.881784197001252e-16,1,1
397,f3898e99,5bcf338d,11,true,true,,,52.30423919276008,48.57832168157639,3.725917511183688,win,0.035828793738993614,-0.01160984375416696,2.1202706405516922,-0.6253192675849357,0.7241745721641832,-0.023219687508333475,1,1
398,15fb58a7,cecdf2c4,9,true,true,,,58.1875334624265,53.54032023367991,4.647213228746594,win,0.1290050786024124,0,1.2962962962962967,-0.7826498992706012,2.5203187695824454,0,1,1
399,049316a4,9ce3f812,7,true,true,,,54.24941787925479,46.98962519786634,7.259792681388454,win,0.2667963385445513,1.7763568394002505e-15,2.0899470899470876,1.0171498976278892,0.9421504548361002,1.7763568394002505e-15,1,1
400,94781e66,a548486a,10,true,true,,,60.971889561090194,52.741962421629424,8.22992713946077,win,-0.047102325117037935,0,2,0.5077485026120021,2.9495969348589757,0,1,1
401,bfbea693,942b1cea,12,true,true,,,55.608976015908326,49.50990007207753,6.0990759438307975,win,0.4774183946679764,1.7763568394002505e-15,1.666666666666666,0.929702959351701,0.39425871201462126,0,1,1
402,3041295a,43b0cd85,13,true,true,,,58.48273676930632,53.3134062571079,5.169330512198421,win,0.14367690009992717,0,1.933760683760683,1.1870835356803031,-0.4246656139656917,1.7763568394002505e-15,1,1
403,c3a20585,ec7e055a,6,true,true,,,59.053692270864246,51.591635737698944,7.462056533165303,win,0.34980903543252984,-0.0370095064279532,1.961533021521154,0.12374831112567808,2.24346458988446,0.07401901285590817,1,1
404,a40b7da9,f70df24b,13,true,true,,,56.38071688644081,51.382863893283854,4.997852993156954,win,0.32984240673790577,0,2.190170940170942,-0.08725033679276262,0.38748740106757396,8.881784197001252e-16,1,1
405,8bc28058,4d9fc272,9,true,true,,,57.40860906175299,49.16005604917005,8.248553012582938,win,0.44077356789646616,-0.00026966549768658865,1.9487248329951425,0.325070958007311,2.4479626679334885,-0.0005393309953731773,1,1
406,d7052683,6b2895dc,11,true,true,,,56.49333754830849,53.37342688537946,3.11991066292903,win,-0.16788910732543672,-1.7763568394002505e-15,1.005050505050499,-0.18404154843014364,1.5097327715428417,-3.552713678800501e-15,1,1
407,93fb55fb,910fc51e,12,true,true,,,53.675087105360134,51.170796166089374,2.50429093927076,win,-0.24290279641665924,-0.01538459166081907,1.4937960968922193,0.3180060497252235,-0.06002571788286204,-0.03076918332163814,1,1
408,8d83b985,14a27110,10,true,true,,,58.35659958650411,56.022439467537865,2.3341601189662455,win,-0.26419331424897496,0,1.4567901234567913,-0.12200439165574473,0.40106093793361275,-8.881784197001252e-16,1,1
409,2b62f580,ab5d13b3,11,true,true,,,56.926403340130925,52.219226706885905,4.70717663324502,win,0.02127645467176631,0.0047451726282758955,1.553478338222682,0.5641577964001261,0.7041845027989391,0.009490345256549126,1,1
410,33e6ffb3,addabc8a,4,true,true,,,58.6214397012348,53.44351222513704,5.177927476097757,win,-0.4965850445478517,0.9537573212109027,1.2962962962963065,-0.38607561868722495,2.034650827800686,-7.105427357601002e-15,1,1
411,e59098ad,4349ca90,8,true,true,,,59.25589860575913,50.96158331409754,8.29431529166159,win,0.22093028022139105,0,2.1130952380952372,1.0481755661388563,1.7248395599099977,-1.7763568394002505e-15,1,1
412,7dbdd7e4,d059ca73,9,true,true,,,59.265554795452175,51.36333855994949,7.902216235502685,win,0.23600338836001988,0.0012302594129689481,1.6566692637801497,1.3449216589042639,1.6395879924508652,0.0024605188259378963,1,1
413,6f961465,8280642e,10,true,true,,,54.64732900595817,51.46510673489546,3.182222271062713,win,0.6790909944279229,-0.02349160694307706,1.0584579523856856,0.027825911446422325,-0.12073645907587327,-0.04698321388615323,1,1
414,f526c414,5dbb6d08,7,true,true,,,60.953781000206256,55.49205441565445,5.461726584551805,win,-0.21880413673254884,0,1.0449735449735442,1.3942451834433083,1.3248639603659127,0,1,1
415,4cbc95f0,4b5f3965,7,true,true,,,54.80919907973306,47.77231805391497,7.03688102581809,win,0.3394549629404895,-0.0092095652027826,1.6214635433428635,-0.7367522163973304,3.4985200727772723,-0.01841913040556742,1,1
416,acf9066e,97e876b1,10,true,true,,,53.246872758112104,47.311527095460605,5.9353456626515,win,-0.10316707881472476,0,2.3518518518518547,0.753740444538332,0.5454763535377793,0,1,1
417,af45a55a,65350f1f,7,true,true,,,57.02094902798211,54.887848711939604,2.1331003160425084,win,0.037820385839519854,1.1263438862721085,1.3888888888888884,-1.5304690596631438,-0.09149009604839975,-2.6645352591003757e-15,1,1
418,a4316a4d,ac8a6924,12,true,true,,,55.90450088936951,54.02859831019062,1.8759025791788915,win,-0.25199059203716345,0,1.9444444444444464,-0.302958273068362,-0.38698349681104105,-2.6645352591003757e-15,1,1
419,730a1187,f7849f24,9,true,true,,,60.84799497337339,55.42067138730865,5.4273235860647375,win,-0.08438404942187017,0,1.9212962962962914,-0.99163386291072,2.888946705495016,-1.7763568394002505e-15,1,1
420,967b4292,159981aa,6,true,true,,,56.09232290588126,54.159171424993175,1.9331514808880854,win,-0.011816671494440989,-1.7763568394002505e-15,1.277777777777776,-0.8658297010618874,0.8481414857804692,2.6645352591003757e-15,1,1
421,975aa544,ff70b19b,7,true,true,,,58.11929236547052,52.30710480235716,5.812187563113362,win,0.285611733531282,1.3015729276219385,2.0899470899470893,-1.4714625338704552,0.9834937724252564,8.881784197001252e-16,1,1
422,dacb31a6,eb87f9a0,8,true,true,,,55.59688445438483,52.67522876941989,2.9216556849649393,win,0.00434784255444276,-0.0013570198990695559,0.833753097658013,0.43211789657291,0.5362482515700133,-0.002714039798140888,1,1
423,da6a9e67,d37f3548,8,true,true,,,55.20891655492414,49.324516317492325,5.884400237431812,win,0.6502738766063989,-0.0004066753680547208,2.212357706290983,-0.6327752713448334,1.1718892239604282,-0.0008133507361085535,1,1
424,b1199ce5,74b61236,10,true,true,,,55.766468842481075,53.97056756578388,1.7959012766971938,win,0.48198817311675857,0,1.5802469135802468,-0.9497829370675888,-0.3761548777775454,0,1,1
425,df7bb23f,75d00dd9,12,true,true,,,55.61922131441993,50.169334639273835,5.449886675146097,win,0.04407166446429689,0.0007098558815812339,1.9698052092343676,-0.5020076918226568,2.012935333740166,0.0014197117631615797,1,1
426,7270d969,08e09fb5,9,true,true,,,54.13679768314542,52.89009466021036,1.2467030229350584,win,0.2484045047286374,-0.01319675786285579,1.2875609318104404,0.6258605022663,-1.9384635040046634,-0.02639351572571158,1,1
427,e5c13e49,076d1413,9,true,true,,,52.31394031628866,49.639969082493735,2.673971233794923,win,-0.2526689250706968,0,2.060185185185179,-0.12821506823994522,-0.16005144448295106,0,1,1
428,f6a7b45f,e77354af,11,true,true,,,55.05930318927669,51.715132133416375,3.344171055860315,win,-0.05052494574353661,-0.000943172213091259,1.5304618153575742,-0.046044478109099174,0.6121058952666756,-0.0018863444261807416,1,1
429,93bc4046,474da5ff,8,true,true,,,56.21868730394199,50.57027975759338,5.648407546348608,win,-0.2174851391161443,0.8515362286126402,1.7491676496273012,0.5140242802457244,0.33911208850298724,0.010147436074936955,1,1
430,65a32ac7,e41b94bb,9,true,true,,,55.87974753197834,49.10351058277249,6.776236949205845,win,0.30296625563278656,1.3930080701858873,1.4351851851851833,-0.34470270686632,1.0050199839069034,3.552713678800501e-15,1,1
431,4d6ce9ad,fbf61df4,9,true,true,,,58.89398400430476,50.307439993660594,8.586544010644168,win,-0.30268695177390814,0.2512733500981774,1.6213987436578305,2.517968548155218,1.2549883086705034,0.004216333845432629,1,1
432,c852f78a,a99cdc7c,9,true,true,,,54.5727056530105,51.88104213174849,2.691663521262015,win,-0.16169853833005599,-0.06673121021637307,2.120901930349027,-0.5964017574011224,0.406071791765096,-0.13346242043274614,1,1
433,2fc6c88c,12979538,12,true,true,,,57.75050116206377,52.625488024803964,5.125013137259806,win,-0.042264284628393156,-0.001377309520774972,1.6793465451608176,1.4695280314914871,-0.15770651035761052,-0.002754619041550832,1,1
434,22d57586,ef450ba2,12,true,true,,,56.49867427157419,52.8323714521929,3.6663028193812863,win,-0.49570430028769596,-0.003966633291299537,1.520995792918816,0.4237823104828893,1.0300785695606516,-0.007933266582595522,1,1
435,4707f15d,29e3cf6b,8,true,true,,,60.81533666428301,56.265686145472536,4.549650518810473,win,-0.07177030003472828,3.552713678800501e-15,1.9047619047619104,1.3124178610386386,-0.648349810148444,-6.217248937900877e-15,1,1
436,8d79d0f5,d507c796,7,true,true,,,57.587170594112074,53.12476023633845,4.462410357773621,win,-0.06934001378610422,0,2.1825396825396846,0.41752724780452954,0.03041248816514308,0,1,1
437,46efc94b,db832560,12,true,true,,,56.34122229883437,50.70173072922656,5.639491569607806,win,0.22733711042052995,0,1.755050505050507,0.8497390645639138,0.4484823223993937,2.6645352591003757e-15,1,1
438,f7f7ffd5,0e94f7cc,11,true,true,,,56.571203085801955,51.095093015451695,5.476110070350259,win,0.03965002464931233,0,1.4040404040404084,-0.7378933764932043,3.091312026909799,0,1,1
439,51af48bc,b626fdfb,8,true,true,,,56.19536001464166,51.55111681055787,4.644243204083786,win,-0.147376062401948,1.269668693647807,1.3782232144758888,-0.610481989654736,0.7528471233762097,-0.0040926075750054025,1,1
440,57db4021,adae93b2,11,true,true,,,51.873065152180885,46.84429303066456,5.028772121516326,win,0.17752206702917994,1.5625212495694507,1.6111111111111143,-1.1295217080920334,0.3956810920346516,3.552713678800501e-15,1,1
441,ee5b07d6,0a6555c7,14,true,true,,,56.733091918759406,53.90089069395862,2.8322012248007837,win,-0.1080643721472585,1.7763568394002505e-15,1.9993894993894985,0.23102538274630913,-0.650376188772877,2.6645352591003757e-15,1,1
442,c90ab703,dbd9905a,8,true,true,,,59.00469150134272,55.11786827243498,3.886823228907737,win,-0.16614954552127026,0,2.400793650793654,-0.9889637997570793,1.2271798795210684,0,1,1
443,166ebf65,f11b8662,10,true,true,,,56.6974442260339,54.29664514662298,2.4007990794109233,win,0.012483275970929464,0.26000255416280993,1.166666666666674,-0.11871584320989736,-0.017370733180748665,-1.4210854715202004e-14,1,1
444,713f71ee,b472da06,8,true,true,,,57.01108973920099,50.64812644784358,6.36296329135741,win,0.3745706054163753,1.296341614523005,1.3492063492063293,-0.5416804591856277,1.0815844794131895,-8.881784197001252e-15,1,1
445,a0a07c53,13312de8,10,true,true,,,52.46631672543323,48.247120973761994,4.219195751671236,win,-0.17437638677528122,0.0031023930148048606,2.500940205865093,-0.7751300044106797,1.0800425103610465,0.006204786029610609,1,1
446,466574a5,207587f8,8,true,true,,,57.09593272312123,49.45463183457582,7.641300888545409,win,0.7187654722454981,-0.04914445162975767,2.037705106757876,1.1976913565661196,0.466412229504348,-0.09828890325951356,1,1
447,eec312e2,1d280c6e,9,true,true,,,56.28466223884889,50.59229644660884,5.692365792240047,win,0.315559843858374,-0.007937536311382942,2.22434177694904,0.14846676480672727,0.6157813880764245,-0.01587507262276322,1,1
448,8f092be3,3df19a83,10,true,true,,,54.79995944290081,47.72173063081883,7.078228812081974,win,-0.1839187057339764,0.5233786905984203,2.413580246913594,0.5013876074152597,0.9852932442332634,2.6645352591003757e-15,1,1
449,aced06ae,937fc727,7,true,true,,,58.02216852809862,52.69049475497304,5.33167377312558,win,-0.4275215454471941,0.35924943785576957,1.9984189760022897,-0.24703428346341738,1.8164229428300787,0.0003044786248818099,1,1
450,a00c6175,2e313665,11,true,true,,,58.94293938385094,49.8872607512947,9.055678632556244,win,0.16509084251983008,0.26083664193701406,1.8181818181818192,0.7542852767821575,2.7582535870918257,8.881784197001252e-16,1,1
451,3415bea1,cfd704cc,9,true,true,,,54.90683381857289,47.93814304428445,6.96869077428844,win,0.23365868057353012,-0.0026892733676993075,2.3156827390998593,0.003659229490441618,1.7530037442006847,-0.005378546735399503,1,1
452,49647685,04a635bb,5,true,true,,,55.253245652737355,50.80505101433733,4.448194638400025,win,-0.069648946410372,-1.7763568394002505e-15,2.3333333333333313,-0.9830267405162436,1.5698998706848428,-1.7763568394002505e-15,1,1
453,61ecf70c,673bbe4a,8,true,true,,,58.52162609922334,54.27847489529866,4.243151203924683,win,-0.3792756669939408,0,2.1626984126984112,1.1843104751314009,-0.5494964629120442,0,1,1
454,b5ed68f4,5526c7e3,10,true,true,,,59.37332991303556,52.87698304844789,6.496346864587672,win,0.041445983621759996,0.37634004014761846,1.6234567901234582,-0.19757109858630884,2.321028268584656,6.217248937900877e-15,1,1
455,59d09ae4,e7d75e9f,11,true,true,,,54.828242007189644,50.25872904321611,4.569512963973537,win,0.04740704000304152,-0.03922226210077007,1.613669221363696,0.5831225865250511,0.5853275809694773,-0.07844452420153925,1,1
456,ab87f79f,9b6c9309,4,true,true,,,53.509349833515,51.912684101758124,1.5966657317568789,win,-0.1498945326295955,0.7904841108889524,2.26851851851852,-1.8098049694056346,-0.5008377927340995,4.440892098500626e-15,1,1
457,eed2d90e,a35f9efa,11,true,true,,,52.389908918510386,50.29527814563306,2.0946307728773235,win,-0.47706454444199875,8.881784197001252e-16,1.6666666666666652,0.5225637369958758,-0.509346239739072,0,1,1
458,55f74add,bf02703f,10,true,true,,,55.73047128926469,52.40365697341162,3.3268143158530705,win,0.07748454261228588,0,1.2283950617284036,0.09994631347586935,0.6031768583866244,3.552713678800501e-15,1,1
459,bc34004b,bf85a413,6,true,true,,,57.76739916120428,53.89705925542698,3.8703399057773,win,0.1083056375250604,0,1.7777777777777795,-0.3013370853043247,0.7285465197179226,-8.881784197001252e-16,1,1
460,ba86c2be,839f66d9,6,true,true,,,56.718984556192126,55.69518783811393,1.023796718078195,win,0.1846820976544934,0.48570855005523406,1.4444444444444455,-0.8215663733490999,-1.1674867418545807,2.6645352591003757e-15,1,1
461,a5661887,0ac448b9,8,true,true,,,54.23649761137711,50.75976560928983,3.4767320020872816,win,-0.414396599152393,0,1.170634920634921,0.44696366695023215,1.1786588556184276,2.6645352591003757e-15,1,1
462,9cf3c18a,c4367486,10,true,true,,,54.94002495818074,51.58385166511554,3.356173293065204,win,-0.05390837536102566,0.27809893728821233,1.1499740253523987,-0.43312643286337593,1.1930249587730377,0.006550983961703949,1,1
463,be6ad602,2f77fda6,10,true,true,,,57.42405997699425,53.0007704966483,4.42328948034595,win,0.33290885326102515,-0.015042349860865833,1.1643068852755878,0.19628132689425826,1.009985232088403,-0.03008469972172989,1,1
464,30ee996f,7c8d058f,10,true,true,,,55.300326573607535,51.34825246517907,3.9520741084284623,win,0.2281030126658634,1.7763568394002505e-15,2.0370370370370408,0.31597576743718125,-0.5271351984676338,4.440892098500626e-15,1,1
465,35a21890,661ebbce,8,true,true,,,54.99026292527823,53.37052254445598,1.6197403808222504,win,0.34926614700975644,0,0.833333333333333,-1.06257835448387,0.8498068725941526,1.7763568394002505e-15,1,1
466,cd075a98,6e81a5dd,9,true,true,,,53.17510187967215,48.70416651669765,4.470935362974501,win,0.3479968140389238,-0.003177291766871093,1.621981176281757,-0.08176881807409764,0.7223081616835545,-0.006354583533744407,1,1
467,2d51328e,1776ed36,11,true,true,,,53.42204158717186,51.70932544936937,1.712716137802488,win,0.2585627525342695,0.2631354303094984,1.8333333333333321,-1.6663369683515672,0.09737280299217943,-8.881784197001252e-16,1,1
468,c7ef56cb,0d4c9b5b,13,true,true,,,58.15382915427917,51.48515315164818,6.6686760026309955,win,-0.08400180385087008,3.552713678800501e-15,2.4928774928774793,0.6139928327170452,1.0501823103250754,6.217248937900877e-15,1,1
469,8b9310e6,ecf87e17,9,true,true,,,58.30610830900973,55.27528678268447,3.030821526325262,win,-0.034007494031460084,0,1.1111111111111107,0.28689365244555365,0.489696754424612,-1.7763568394002505e-15,1,1
470,2c7dda47,d7e96cc4,9,true,true,,,54.53336124219596,50.42199396339334,4.111367278802618,win,-0.008029597083855311,0.8288998793111606,1.921019535268103,-0.7671947181821661,0.2585032414528632,-0.00974789618796823,1,1
471,f3217c8b,419d4837,9,true,true,,,54.80482981219623,52.244364336035325,2.560465476160907,win,0.31067677912802383,-3.552713678800501e-15,2.523148148148167,-1.4192160580231086,-0.1876229830946885,-6.217248937900877e-15,1,1
472,edbea64a,f8ce6b7e,9,true,true,,,60.99508301488256,50.12154095413335,10.873542060749209,win,-0.08777786328845982,-0.00027471583180016523,2.6155286993822378,0.9243999382364487,3.659405609899525,-0.0005494316635967778,1,1
473,6fb4ef5d,709a5e86,7,true,true,,,55.90961634797318,52.057228575938275,3.852387772034902,win,0.02751814692574217,-1.7763568394002505e-15,1.6137566137566157,0.17015674820298532,0.4790558305540582,-8.881784197001252e-16,1,1
474,dc8c0cf3,fe5ebeaa,12,true,true,,,58.18887631561605,55.45143262590179,2.7374436897142616,win,0.0920898940553938,0,1.5656565656565657,0.10326433189382911,-0.3170228918826705,0,1,1
475,ed730911,5965b4ab,8,true,true,,,57.05124089491584,54.20234137755411,2.8488995173617297,win,-0.19035503672924525,-5.329070518200751e-15,0.8829365079365052,-0.12102354245030256,1.4279637833842544,-7.105427357601002e-15,1,1
476,c04a9ee1,e9200aaf,12,true,true,,,56.00549691388547,52.01358941237626,3.9919075015092105,win,-0.30212657619476646,2.6645352591003757e-15,1.818181818181814,0.6841711843004079,0.21801851517191562,1.7763568394002505e-15,1,1
477,6f2a0867,4e0de78b,9,true,true,,,53.39530554652613,48.89320876546876,4.502096781057368,win,0.059788059820364836,8.881784197001252e-16,1.597222222222224,-0.16773388088053487,1.356963540896782,2.6645352591003757e-15,1,1
478,a62a991a,dc71a1fc,9,true,true,,,54.21683389330558,49.2913857691707,4.925448124134874,win,-0.026996236694359688,-0.0007025231619479655,1.4810084625694397,0.7144690273451335,0.8734231561369343,-0.0014050463238994837,1,1
479,31bd8c3e,15eb3c53,10,true,true,,,56.99171199864173,53.706251169171686,3.285460829470047,win,-0.26890398672606874,0.00019047991205844994,1.104928673450682,1.3194771782023107,-0.21088721044398273,0.00038095982411423535,1,1
480,325933af,a351a960,7,true,true,,,53.07644252749634,49.77927812769104,3.297164399805297,win,-0.36906332353524696,-8.881784197001252e-16,1.5740740740740558,-0.334927471814904,1.4078727467492804,-2.6645352591003757e-15,1,1
481,266520e9,653bf417,8,true,true,,,53.89411382225454,49.060998583697355,4.833115238557184,win,-0.5056938987357262,0.5350501696099244,1.5677677776107783,0.8367184014881985,0.5483048542643321,-0.025967405168534796,1,1
482,252eaa6c,89c1f3e2,11,true,true,,,56.16754592399569,49.39875725343484,6.768788670560852,win,0.0012555799208984197,-0.0008709846648420339,2.0796235956328957,1.054998366957129,0.9855324041733962,-0.001741969329685844,1,1
483,02788e6b,d56f1014,10,true,true,,,58.16708564067536,51.99276370458206,6.1743219360933,win,0.2838431426247219,-1.7763568394002505e-15,2.2901234567901243,0.6427449211889291,0.3007404538224545,-3.552713678800501e-15,1,1
484,5616e050,23e47134,12,true,true,,,55.56900191884307,51.61757784473687,3.9514240741061997,win,0.17679598803997143,0,1.1994949494949498,0.42382870768821856,0.5397955915761568,0,1,1
485,b8cc5df3,059922a8,8,true,true,,,60.139608573745136,54.26398131396056,5.875627259784579,win,-0.3664535593333915,0,1.8750000000000009,0.7790576627934165,1.5436542985689723,0,1,1
486,e4016ca1,f9359212,12,true,true,,,55.247934711110375,51.59409645524518,3.653838255865196,win,-0.012614993085500181,-0.02844238269721977,1.5277238658735177,-0.07374021717420742,0.9019409454361265,-0.056884765394442205,1,1
487,6f88c8f4,43d84988,7,true,true,,,54.94323688138891,51.36790049083694,3.575336390551975,win,0.40224645398890835,0,1.5211640211640285,-1.782571423027445,2.2110871201647218,8.881784197001252e-16,1,1
488,478f424a,62ed42d3,8,true,true,,,55.35778946868057,53.10283157493217,2.2549578937484043,win,-0.17381424789877364,0,0.5158730158730167,0.5797925723919972,0.5683374301552355,0,1,1
489,55761884,07da7ca1,11,true,true,,,55.86183836523672,51.10237404627738,4.759464318959338,win,-0.07427341403720167,0.36416334063455835,1.5858585858585794,-0.47825634780067805,1.6304845719357504,-4.440892098500626e-15,1,1
490,caf398a5,fb03758f,11,true,true,,,54.50345375760173,48.594857433536916,5.908596324064817,win,0.2843538232421803,-8.881784197001252e-16,1.9696969696969706,0.16596134603151924,1.1238098955096296,-2.6645352591003757e-15,1,1
491,df9588c4,6dca0e9a,7,true,true,,,62.76467192982665,55.97354374404894,6.791128185777708,win,-0.09847613966343216,0,1.283068783068785,0.9053037894653713,2.41508492451557,0,1,1
492,0860eb73,edd3e600,11,true,true,,,54.48228193973985,50.273977603334494,4.208304336405355,win,0.06699067842536444,2.6645352591003757e-15,1.8333333333333277,-0.14352953061616258,0.7795445904208433,2.6645352591003757e-15,1,1
493,d4290fa0,a06d2a45,9,true,true,,,60.14072603454248,52.78897798478348,7.351748049759003,win,0.05953230239673024,-0.002813929637726531,0.8112282292821185,1.9638755638892134,1.886550228333534,-0.005627859275451286,1,1
494,06ea3c96,ebe23aea,6,true,true,,,57.27509940259631,53.0228071814533,4.2522922211430085,win,-0.19459576899149056,1.7763568394002505e-15,0.6111111111111089,1.1419897202461105,1.2712434823872845,1.7763568394002505e-15,1,1
495,1d5e104b,095dfa8a,11,true,true,,,60.71764200826866,52.00679681877324,8.710845189495423,win,0.6400135225864658,0.00006507849310821712,2.1767574942711816,0.12301293362432197,2.4101399596061617,0.00013015698621554606,1,1
496,7028e88b,bcdc086c,10,true,true,,,56.49061641710186,52.01704667413836,4.473569742963498,win,-0.02289605906325054,0.3099038695203902,1.604938271604949,-0.3258361077603871,1.1958590406079992,0,1,1
497,0d88ab15,4fe371ce,8,true,true,,,60.382637296448465,55.09965382558907,5.282983470859392,win,0.16335499275720577,1.7763568394002505e-15,1.200396825396827,0.3003291466818805,1.7140387480010704,4.440892098500626e-15,1,1
498,468c1872,9894e5e3,7,true,true,,,57.39820278168651,48.794707802092674,8.603494979593833,win,-0.20035427167999353,0.8685706470009702,2.141278962676015,0.7113452475761184,1.7402460428263957,-0.0010362251608642126,1,1
499,5c2b3ab2,273844f1,12,true,true,,,55.3869171903561,51.57794837663728,3.8089688137188205,win,-0.5575457828784649,0.28913351890218486,1.2498661168958431,0.301102629135781,1.308801780875167,0.0008014403252385449,1,1
500,2fa813eb,07b98763,10,true,true,,,56.47570906139477,51.62909021414858,4.846618847246184,win,0.20345188326410057,-0.0011840178458140116,1.3519440430927805,0.3275687189067771,1.0873767607747427,-0.0023680356916306877,1,1
501,2806745f,50702583,7,true,true,,,54.36950732098766,51.838219807160556,2.5312875138271025,win,0.40104948122164297,-0.016793416321505106,2.3309103155506286,-1.9573412930478504,0.6192262778744038,-0.033586832643008435,1,1
502,c1b2aa7b,8822ba2a,8,true,true,,,56.49294540277579,52.65103420912534,3.8419111936504464,win,0.09420721482844607,0,1.3293650793650809,-0.7919800933604311,1.9419097147375233,-1.7763568394002505e-15,1,1
503,c5c7fb50,56f1de77,9,true,true,,,54.106244797031415,51.47195783031723,2.6342869667141855,win,0.009334457048292943,0,1.6203703703703756,-0.6577499507202846,0.6218514078616764,0,1,1
504,d64fa527,ae0b85d1,9,true,true,,,55.86864584455765,47.36378587634414,8.504859968213509,win,0.3852202604063595,-0.0029205167911054986,1.4812343574567164,2.246245160543049,0.9625871652350853,-0.005841033582213662,1,1
505,f54730e3,79347a73,10,true,true,,,55.34275612918328,49.08967571468907,6.253080414494207,win,0.22909388394489838,-8.881784197001252e-16,1.74691358024692,1.122670853102183,0.5754304975888545,0,1,1
506,be382ea8,c24ff18f,13,true,true,,,57.855921418671485,52.22953749299628,5.626383925675206,win,-0.13459072875072664,0,2.2257834757834747,-0.20827633328090744,1.7367399410641209,8.881784197001252e-16,1,1
507,f37dfb4f,3f120ec0,9,true,true,,,53.12777289617675,49.30955517131777,3.8182177248589824,win,-0.01826815583839614,0.34179359974694634,1.6898147722415437,-0.8530227211101282,1.194611895043424,-4.8297791543916446e-8,1,1
508,9c61a1e2,005edee0,9,true,true,,,58.170603805058846,46.57230007690801,11.598303728150839,win,0.18559288000969243,1.587795018442229,2.0601851851851887,1.386312800431285,1.527909220980932,-2.6645352591003757e-15,1,1
509,050a06e6,668caeb8,10,true,true,,,58.82583072622676,52.730864406145756,6.0949663200810065,win,0.47732556129293213,-0.021477481699291978,1.5376343312427592,0.43928454666201144,1.2408297913525583,-0.04295496339858573,1,1
510,e661b5bd,8c7a0951,8,true,true,,,56.230701615252656,53.161870449438275,3.0688311658143803,win,-0.04115628135951255,8.881784197001252e-16,1.408730158730159,0.40023119121307804,-0.008378690696597246,2.6645352591003757e-15,1,1
511,aca7b5d6,3af78b88,9,true,true,,,54.82192475064651,52.55422330595299,2.2677014446935218,win,-0.1356984612636576,0.005220345081315969,1.9720065191340748,-0.7238376567130471,0.1867341957615034,0.010440690162628385,1,1
512,5654393c,41752538,10,true,true,,,57.29338661564623,51.103491093295055,6.189895522351172,win,0.37731904502798486,-2.6645352591003757e-15,1.7283950617283868,0.038867044387186134,1.6604460122615832,-4.440892098500626e-15,1,1
513,11148fc5,762651bf,9,true,true,,,59.43799207951332,53.02779806459987,6.410194014913451,win,0.04974597198776021,0,1.5740740740740735,1.4870952798800037,0.7671010259233872,-1.7763568394002505e-15,1,1
514,90cce7e1,01a14061,9,true,true,,,60.065362862344706,52.205662650159425,7.859700212185281,win,-0.6242070381493847,0.5991404682250714,1.8981481481481453,0.13309508449685037,3.3391764672317423,1.7763568394002505e-15,1,1
515,33a7dcdb,636d236a,10,true,true,,,52.94061738241366,49.05762256433141,3.8829948180822527,win,0.17738463656260706,0,2.1049382716049383,-0.8155251016637779,0.8294270675638131,3.552713678800501e-15,1,1
516,e1722934,88f4b337,8,true,true,,,57.07222997812906,55.63564907099848,1.4365809071305762,win,-0.24494077542259074,-1.7763568394002505e-15,2.033730158730159,-0.7902292298229296,-0.23818336830929265,-1.7763568394002505e-15,1,1
517,70abf033,bc96e131,7,true,true,,,55.74142687531151,54.53189017493372,1.2095367003777895,win,-0.23778738864556326,0.5845577021296497,0.4232804232804259,-0.4603110537345092,0.43764320595902717,2.6645352591003757e-15,1,1
518,bc47be37,a299d548,13,true,true,,,55.06757075215104,49.94130330272995,5.126267449421093,win,0.05485165393307834,0,2.1794871794871638,0.3514910919077483,0.4079343929764576,0,1,1
519,47df2264,81ab785a,9,true,true,,,56.6270237550723,45.028026065433465,11.598997689638836,win,0.04756383035200051,1.4334358629481958,2.2222222222222268,1.8766392870572792,1.1610593504356057,0,1,1
520,b1c43272,bbaef027,8,true,true,,,54.305316711543135,49.96904113066453,4.336275580878606,win,-0.19680408793712356,0.32128459518987196,1.8192475319735495,-0.30971125904499885,1.075046059912363,-0.02037834129088978,1,1
521,805957c2,8ca7c0cb,11,true,true,,,57.26248612928099,54.59969291533035,2.6627932139506356,win,0.3088492616077798,0,1.666666666666666,-0.5671484329807486,-0.030940539879607876,1.7763568394002505e-15,1,1
522,d3b247ea,4ab190fa,8,true,true,,,50.12143495026227,48.89833828909809,1.2230966611641776,win,0.16891763124259906,0.3131232831024464,1.6782656591020544,-1.6224082605359769,-0.015826487404046574,-0.03699006210700695,1,1
523,e7de0190,954e6111,9,true,true,,,58.42475393301481,53.187408400959555,5.237345532055258,win,-0.08791567173351478,0,1.180555555555559,1.4574152381872585,0.6786921467891549,0,1,1
524,75019600,757e184d,9,true,true,,,61.223730989510244,56.26110295218428,4.962628037325963,win,-0.2712533012784961,-3.552713678800501e-15,1.851851851851853,1.0970709122596123,0.33358542066499286,-3.552713678800501e-15,1,1
525,b25835bf,c414cad6,8,true,true,,,51.665314505073574,47.126083455286135,4.539231049787439,win,0.12540485659244993,0,1.7956349206349218,0.4279824254177367,0.2662572670677621,1.7763568394002505e-15,1,1
526,b6174e07,ef323a9e,10,true,true,,,55.870262609608844,52.95377675070463,2.916485858904217,win,0.04843632181553481,0,2.228395061728392,-0.7824130447486262,0.11346008145019493,-1.7763568394002505e-15,1,1
527,8905e905,3c7703d3,7,true,true,,,57.894124114854854,59.314645781474624,-1.42052166661977,reversal,-0.12211794438538481,-2.6645352591003757e-15,1.1904761904761827,-2.11415424990769,0.1935298824271907,-4.440892098500626e-15,-1,-1
528,f936bd06,57fbb7ae,9,true,true,,,57.85518028581757,50.75491605938044,7.100264226437126,win,0.48325016946355426,-0.0098766813123774,1.2927385706392736,0.9196969158353188,1.676138692345872,-0.019753362624757465,1,1
529,008b76ab,ed1c1103,9,true,true,,,58.91184192268468,51.517365286312625,7.394476636372055,win,0.004662493567804571,0.3522647910904073,1.9675925925925926,1.0868392089651397,1.0276836667005327,4.440892098500626e-15,1,1
530,15028fc5,acc25e74,9,true,true,,,58.871180387608824,55.45298297511201,3.4181974124968164,win,-0.16427734119297366,0.00009935447295106314,1.665186327206679,0.057143477020999534,0.5454677820568987,0.00019870894590479082,1,1
531,7c92e151,4cb875f3,12,true,true,,,56.88394576246231,52.48847251523169,4.395473247230619,win,0.2918258748599982,-1.7763568394002505e-15,1.8308080808080716,-1.0198665965493499,1.6439842819322275,-4.440892098500626e-15,1,1
532,3b7401f7,cd29091f,10,true,true,,,58.827736375231666,48.37877394238237,10.4489624328493,win,0.3877467137993298,1.4013558144182428,1.7716049382716017,-0.1779803784640297,2.9487791353953003,-4.440892098500626e-15,1,1
533,3c35d41c,2b38144e,12,true,true,,,58.944197869748805,54.965388686351076,3.978809183397729,win,0.26401017830463935,1.7763568394002505e-15,1.2121212121212102,0.4862082379665811,0.32016801008738227,2.6645352591003757e-15,1,1
534,0de4948b,7716deef,9,true,true,,,64.54942514818052,54.4621620728593,10.087263075321218,win,-0.35550873618181633,0.00044456399936620983,1.9740139081142738,2.05123272858758,2.9605687199090074,0.0008891279987333078,1,1
535,e2f0b9ec,83cb89d9,12,true,true,,,58.373241988402484,53.50768616253532,4.865555825867162,win,0.07164839954370583,-0.0008312490693906938,1.3382755117869722,0.282942063861773,1.3942016884925126,-0.0016624981387813875,1,1
536,4113fb83,efe37f34,11,true,true,,,57.669694955562676,49.29578674373211,8.373908211830567,win,0.36960526330239585,-3.552713678800501e-15,1.8181818181818246,0.5098138802785792,2.6029126121116146,-5.329070518200751e-15,1,1
537,a27bfada,a11cbc43,9,true,true,,,63.654418019971985,57.45911393579584,6.1953040841761435,win,0.7764049706285445,0,1.620370370370373,-0.07427448967840888,1.28481906368871,-8.881784197001252e-16,1,1
538,e5a8bfc9,079f6b5a,9,true,true,,,55.96658538976918,56.45445426176988,-0.4878688720007034,reversal,0.20282156453253686,1.7763568394002505e-15,1.3888888888888928,-0.5931894579399595,-1.8143026243150029,1.7763568394002505e-15,-1,-1
539,61fe60cd,b24ca882,8,true,true,,,55.0109540094454,53.39591981594889,1.6150341934965056,win,-0.15455759402054348,-8.881784197001252e-16,1.4087301587301564,-0.8056928901582907,0.5976808695476157,-1.7763568394002505e-15,1,1
540,3384e42b,335f68fb,7,true,true,,,57.1451072819209,54.394188172691344,2.7509191092295566,win,0.12973333243733975,0,0.7671957671957674,0.7040818574639758,-0.05606290023105842,0,1,1
541,ad964ad3,c82b6fb5,10,true,true,,,58.84206927616845,53.99231209358575,4.8497571825826995,win,0.4060457642637414,0,1.7716049382716053,-0.06480827913190268,0.6794453777168652,3.552713678800501e-15,1,1
542,d07629fb,f22b1e2c,7,true,true,,,56.39851507012648,54.603196694679525,1.7953183754469535,win,-0.14012146909057321,1.7763568394002505e-15,2.1957671957672,-1.5530146310987956,0.5936032579200692,1.7763568394002505e-15,1,1
543,f2f2f907,9450ac96,8,true,true,,,57.09658275899852,52.199283232426154,4.897299526572368,win,-0.08365174160587108,0,1.666666666666666,-0.14963798087788582,1.7772194681475413,-3.552713678800501e-15,1,1
544,a7d5aac1,23bfedd0,9,true,true,,,57.11980656936415,52.78917097654755,4.3306355928165985,win,-0.0631172302483538,0,1.5046296296296306,0.5691414622141853,0.6355724110858016,8.881784197001252e-16,1,1
545,1e212071,2e0b72db,12,true,true,,,58.67388905793889,55.709605494910015,2.9642835630288715,win,-0.06745052596524026,0.25128627852433194,1.1489898989898997,-0.43447144089554524,0.9698035668934493,-2.6645352591003757e-15,1,1
546,1b74f98b,0ebdc6bd,8,true,true,,,58.38025639483526,52.809048378532985,5.571208016302272,win,0.24201436201151205,0.15301393483512093,1.6194113987316863,0.027582758616310876,1.3577453623228823,-0.007881558596467109,1,1
547,bd72b46b,0147a126,11,true,true,,,57.6005046160313,55.963865289637845,1.6366393263934569,win,-0.1124296454381315,0,1.1565656565656592,-0.3427454670580712,0.3012065289270254,0,1,1
548,39c48ff4,7f8a78c9,10,true,true,,,56.01830427318102,54.35126778970094,1.6670364834800822,win,-0.03877021088588428,1.7763568394002505e-15,1.2716049382716061,-0.45879533498383473,0.1929152984541842,0,1,1
549,d47bbb97,05ce1c39,13,true,true,,,56.915403643860074,54.342779165079904,2.5726244787801704,win,0.22577351477571317,0.0008237192315458941,1.9339278194008749,-1.4546005858907272,0.7903883165932104,0.0016474384630926764,1,1
550,1a8e7cab,b2f8d065,9,true,true,,,60.88823500570841,53.13766171092589,7.750573294782519,win,0.0947322110387474,0,1.4120370370370363,0.7041904740065723,2.8920888107980556,1.7763568394002505e-15,1,1
551,9d85ce74,d9bfbde1,5,true,true,,,53.636571570809686,51.49762324609155,2.138948324718136,win,-0.12981962322245755,-0.08703359012946787,1.8055555555555571,0.2157406291856443,-0.7259555264525801,8.881784197001252e-16,1,1
552,17e031bc,848f6f5b,11,true,true,,,58.77822334783262,52.083672716551554,6.694550631281068,win,0.23429595260926828,0.005124193250399145,1.785405678133726,0.23716941492277321,1.938044466529047,0.010248386500796514,1,1
553,a9575001,7bbe992c,7,true,true,,,56.438272795277214,50.499692734907875,5.93858006036934,win,0.12532888981668178,0.0002070576802317703,1.6666226179011012,1.2066663135991345,0.5139360066747862,0.00041411536046531694,1,1
554,aa21510c,1877a17a,11,true,true,,,56.29010380131591,50.90133449029696,5.388769311018947,win,-0.023841406437384638,0.20867350070754576,1.474747474747475,0.514217079919363,1.159201093369369,8.881784197001252e-16,1,1
555,c9bf76c7,9cfc2d69,4,true,true,,,55.67777845568581,58.017747919500536,-2.3399694638147253,reversal,-0.050666070977610556,-1.2412673536670678,2.3148148148148016,-2.4245949545078487,0.13569132431731745,-4.440892098500626e-15,-1,-1
556,302f5367,40cdda50,8,true,true,,,59.38997304914551,48.98973170033527,10.40024134881024,win,0.03934767120764393,0.0008821500080937739,1.5361377478467135,2.2034438794760094,2.9294665964300304,0.001764300016189324,1,1
557,c079761f,cd2a7458,11,true,true,,,58.53652463690593,55.71747849557619,2.8190461413297427,win,-0.01224949010906018,-0.26555714028119937,1.681818181818178,0.9092303675264155,-0.8459260685647143,-5.329070518200751e-15,1,1
558,f3a8e8db,b03b01ff,11,true,true,,,54.26883095938326,48.75564079371123,5.513190165672029,win,0.1625354767404974,8.881784197001252e-16,1.2676767676767593,1.1565398831246902,0.7280896188783199,0,1,1
559,9b4675be,bc88dcaf,8,true,true,,,62.73449494813805,54.11768664496776,8.616808303170288,win,0.3143736751394979,-1.7763568394002505e-15,1.746031746031747,1.1517094434766886,2.170970969757045,-4.440892098500626e-15,1,1
560,0ca83e34,e6c3af54,9,true,true,,,56.09856507279343,52.28291532512525,3.815649747668175,win,-0.21434065061595287,0,1.6666666666666625,0.08092949792168103,0.8955876338200746,-8.881784197001252e-16,1,1
561,34cc40d6,befd6a54,9,true,true,,,54.8918860447888,48.7721099571056,6.119776087683199,win,0.19348011392769981,-0.04647522571666052,2.418744166081207,0.29617947025886515,0.8115743271010203,-0.09295045143331748,1,1
562,cd8f8569,d32bdf4c,15,true,true,,,56.18988880206448,51.2438156262761,4.946073175788378,win,0.2813301836921158,3.1558972324319257e-8,1.896825038941392,0.023415249368591518,0.682302034044918,6.311794464863851e-8,1,1
563,2385c108,f2df428c,6,true,true,,,56.15670974876891,53.92465647796902,2.232053270799888,win,-0.4227164033017572,0,1.7222222222222205,-0.6476659154660931,0.8918533899725078,0,1,1
564,0638628e,a2d716ee,11,true,true,,,60.337461655313476,55.60757354668865,4.729888108624827,win,0.02341547247099829,-0.005508147849281997,1.514164128623169,0.2535693540944255,1.189067540115885,-0.011016295698568435,1,1
565,0cb2ba01,264591fd,7,true,true,,,57.53874687823678,54.64088174811386,2.8978651301229164,win,-0.4092597501050692,0,1.4814814814814818,0.3143582593979257,0.48724196487791804,8.881784197001252e-16,1,1
566,0b63be86,2f5633fe,8,true,true,,,54.98035598097283,54.21592444913513,0.7644315318377011,win,-0.27635444757448235,0,1.2003968253968242,0.6227514696979242,-1.3450540428157494,0,1,1
567,06ad93c2,9ca289d6,9,true,true,,,57.74445191447538,50.630439983820864,7.114011930654513,win,0.20559539730598875,0.1307236696762839,1.4160441020282715,1.677315436202532,0.8970518385706407,-0.11332065141558001,1,1
568,863beef5,599c62b1,8,true,true,,,56.086188895030276,52.20771795052577,3.8784709445045067,win,0.23984851264732843,-0.0014275933499625637,2.1627578269466703,0.10443052586560686,-0.500826792578172,-0.0028551866999260156,1,1
569,aeaed802,b1cf4ed2,9,true,true,,,56.61865176797111,52.31512424217801,4.3035275257931005,win,0.01038380023608454,8.881784197001252e-16,0.8101851851851878,0.6339999412817647,1.3375924704355642,0,1,1
570,0ccda6cf,bb1827f4,11,true,true,,,59.34100277125402,51.472619384555216,7.868383386698802,win,-0.08966787410814869,0,2.3585858585858572,0.9012195003115613,1.779428476700418,1.7763568394002505e-15,1,1
571,c500e7c3,99ff3514,11,true,true,,,59.48354026666423,51.4507219579026,8.032818308761627,win,0.10360061336148063,-0.023687454328710444,1.439265990423519,1.1149518965271756,2.6102972143979004,-0.047374908657422665,1,1
572,b549c027,93c22028,11,true,true,,,56.17365607837512,49.718344538904304,6.455311539470813,win,0.34845713505419607,0.0036814314507953583,1.454194183873545,0.2944797265548811,1.9426522318020591,0.0073628629015907165,1,1
573,69b93759,deafda60,8,true,true,,,55.28793253275137,51.37698988498357,3.910942647767797,win,-0.39521817447221164,-3.552713678800501e-15,1.8253968253968198,0.3735113454473966,0.6911523276078722,-7.993605777301127e-15,1,1
574,783c2f71,9a539f65,9,true,true,,,57.87874230493379,48.07325601668943,9.80548628824436,win,0.02670330268201626,0,2.4074074074074066,1.8093026491936115,1.8381043570113524,2.6645352591003757e-15,1,1
575,64a6661d,4c7ad7da,12,true,true,,,55.96357929680054,52.96219468634631,3.001384610454231,win,-0.08179682490938212,-0.17697526869055125,1.7550505050505096,-0.22508182865873128,0.5941143481482127,0,1,1
576,28b43439,08ce879f,9,true,true,,,60.50164097765176,55.39040132713548,5.111239650516282,win,0.27129427567958553,0,1.064814814814814,0.8677136219391484,0.8768774979108862,1.7763568394002505e-15,1,1
577,6756f223,4c78306f,9,true,true,,,52.15257400535994,45.29521594221963,6.85735806314031,win,0.5764406369927029,1.46471210579569,1.7361111111111134,-0.15323381329903807,-0.13805655451715904,0,1,1
578,5085c3a6,9a661f6d,7,true,true,,,54.46783423679909,48.202865536614254,6.264968700184838,win,0.06707138597402107,1.5302783887669955,1.6666634881078553,-0.5891699034187923,0.8057720624304419,-0.000005824803549714375,1,1
579,535af735,68914a20,8,true,true,,,57.4969784806443,50.16460534651355,7.332373134130755,win,-0.008267483039110513,0.49945634371915926,1.4087301587301653,1.0671932540686502,1.5515760275251398,0,1,1
580,81275ade,f66fc486,8,true,true,,,52.46009477912692,47.72654694321854,4.733547835908382,win,0.6139405613817812,-2.6645352591003757e-15,1.746031746031738,-0.33351235611410424,0.6157747250619767,-4.440892098500626e-15,1,1
581,c01bb9f9,b8be8337,7,true,true,,,59.798143546624125,55.02323254821414,4.774910998409986,win,-0.13583299178923403,0.7984256661868399,1.6666666666666643,0.6781525758947051,-0.4599798729146478,0,1,1
582,77dc5ede,75e6a431,8,true,true,,,57.754297151709935,53.98828508058497,3.766012071124962,win,-0.1621718318025236,0,1.9543650793650764,-0.8321722425269842,1.529190637019883,-1.7763568394002505e-15,1,1
583,ea05a289,d61c0b63,9,true,true,,,57.190154685434614,49.91030316168515,7.279851523749464,win,-0.12395571003844408,0.28817705629177937,1.5509259259259256,1.3405019857715406,1.490687191656174,0,1,1
584,bf73cad6,e20ea609,9,true,true,,,53.48976042925336,50.11693491872596,3.3728255105273988,win,-0.1957563124387498,-0.0009750140572997168,1.4352795054660596,0.08657841512462738,0.8368756696048365,-0.0019500281146003218,1,1
585,4f429893,5cfdd56c,8,true,true,,,55.34819568747863,50.70914239515413,4.639053292324498,win,0.24174282363812027,1.0401639004637238,1.5376984126984148,-0.62853962746789,0.25154939655455966,-6.217248937900877e-15,1,1
586,f92fdf34,2cef765f,11,true,true,,,53.46548211095886,50.74842009197116,2.717062018987697,win,-0.15619700643021783,1.7763568394002505e-15,1.9292929292929344,-0.601248728435956,0.4772951964454908,5.329070518200751e-15,1,1
587,37a176b9,c6c63d00,13,true,true,,,54.89849869176997,52.715309526309056,2.1831891654609166,win,-0.3569730494585137,-2.6645352591003757e-15,1.9230769230769207,-0.1433103766461219,-0.15261763676835116,-3.9968028886505635e-15,1,1
588,f0ebcb1f,1800b846,10,true,true,,,58.291722235846855,52.103445454663245,6.18827678118361,win,-0.59434944563891,0,1.6666666666666723,0.5267015111201587,2.751190884163459,0,1,1
589,2d646f6e,888b6805,9,true,true,,,55.104705509161164,50.67282346811456,4.431882041046606,win,-0.034227472844456486,-0.05194444396251452,2.14002287672257,0.0028872138065922925,0.679817797858254,-0.10388888792502904,1,1
590,c57f9b3f,1aec054b,11,true,true,,,55.993220565280346,50.50807575907268,5.485144806207664,win,0.14420749002071642,-0.01906469435503233,1.3581552183743142,0.4319917319790392,1.5798435815467569,-0.03812938871006821,1,1
591,76a9c1c4,96d09797,11,true,true,,,60.18258293181573,54.59726197318911,5.5853209586266175,win,0.1564996245652619,-0.0011681897678510467,1.763141337851085,0.058644100251437514,1.507502338215665,-0.0023363795357038697,1,1
592,7e092534,17583b80,10,true,true,,,63.08770965944012,57.33054648238513,5.757163177054991,win,0.10994786413111246,0.2680498198758432,1.666666666666674,0.8428075899244698,0.4568195031311353,0,1,1
593,ba465a89,1c2cb8a8,11,true,true,,,51.875508654573196,48.10758082847161,3.767927826101584,win,-0.026316449398996244,-0.008522115388518436,1.8274960858664215,0.2876918590127193,0.09909669315228165,-0.017044230777036873,1,1
594,5e3b0c9a,708026ec,8,true,true,,,52.87623348148729,49.21898994451716,3.657243536970128,win,-0.03277878924854094,-0.001420504316240745,1.5875924695250756,0.619842543883748,-0.08976765813089216,-0.00284100863248149,1,1
595,47a64af0,e490504f,10,true,true,,,55.6472116112984,51.17387492647954,4.473336684818861,win,0.24060513077576262,0.13521020773386994,1.3300958505358071,-0.5199467037385297,1.634017699923994,-0.008489071437564277,1,1
596,27ffe857,a4969812,6,true,true,,,58.76941619066184,51.60273283520647,7.166683355455376,win,0.5250293503015557,0.36500990367135344,2.7222222222222037,-0.17864338879566066,0.5461233502802019,8.881784197001252e-15,1,1
597,20100e91,505d939a,8,true,true,,,55.88408288528582,53.1487147528302,2.735368132455619,win,-0.1145194464744006,-1.7763568394002505e-15,1.8253968253968225,-0.12816942890256922,-0.03125880426850269,-2.6645352591003757e-15,1,1
598,a1e2eb87,6d86eb24,10,true,true,,,53.84879587177025,50.34008366684085,3.5087122049294024,win,-0.07552209358082385,1.7763568394002505e-15,2.351851851851851,0.3712074093464617,-0.8424074211537862,2.6645352591003757e-15,1,1
599,0cf23f22,33ea1566,9,true,true,,,58.29436861168225,55.352379357886115,2.9419892537961374,win,-0.19322926343822822,0.0009315697458696093,1.4108646517944425,-0.6631315002319464,1.4735075097372148,0.001863139491740995,1,1
600,a6abc736,16561807,8,true,true,,,58.87126347552238,56.44694292763226,2.424320547890126,win,-0.007016311007243203,0.0034043540894028723,0.9662978367144621,-0.6355948796855078,1.3258176843157239,0.006808708178806633,1,1
601,51c62ab7,949b4e7a,7,true,true,,,62.22277722944256,56.760535141447654,5.462242087994909,win,-0.3055944535378652,1.7763568394002505e-15,1.613756613756614,-0.9185414841650896,3.602507025423486,2.6645352591003757e-15,1,1
602,631215ea,4bc6c23b,11,true,true,,,57.48910678709091,52.17723961684016,5.31186717025075,win,-0.4693755880854624,0,1.8737373737373666,0.3127217199566301,1.8769743762348892,8.881784197001252e-16,1,1
603,17c47a1a,e957befe,10,true,true,,,58.47655237540189,51.69737130368038,6.77918107172151,win,0.007333762173836966,0,2.1851851851851825,0.9840793051180743,0.9284834885235602,1.7763568394002505e-15,1,1
604,83ef7114,68ab8498,9,true,true,,,57.74347323979698,53.71813580436368,4.025337435433293,win,-0.2023294724293807,0,1.7361111111111196,0.8396743379565939,-0.008188873303295097,-1.7763568394002505e-15,1,1
605,a5872e41,380ad2a7,9,true,true,,,56.14246658726921,53.0669712102104,3.0754953770588145,win,0.06618697134663165,-1.7763568394002505e-15,1.3888888888889026,0.588237454424485,-0.3908387559994253,0,1,1
606,ced8c1b6,e82c5155,11,true,true,,,54.28229771367296,50.38858884454488,3.8937088691280834,win,0.12318216548726335,0.36677775494877096,2.1212121212121176,-0.675948504667037,0.18146421282844027,3.552713678800501e-15,1,1
607,44581a8f,d63c4804,6,true,true,,,57.79833659990796,50.49392189310019,7.304414706807769,win,-0.1045723990215679,0,2.2777777777777724,1.5977087709546733,0.6184253610780654,0,1,1
608,295c0924,66ab85a7,9,true,true,,,55.09543630871224,50.03059171269642,5.064844596015817,win,0.0851659367898483,0.6114178293238588,0.9490740740740762,0.7086769311043133,0.5882852123971594,-1.7763568394002505e-15,1,1
609,7f6a0cbb,03e4b5f7,10,true,true,,,56.26677397074049,52.75650463523341,3.5102693355070755,win,-0.16530255706741603,-0.0018426619052771542,1.388291171527471,0.23752000706504983,0.765779344923887,-0.003685323810551644,1,1
610,ff86290c,b4a7dfda,9,true,true,,,55.82132612967232,51.43114228571014,4.390183843962184,win,0.20958930972278855,-8.881784197001252e-16,1.5972222222222232,-0.5974901312868628,1.5605554012459435,-3.552713678800501e-15,1,1
611,95c68599,d0fcb70a,9,true,true,,,56.50669047397446,52.44471242142786,4.0619780525466,win,0.14502845612007187,0,1.0416666666666687,0.5898378477652946,0.6785832472809901,0,1,1
612,07058a69,b19f68c3,10,true,true,,,56.32471360385807,53.073473132058865,3.251240471799207,win,0.20349613996966243,0,1.351851851851852,-0.9121689723238591,1.4370122001689873,0,1,1
613,f09dfb50,d40db69b,9,true,true,,,57.4002544208918,52.408714225093114,4.9915401957986845,win,-0.368595464713529,3.552713678800501e-15,1.8055555555555518,1.1692337428228043,0.48903133543564703,2.6645352591003757e-15,1,1
614,bfbac85d,5313bf25,6,true,true,,,55.045084978824136,48.770984997075175,6.274099981748961,win,0.32496575739585043,0.5256583745960066,1.444444444444442,1.1254224993517523,0.042773778642349214,8.881784197001252e-16,1,1
615,503193bf,f990174e,12,true,true,,,57.781774257636165,52.79793346044989,4.983840797186275,win,-0.1329722541588727,0,1.9065656565656592,1.125502618350068,0.010535206462693125,1.7763568394002505e-15,1,1
616,7a526323,8b5b5772,10,true,true,,,53.36390996341681,50.543577038710474,2.820332924706335,win,-0.35363726288002884,0,2.1234567901234502,-0.04904671376627512,-0.06532219629362412,0,1,1
617,bffae523,0d61d495,10,true,true,,,54.29570508553212,49.79350849283891,4.50219659269321,win,0.18515368120833875,1.7763568394002505e-15,1.3950617283950617,1.048288532011612,-0.10238499370192944,8.881784197001252e-16,1,1
618,aff68148,45c287cd,9,true,true,,,55.63816604261578,49.93028823886246,5.70787780375332,win,0.19418920691983255,0.0000061193337188569785,1.9907387301366573,-0.11866998351593772,1.4512604891601555,0.000012238667434161243,1,1
619,d8705478,f0e87bf8,7,true,true,,,57.40572049593149,52.80028824767062,4.605432248260868,win,-0.03479272928116117,-8.881784197001252e-16,2.328042328042331,1.15030236104944,-1.029872320370643,-1.7763568394002505e-15,1,1
620,6e8d4031,e58a0c56,10,true,true,,,55.06997546875131,53.55275096610407,1.5172245026472382,win,0.3025668621986082,0,0.7283950617283947,-0.6126674839514061,0.42828121262248064,1.7763568394002505e-15,1,1
621,e0d4f6af,60af3b2b,8,true,true,,,60.16692587438221,56.838005925142305,3.3289199492399035,win,0.23199538138924147,-0.0003806592075275006,1.1206639000197463,-0.6670842328647772,1.4508097282917545,-0.0007613184150567776,1,1
622,0e06bd29,9999fc02,5,true,true,,,59.329037048137806,47.87542488174424,11.453612166393569,win,0.009480000712653869,-0.0105443668439964,2.4753117397473057,2.011071708531037,2.7917869354792044,-0.0210887336879928,1,1
623,75820716,16eebc3e,12,true,true,,,55.02461578015988,51.08617713487199,3.9384386452878886,win,-0.03552296160276591,0.18620201941287107,1.2626262626262612,0.3185419882109093,0.6520517220858988,2.6645352591003757e-15,1,1
624,d8642089,de092ee6,13,true,true,,,59.58550939549035,53.58003529007433,6.00547410541602,win,0.03796254089957074,-1.7763568394002505e-15,1.3746438746438772,-0.7825300590001909,3.5861387517878116,-3.552713678800501e-15,1,1
625,618096cb,1dc7dd9d,11,true,true,,,58.019955269445596,50.02321296120333,7.996742308242268,win,0.010853848816255285,-0.0017878206996417845,2.423895257496075,-0.44917428912723434,3.3144379633344823,-0.003575641399283569,1,1
626,31560582,47925885,12,true,true,,,56.64466459438698,52.649809806632305,3.994854787754676,win,-0.09726744224239692,0,1.9949494949494913,-0.1606322000290792,0.6991110846570301,0,1,1
627,ccb23edd,faae188f,9,true,true,,,61.130813576439,52.542659133984515,8.588154442454488,win,0.08995710324648476,0,2.106481481481482,0.37153990774166523,3.0181204664443415,0,1,1
628,efcc3343,4afb34be,9,true,true,,,62.01321610517002,54.26184766670247,7.751368438467544,win,-0.4731741019571505,0,2.500000000000001,0.6997947168107697,2.394073102765768,-1.7763568394002505e-15,1,1
629,a7e2f30f,474d1cc1,10,true,true,,,52.837172258182775,49.761262082208084,3.075910175974691,win,0.10778208185916327,0,1.5432098765432096,-0.18485715265277491,0.3007541009740988,1.7763568394002505e-15,1,1
630,a4bb5f47,aa56da87,10,true,true,,,56.93867244124227,51.953879819401585,4.984792621840683,win,0.3904277445801294,-0.08910270769137618,2.0323215995145283,0.18431249203650069,0.41503693408941533,-0.1782054153827506,1,1
631,5ae84e57,53e47498,9,true,true,,,55.045262306720566,49.569474963050425,5.475787343670142,win,-0.023482366418145162,0.00041271904208883825,1.9134975028687675,0.025751208880053333,1.5612206130648163,0.0008254380841776765,1,1
632,cd25a61f,36533f05,12,true,true,,,55.093942927245024,52.407767739706905,2.686175187538119,win,0.10546925365915083,-0.0018614292471905713,1.2540485865229671,-0.39163243107133994,0.6619093457718082,-0.0037228584943838072,1,1
633,3937c9c9,89d8263b,8,true,true,,,52.79999845767529,52.63875795660521,0.16124050107007548,win,0.12134981009505008,0,2.1626984126984112,-2.0674617949711447,-0.38058994757315023,2.6645352591003757e-15,-1,1
634,81895c77,cc0edc07,11,true,true,,,58.408773031067625,51.69736505612347,6.7114079749441515,win,0.4977213994313716,-0.04958356664120345,1.1984247163683701,-0.4102865920304044,3.2677296336262875,-0.09916713328240512,1,1
635,056846bb,5b91ec3c,12,true,true,,,52.193424235449314,51.007974425750746,1.185449809698568,win,-0.13455707725530996,-2.6645352591003757e-15,1.5277777777777608,-0.6178750037242633,-0.15134412968222755,-8.881784197001252e-15,1,1
636,b9d53ee5,b3e97950,5,true,true,,,57.423554630239984,48.19248735075608,9.231067279483902,win,-0.13780520792205042,0,2.666666666666667,2.020627571746938,1.0716357859104457,0,1,1
637,f22423c6,4919f072,11,true,true,,,58.50184520253673,50.99510832154777,7.50673688098896,win,0.1544596620070373,0.0005611545522050676,1.9443948321604099,1.3333905995349298,1.111671734774168,0.0011223091044119116,1,1
638,244565b4,d4372f0d,9,true,true,,,53.9925614811783,46.15451686228,7.8380446188983015,win,0.4934818880584526,-0.008023297188700873,1.904374583531311,0.9594675666727923,1.341632972592996,-0.01604659437739997,1,1
639,7e4998c6,b656c88b,7,true,true,,,59.62839829719229,54.56463117963122,5.063767117561071,win,0.17002695124460532,0.0003734997493847203,1.4259889578576148,0.7239555544913294,0.708184032505474,-0.0007469994987667761,1,1
640,b35c6017,0466885a,7,true,true,,,59.07330758874332,50.74868413212049,8.324623456622831,win,0.5567670504652149,0,1.7592592592592586,1.8983194780709214,0.5969441484241136,-8.881784197001252e-16,1,1
641,221984a9,396dbeea,7,true,true,,,58.16936501986621,53.218479085154215,4.950885934711998,win,-0.07097611239308854,-0.0006064144885211675,1.328321111493696,1.4500489574026645,0.24962120307645197,-0.0012128289770405587,1,1
642,9c540d27,5812e99b,13,true,true,,,56.86328692808913,50.51480981916009,6.348477108929039,win,-0.01076600140008166,-3.552713678800501e-15,1.20014245014245,1.0415422827858851,1.8771833803579625,-4.440892098500626e-15,1,1
643,2630232e,19c8d30b,7,true,true,,,57.88851508394935,52.33948037033257,5.549034713616777,win,-0.21014956852327238,1.1211851127146675,1.6137566137566122,0.0017812887436754465,0.676345551074296,-3.552713678800501e-15,1,1
644,73d3fbfb,9542dad8,8,true,true,,,56.895206828750446,52.86881553738472,4.0263912913657265,win,0.08778702129817528,0,1.2996031746031749,0.7548956265580786,0.1970580003588358,0,1,1
645,b0835e39,5eaac0c2,8,true,true,,,53.22959309085104,51.583263117643845,1.6463299732071945,win,0.0694837939212185,0,1.5079365079365026,-0.6906868772205268,-0.028282257352978846,1.7763568394002505e-15,1,1
646,3601ad2e,8d434e60,12,true,true,,,57.19864641241478,52.90324007837883,4.2954063340359525,win,0.3164147713122669,0,1.3005050505050493,0.5128282479868984,0.31915475434949236,-8.881784197001252e-16,1,1
647,43f500db,87de711d,7,true,true,,,59.527777853896986,50.45330260177536,9.074475252121623,win,0.020325752958883392,0.00046812075020064015,2.2337092832452132,1.4374463574760892,1.9954888307370724,0.0009362415004039448,1,1
648,ab920190,c95bb7aa,11,true,true,,,57.96757152186548,52.48731469980606,5.480256822059417,win,-0.10467133466141654,1.0326151018920182,1.292929292929296,0.1706462528349908,0.7985086481927679,0,1,1
649,85e5566e,588d41f4,11,true,true,,,54.74036966314032,52.45879753341103,2.281572129729291,win,-0.09605848032204589,0,2.080808080808077,-0.38965549169575464,-0.416064845290693,0,1,1
650,c6c007c2,4b002324,9,true,true,,,57.87684419162787,54.837012839096815,3.0398313525310527,win,-0.05196039226835891,0,1.3657407407407467,-0.5746244106776599,1.263767027204966,-2.6645352591003757e-15,1,1
651,bc597428,af050fa5,9,true,true,,,61.82421407100012,52.36360203422155,9.46061203677857,win,-0.02532330850068565,-0.018009180473116615,2.235132964612432,0.3291581516214368,3.8000671074944,-0.036018360946240335,1,1
652,cb4b6962,1e654b1d,8,true,true,,,53.4678035399859,47.02492122448387,6.4428823155020325,win,0.16305991399717246,0.00038929890945738066,1.7954517756039792,1.1646259364804479,0.7095091951636778,0.0007785978189147613,1,1
653,230596ef,afe9edd5,13,true,true,,,54.06564527372828,50.46454640462292,3.601098869105357,win,0.11006733690870574,-0.0009317489673508206,1.8072431858080416,-0.42600757924385135,0.6430257301939895,-0.0018634979347025293,1,1
654,7e76a2df,ae9a41c8,10,true,true,,,56.90506153533674,56.56914932258097,0.33591221275577254,win,-0.05357556868370539,-3.552713678800501e-15,1.623456790123452,-0.8988351911324548,-0.6998382905426954,-2.6645352591003757e-15,1,1
655,a79be235,59ef2750,12,true,true,,,56.40161317228882,51.451688646406666,4.949924525882153,win,-0.005361064027398443,-0.004170967092212763,1.5766760892710536,0.2612437922966988,1.3051018763349722,-0.00834193418442375,1,1
656,8f9fc80d,2058f461,7,true,true,,,55.53674541915363,46.716349091823716,8.820396327329917,win,0.10686480040301749,0.6784909185913897,1.3359788359788496,2.3255692292015935,0.7311862157981932,1.4210854715202004e-14,1,1
657,2f3483c9,6ebf981b,6,true,true,,,58.728154106106565,54.67016158596984,4.057992520136722,win,0.29676505140496046,0,1.8888888888888955,-0.2623468077817508,0.3583009623029323,0,1,1
658,8e70c486,50d266f7,10,true,true,,,56.83970696925459,54.14939994160157,2.69030702765302,win,-0.14548204781263885,1.7763568394002505e-15,1.9567901234567895,-0.6767833193991031,0.49712600173397803,8.881784197001252e-16,1,1
659,53ff9616,539a4750,11,true,true,,,61.31487820267989,54.67945431485737,6.635423887822526,win,-0.02618154321909394,-1.7763568394002505e-15,2.303030303030299,-0.4137963021271114,2.466742128183882,-1.7763568394002505e-15,1,1
660,13bd4d50,9f1a3d02,12,true,true,,,53.676847363423164,51.29515135819341,2.381696005229756,win,-0.34611133588148624,-0.0008231247834658006,1.5265556905684257,0.0621025966356239,0.2525577715227545,-0.0016462495669324895,1,1
661,640483c5,9001f523,8,true,true,,,61.34285061037866,55.01137928096986,6.331471329408799,win,-0.33091266726711366,0,2.19246031746032,1.649994096649813,0.3143515650757669,0,1,1
662,9d85c779,f6bc64c4,11,true,true,,,57.84074344403871,51.002121358313715,6.838622085724992,win,0.17635207530341646,2.6645352591003757e-15,1.212121212121203,0.04215973349122937,3.166185155762399,4.440892098500626e-15,1,1
663,ae4e00cf,6a9f1d0c,10,true,true,,,57.35625339971905,51.162575030178886,6.193678369540166,win,-0.4531317471538898,0.42530394835288465,1.8086419753086398,1.735209330677586,0.18198813612378295,8.881784197001252e-16,1,1
664,624aac4c,b214ec00,9,true,true,,,57.27569964978258,51.092004854528945,6.183694795253636,win,0.3756054427574351,0,2.129629629629629,0.44025840555470097,0.6219328453949595,0,1,1
665,ac98ad98,eb49275a,11,true,true,,,61.51429001633194,53.95306136850486,7.561228647827079,win,0.2157440546263274,0,1.7070707070707059,0.275195110495261,2.691259897279748,-1.7763568394002505e-15,1,1
666,bdab2565,c8454988,7,true,true,,,57.97108674261519,51.10756221021158,6.863524532403609,win,-0.09055826965348235,0,2.3280423280423306,1.3948999998760838,0.450892411490301,0,1,1
667,4b4c9176,a9e56731,9,true,true,,,57.356234369596464,50.800124550730885,6.556109818865579,win,0.09442491318921453,-0.006553680348661217,1.6889070330025762,0.9882567438181571,1.2921715761036952,-0.01310736069731977,1,1
668,b936c2fd,ea51bd8a,13,true,true,,,56.79892968155663,50.46374817270157,6.335181508855058,win,-0.18800480129062125,-0.0065866500325579835,1.536928439364197,1.6763432611303335,0.9398204216581529,-0.013173300065113303,1,1
669,17dc796c,8898f387,8,true,true,,,57.0841688672337,53.03090650344423,4.053262363789472,win,-0.2808268444924571,-0.00015251698857632334,1.249861410916072,0.9954090020369053,0.5977059308610464,-0.0003050339771517585,1,1
670,ae33042e,d2e6d8dd,7,true,true,,,58.89597073677547,56.68954522028886,2.206425516486604,win,0.0692946208951235,1.153191401240985,1.2830687830687886,-0.9167073433299366,-0.755333197584358,7.105427357601002e-15,1,1
671,07c0080d,113eaed8,13,true,true,,,55.93208151379852,50.88468456628493,5.04739694751359,win,0.12570803912760797,0,1.2001424501424518,0.5657937255851362,1.2686022215844943,-3.552713678800501e-15,1,1
672,29e564a5,c313b873,9,true,true,,,56.30959174622143,51.535068941973236,4.774522804248193,win,0.2307789310647328,-0.007392134865904509,1.6682462154815596,-0.17741099770827695,1.2158724158359062,-0.014784269731807242,1,1
673,739e6276,57daf077,6,true,true,,,56.292266312634816,52.88175834205509,3.4105079705797223,win,0.18628873527673973,-0.03135069377423516,1.5867121091018248,0.6135218551533237,-0.5410666306144902,-0.06270138754847032,1,1
674,29082c69,8066c803,10,true,true,,,53.608521852716265,49.52535903882854,4.083162813887725,win,0.010954840191913284,-8.881784197001252e-16,2.1851851851851842,-0.2262560611277129,0.4133538729253283,-3.552713678800501e-15,1,1
675,49174d58,59552116,10,true,true,,,55.26441979127259,55.182709496118306,0.08171029515428074,win,-0.019457360649940636,2.6645352591003757e-15,0.9999999999999973,-0.5647300838302689,-0.5337090727632239,4.440892098500626e-15,1,1
676,b52bdd76,bdf9fb4a,11,true,true,,,58.40137644772257,51.74908835642091,6.652288091301656,win,-0.22551690806084013,0,1.9696969696969688,1.7369753935250074,0.5675957137421017,-2.6645352591003757e-15,1,1
677,39eaaafa,77efcc47,10,true,true,,,57.55162445507521,53.49598071678586,4.055643738289355,win,0.2772273266949532,0,1.0370370370370399,0.3323660001924784,0.7815137096021054,0,1,1
678,0c32ff54,5bb914a4,8,true,true,,,54.572726142271215,48.86674787776977,5.7059782645014465,win,-0.5803280919341469,0.000043675736052684044,1.1705093222676544,1.603954150948284,1.6809443726826068,0.00008735147210359173,1,1
679,9fa72538,5986fc53,8,true,true,,,59.69812695208482,53.88280103468829,5.815325917396528,win,0.022058692252544088,0,1.666666666666674,0.5306246211984549,1.4392269522395216,-3.552713678800501e-15,1,1
680,ddbc76ec,af8bf4cf,10,true,true,,,60.15161745723674,55.28482324930276,4.866794207933978,win,0.018207143368898393,0,1.8518518518518547,-0.45275273521209947,1.7165555335483047,0,1,1
681,644d71d5,f85762ab,9,true,true,,,57.789027420861466,53.75237144297933,4.036655977882134,win,0.006517817788096458,0,1.2499999999999982,-0.13529609740130422,1.5190824088497346,1.7763568394002505e-15,1,1
682,329486c1,a29e9395,12,true,true,,,58.90526544899619,52.697972505921264,6.2072929430749255,win,0.3685889109345084,0,1.6287878787878762,1.0059363438310616,0.6120172542426836,3.552713678800501e-15,1,1
683,1e8d1d67,cd60487d,9,true,true,,,55.29508207369776,52.68105585127485,2.6140262224229147,win,-0.3002790463174154,-0.0024164875899765903,1.031162821270999,-0.29066912757382557,1.4566868545554277,-0.004832975179952292,1,1
684,2cc78c37,4604f979,12,true,true,,,57.75283475656883,55.13810803910634,2.6147267174624886,win,0.05191082697921523,-1.7763568394002505e-15,1.5782828282828412,-0.6577328301666663,0.5923159264627209,-5.329070518200751e-15,1,1
685,9b513e29,225ed657,11,true,true,,,57.24645923124346,50.58731397585465,6.659145255388815,win,-0.2742278425794331,2.6645352591003757e-15,1.818181818181829,-0.8176645129417235,4.049243562775367,6.217248937900877e-15,1,1
686,e73434e7,6cfc2ba9,7,true,true,,,55.83451242437689,51.793900176355045,4.040612248021844,win,-0.15328988557206902,0.5431927119946849,1.4285714285714368,0.2410658516842501,0.26505904127724556,2.6645352591003757e-15,1,1
687,00b98dae,6611f6f0,10,true,true,,,54.560631134988064,47.00582661658313,7.554804518404936,win,0.5130660803296079,0.2948612059712401,2.1666803911601935,0.11008830141133874,1.3421762813709757,0.000010132820546182586,1,1
688,dfbfd60c,8c156e91,9,true,true,,,56.52983422275683,48.160137544814,8.369696677942834,win,-0.22423402105347012,1.4551046338322893,2.173963586533451,0.5640682817499858,0.8721274893757602,-0.00998937441337322,1,1
689,cfe31d14,86c8c22e,11,true,true,,,55.38689639368669,49.65904915100868,5.72784724267801,win,0.08432246223526652,0.004845696147397938,1.458827249085064,1.1303753778398882,0.7827386854275904,0.009691392294794987,1,1
690,3ff30b8c,10f4cb2c,8,true,true,,,56.49569924614018,50.53513733025972,5.960561915880454,win,0.33746556028686303,0,1.8749999999999964,0.13120405974598448,1.2439737617497642,8.881784197001252e-16,1,1
691,262bf11e,4e41ef2d,9,true,true,,,52.34806758845454,47.485744861345076,4.862322727109465,win,-0.30920455825204796,0.17758315815845904,1.296296296296295,1.0458897437940777,0.8599509970434958,0,1,1
692,a520cb02,282eaef1,7,true,true,,,55.14918035543947,51.71954521781825,3.4296351376212186,win,0.019317115325058865,-0.0007666182778285346,1.9044153993450204,-0.881995961114491,1.1056054347740583,-0.0015332365556579575,1,1
693,1ca047b3,1dcecdf4,11,true,true,,,58.31392862838428,55.72008882846981,2.59383979991447,win,-0.4894680269490601,-0.010114306618087099,1.8066064558331396,0.6280071234670288,-0.40231469740609427,-0.02022861323617242,1,1
694,0c5f61ec,9f7d3fba,9,true,true,,,57.91235240774519,52.75021433572707,5.1621380720181165,win,0.12486688342512853,-0.03894730921522971,2.9662521236846127,-1.087777570139762,1.1850531403792903,-0.0778946184304603,1,1
695,7aee8c7f,53e4f7e1,7,true,true,,,52.7120477538716,53.007150547101446,-0.29510279322984445,reversal,-0.17860555204745143,0,1.1904761904761871,-0.7619121217110676,-0.5585626100060352,8.881784197001252e-16,-1,-1
696,c2d78e97,48f0edf5,9,true,true,,,53.019574837763386,49.75406397296012,3.265510864803268,win,0.07317838406304933,0.00018892142856596905,1.4128485036398306,0.13151256539883516,0.27841369927668946,0.0003778428571319381,1,1
697,5c6296cc,4af5643b,8,true,true,,,57.14361892792526,52.219472707264636,4.924146220660624,win,0.220473802724793,0.28350539307633404,1.3293650793650862,0.6682972553270545,0.2925368963607049,4.440892098500626e-15,1,1
698,84d13bfc,6905d1aa,11,true,true,,,56.458655289133404,52.48176238907575,3.9768929000576563,win,0.05499173490774023,-0.0668979121180211,1.6454083836414988,-0.3881719218948758,1.383047577397674,-0.1337958242360422,1,1
699,f21cf65d,3cc5f37b,10,true,true,,,56.09470217442059,50.12375887289295,5.97094330152764,win,0.48823882152793985,8.881784197001252e-16,1.7469135802469076,-0.72109664488727,2.2366288060457,3.552713678800501e-15,1,1
700,fa07e401,f6c1ff52,7,true,true,,,56.616586991775144,52.83321875600088,3.7833682357742617,win,-0.3595103119664791,0,1.7592592592592622,0.7350023917348736,0.17227802809389114,1.7763568394002505e-15,1,1
701,530b6e2f,59d7203c,15,true,true,,,55.237916932597145,48.89012989650686,6.347787036090281,win,0.022457879795630964,0.12456687183811432,1.2225302327300627,1.1447913626447432,1.4799781403054637,-0.005929979022651022,1,1
702,80c16d8b,eccbdf04,9,true,true,,,56.283907189538766,51.585027367494966,4.6988798220438,win,0.40319584381987905,-0.010065795820885626,2.174998068307885,-1.1168771430659712,1.3784631853843239,-0.020131591641773916,1,1
703,27f499de,4f40be91,8,true,true,,,56.414497595096655,50.26094673950824,6.1535508555884135,win,-0.24321905526233323,0,2.371031746031745,0.6874194256746389,0.9998782903262384,0,1,1
704,6d98412e,3676acbf,12,true,true,,,55.243159283161994,50.192219644912996,5.050939638248998,win,-0.1618364035871891,0,2.512626262626263,0.6367022849404886,-0.08811413834523218,0,1,1
705,4539471a,73359473,10,true,true,,,57.79074648984817,47.72031806842293,10.070428421425241,win,0.2187063553012758,-0.004477824837088917,2.477016997318394,1.8473955660156793,1.5898104111339428,-0.008955649674177835,1,1
706,b8bfe610,a3111d5c,8,true,true,,,55.66298069010912,53.617464303581734,2.045516386527389,win,-0.21271849435376344,-7.105427357601002e-15,1.875,-0.5410128787354367,0.06493421223778739,-1.0658141036401503e-14,1,1
707,30828656,f52ac7d4,10,true,true,,,60.7769408947064,56.939134936767466,3.837805957938933,win,0.006626316505438989,-3.552713678800501e-15,0.6666666666666652,-0.06537938785257769,2.0601459535386457,-7.105427357601002e-15,1,1
708,6d641c25,0cfba04c,10,true,true,,,57.676566906409825,53.008076470660214,4.668490435749611,win,0.1746180875652268,0,1.3950617283950582,0.7950907722757536,0.3563919109987248,0,1,1
709,cc53c21e,97d36a56,10,true,true,,,53.21787598971589,47.74044367268832,5.477432317027571,win,-0.1557750476322175,-0.006368055110639759,2.3410152739839063,0.5069627744910123,0.6317463157306564,-0.01273611022127863,1,1
710,c64d5024,17e9902d,8,true,true,,,58.81975579307849,52.39621453976493,6.423541253313566,win,0.32838106251881305,0,2.1626984126984183,0.7179807648376633,0.4892803294755188,1.7763568394002505e-15,1,1
711,698e5a58,8fe784bd,8,true,true,,,57.717404761624145,52.780523708762566,4.93688105286158,win,0.477995783396433,0,1.954365079365079,0.044307584608229256,0.2447965640717431,0,1,1
712,6d604f40,5ef6faa9,9,true,true,,,55.1180883363771,51.63007318077654,3.488015155600557,win,0.0634018540424619,0.23254024592598732,1.990740740740736,-0.9836946842568368,0.7368286087407441,0,1,1
713,940ef30a,ec2ff02e,8,true,true,,,55.36281206428332,50.62360966342321,4.739202400860108,win,0.1624894447840921,0.26875753023697513,1.95436507936508,-0.5361330589779021,0.9447959818850764,0,1,1
714,3fe8cab2,0158e92a,13,true,true,,,55.33111609742619,49.232329326738096,6.098786770688093,win,0.26362136574132133,0,1.7129629629629655,1.3198922417265022,0.20090521567178232,0,1,1
715,63475dd4,82b748ca,15,true,true,,,59.42233117274189,52.2238460463135,7.198485126428395,win,0.11246415838347845,0.0005084179497316654,1.0728338201867516,0.7489506934421915,2.8432648666145637,0.0010168358994615545,1,1
716,711af9b4,16eba081,8,true,true,,,57.126475922155464,48.62649560483088,8.499980317324585,win,0.06884081103979423,0.4665388400305064,2.708333333333334,0.5336664454535063,1.282248124953366,-3.552713678800501e-15,1,1
717,041d58a4,6c529b4e,8,true,true,,,58.89798916877301,52.38315572907008,6.514833439702926,win,0.038965583000673654,0.4412362308286699,1.5674987949359336,0.8122782517502767,1.053774656764821,0.0002763073322018528,1,1
718,035e4ccd,baa80966,10,true,true,,,57.531833384208674,51.66882349131805,5.863009892890624,win,0.25547097158305543,7.105427357601002e-15,1.1481481481481204,1.0792474888010979,1.0915489084973151,8.881784197001252e-15,1,1
719,1b0791c1,0889a1e7,10,true,true,,,56.104042620405856,55.151826211562025,0.9522164088438316,win,-0.17990624355120355,-1.7763568394002505e-15,1.6234567901234547,-0.430495368198871,-0.6124837973644608,-4.440892098500626e-15,1,1
720,2ce1fe5f,b7afd003,10,true,true,,,55.522492327337005,48.064472973707815,7.45801935362919,win,0.5120203049901539,0.00098933107838306,1.7308640954520245,0.7249788319472392,1.5231370131330682,0.001978662156765232,1,1
721,a76c5894,1497effb,8,true,true,,,55.00546292430465,49.958978347081164,5.046484577223488,win,0.07915877092419787,3.552713678800501e-15,2.1626984126984086,-0.1775518460444534,0.9912740720016311,3.552713678800501e-15,1,1
722,02bdeab4,771f137c,8,true,true,,,57.48360774268326,53.791296736738204,3.692311005945058,win,-0.043345031141988954,0.07039912330561471,1.954365079365079,-0.21599990327631957,0.40005606134563365,-3.552713678800501e-15,1,1
723,94df1c57,e95cfd69,8,true,true,,,58.391343733758475,52.64508562696139,5.746258106797086,win,0.2513067644982798,-0.0018529333255958846,0.831221195717105,1.574930864510712,0.8194492643162685,-0.003705866651195322,1,1
724,800efbf5,b6822763,8,true,true,,,53.02931800208273,48.42813534291392,4.601182659168813,win,-0.18882899308004975,0.4718068247381657,2.113577663686956,-0.64760383820831,1.049292991913895,0,1,1
725,300ff0d0,44b91c24,13,true,true,,,54.281020496127525,53.34314550397157,0.9378749921559546,win,0.05716439831466147,-2.6645352591003757e-15,1.4672364672364715,-0.39378141519647336,-0.8559562737271733,-1.7763568394002505e-15,1,1
726,4d17428e,853b4b43,12,true,true,,,55.86492067332798,51.194757982372025,4.670162690955955,win,0.28330166851498295,-1.7763568394002505e-15,1.6540404040404013,0.18650333828024568,0.591936192454491,-1.7763568394002505e-15,1,1
727,ad8fa5a8,582f2c59,8,true,true,,,61.0487662033734,53.30751466319241,7.74125154018099,win,0.15563317944690347,0,1.9841269841269868,1.7734975455750597,0.6841754452527713,2.6645352591003757e-15,1,1
728,267a187a,8315c7bb,8,true,true,,,55.17944253944195,48.30220207151301,6.877240467928942,win,-0.33612316239327433,1.4955701948881739,1.394304892408889,0.42767685847316805,1.0797372959569929,0.0018316937905797914,1,1
729,dd1781a0,aaa0719c,11,true,true,,,56.187592733723235,52.948862477696295,3.2387302560269404,win,-0.39392364798215396,-0.000003678475968271755,1.5706984822478045,0.037604195758174086,0.9443282530569039,-0.00000735695193654351,1,1
730,64a3f515,1aa264c9,8,true,true,,,54.12697840694736,51.29484676463747,2.8321316423098892,win,0.028940392472090792,0.15828234427596755,1.3789679978523726,-0.378477305917686,0.472915118070266,-0.000001673259575341035,1,1
731,39546c54,33d0f8be,11,true,true,,,54.51645717625108,54.189739509752634,0.32671766649844614,win,-0.40225922891625254,0,1.212121212121211,-1.1260582799326038,0.7068815318217245,0,1,1
732,aba16e47,de530001,8,true,true,,,57.92919540865203,50.78953194547887,7.139663463173157,win,-0.2579273240450206,0.5494985130848127,2.3708805040329146,0.01067673830569138,1.785822693758515,0.00004810552421741221,1,1
733,87f85ed6,5f93c32b,12,true,true,,,56.48977462305315,49.00590428035041,7.483870342702744,win,-0.012215428355361269,-0.009870209724692991,2.2869595857567377,1.1460196327415915,1.1810684448574333,-0.01974041944938154,1,1
734,8efc886b,e81cf9c2,10,true,true,,,57.71859693724933,53.23855542965168,4.480041507597647,win,-0.2393241889341624,-0.014833152094139379,1.1683719103931045,1.4827438901096732,0.39214515870968114,-0.02966630418827254,1,1
735,e20b2171,b9dad9fb,7,true,true,,,56.198805425380925,51.55946631816376,4.639339107217168,win,-0.06984472650346785,0,2.1428571428571432,0.07542782245433077,0.6444845727078823,0,1,1
736,a5082db1,1faa3ea9,11,true,true,,,56.940945279153155,50.49162389724791,6.449321381905243,win,0.1414373292941533,0.00015388605766553098,1.4181500159574725,0.9732940293702743,1.4933162714428647,0.0003077721153346147,1,1
737,7e6051ae,71625292,14,true,true,,,53.20958932007194,49.93948946989608,3.2700998501758605,win,0.24723706728095807,-0.014761831547242643,2.114826365111691,-0.47701299498588323,-0.1387036396112098,-0.029523663094486174,1,1
738,f7e4ab5a,90159c75,10,true,true,,,53.888510160506286,48.62225531670316,5.266254843803125,win,-0.19812680122966553,0,1.771604938271607,0.756178864136885,0.9725389703685394,0,1,1
739,12d375ab,726d1d55,7,true,true,,,57.18032252191735,50.982307303738125,6.198015218179222,win,-0.019066395957726634,0.7680285907111966,1.5211640211639947,-0.3731803573571213,1.9665026059749113,-4.440892098500626e-15,1,1
740,5221cc2d,4790cc4d,12,true,true,,,57.080699671941524,54.86678162105919,2.2139180508823344,win,-0.38292946141512996,0,1.8181818181818175,-0.3902002467967769,0.36216219144052,1.7763568394002505e-15,1,1
741,9ec6ad43,6a18d3ba,11,true,true,,,56.36383566138724,52.11861596218167,4.24521969920557,win,0.007630928049571661,0,1.5151515151515138,0.8139415880093823,0.13356755577447643,-8.881784197001252e-16,1,1
742,27d617bc,858ea237,11,true,true,,,58.50668367648269,51.749091903459004,6.757591773023684,win,0.426947101960812,8.881784197001252e-16,2.0404040404040416,0.9809122610674432,0.40993627962672274,2.6645352591003757e-15,1,1
743,5325204b,f4c93115,9,true,true,,,54.60968547599482,50.387913177790026,4.221772298204797,win,-0.2482894502784354,0.004714068715395925,2.1260262939447268,-0.5412322626960151,1.4078413710818523,0.009428137430794514,1,1
744,1757e1f5,57e6fc99,7,true,true,,,53.02829607091128,55.21114001119863,-2.1828439402873485,reversal,-0.5614433397065728,0.0010166485622953303,0.7676559310946693,-1.814793111723942,0.5405061468039287,0.002033297124593325,-1,-1
745,a8814505,8cc6f56b,12,true,true,,,57.326014134303556,53.70008260825992,3.6259315260436367,win,-0.05674942245295922,-0.00004578921996056806,2.171661504665087,-0.761146501478156,0.8700528369084362,-0.00009157843991847159,1,1
746,9c5beb36,fc0c69c4,10,true,true,,,58.611333633690286,53.40743435560955,5.203899278080733,win,0.06742634120387736,0,1.7901234567901305,1.1837787822059154,-0.07600753025680973,-1.7763568394002505e-15,1,1
747,c2f6f6f3,58d3cd26,8,true,true,,,54.16318231104205,53.27593472149676,0.8872475895452894,win,-0.38180654212525234,0.39848550362137036,1.091269841269841,-0.6303717467705274,0.03698990203901609,0,1,1
748,b39ab66d,19a937ff,8,true,true,,,57.6700325206689,49.03539504008393,8.63463748058497,win,-0.024746776514608992,2.1738780476585937,1.9593635606918527,0.7137417615373582,-0.24537694190728132,-0.0038391215044875082,1,1
749,2d562c18,030a3530,10,true,true,,,56.55014081838588,48.762210469863206,7.787930348522671,win,0.047665216233632623,0.256550207313631,2.1234567901234565,0.20942121034605243,2.283628190268333,3.552713678800501e-15,1,1
750,0edb87ee,d59dc987,9,true,true,,,56.6152026063759,49.92660075789065,6.688601848485256,win,0.046815511782294816,0.9765451665316016,1.6617623053395176,0.029051678963016414,1.2581301057405234,-0.04869332617902167,1,1
751,7a903b13,3fe396d3,10,true,true,,,58.940766474243915,57.503400799733285,1.4373656745106302,win,-0.14396204465817775,0,0.7098765432098784,0.15510613053561428,0.17757627619724037,0,1,1
752,35c9cb12,96f5e21f,8,true,true,,,57.8066383788004,48.70644655774391,9.100191821056491,win,-0.2945285824637527,0.0008839077786975125,1.8259340291257091,1.3813827142127373,3.15206601496232,0.0017678155573968013,1,1
753,3d6af1a3,f369c429,12,true,true,,,59.79540957396749,50.98486530828963,8.810544265677862,win,0.5041968227132547,0.339161260089627,1.6792929292929424,1.5650444159223564,1.0634755123083268,-3.552713678800501e-15,1,1
754,fcbff1fd,e42a819d,9,true,true,,,55.05883461155391,47.03989507561219,8.018939535941719,win,-0.0557537393550851,1.363389100525711,1.7814344984245087,0.7925071066662479,0.7004860107959212,-0.005762655913621906,1,1
755,a38ab02b,466c6ae9,12,true,true,,,54.378222632115424,51.50491851154858,2.873304120566843,win,-0.048237815961156505,0,2.5000000000000004,-0.5107834458354583,-0.45947957567861675,-8.881784197001252e-16,1,1
756,866aa3bb,ae4aa8ca,11,true,true,,,57.733106272838974,54.343695836577496,3.3894104362614783,win,0.06427289433058858,1.7763568394002505e-15,1.6515151515151505,-0.30618290645514534,0.6156447676938601,3.552713678800501e-15,1,1
757,259ac79d,df174d31,11,true,true,,,55.778912164515376,54.31532566319432,1.4635865013210534,win,-0.14204619709803046,-0.016511587150684015,1.3551629695483411,-0.9248881317341047,0.7331945045427393,-0.03302317430136892,1,1
758,bbee8cec,9513375b,11,true,true,,,54.16491668493876,49.547278537770374,4.617638147168385,win,0.32188328865954485,-0.01376432338451572,1.7733137132289416,-0.32471838452167034,1.009529129110752,-0.027528646769029663,1,1
759,76ee8c95,360330cc,9,true,true,,,54.446550249098806,47.61305142319635,6.833498825902453,win,0.31494818372903066,0.316252510999961,1.991145344678798,0.6607253201739862,0.644724259141773,0.00045379259669520167,1,1
760,8e59644e,0ebc0cd0,10,true,true,,,62.611441073546814,53.4750942805741,9.136346792972716,win,0.0073405928491268035,0.4042134776366044,1.8950617283950608,0.8684674372402226,2.6213722891157287,-8.881784197001252e-16,1,1
761,b998b1f6,09e84309,8,true,true,,,59.02686349096906,50.13933806854791,8.887525422421156,win,-0.08332390392370259,1.4061117419914302,1.6170634920634939,1.7085294745806046,0.4036031277244678,-1.7763568394002505e-15,1,1
762,e66c0567,0a9992fe,8,true,true,,,57.457000511150575,54.64836303804849,2.8086374731020882,win,-0.22157255035615853,-0.00040367109841810134,1.5379153358417188,-0.438898487409638,0.9738350168932497,0.0008073421968353145,1,1
763,02d706ec,15c2f25e,13,true,true,,,55.546278243440675,51.19640475256405,4.349873490876625,win,0.1546931934048632,-0.011921346093263452,1.9856346587684746,0.07123789713334627,0.30378691765450405,-0.023842692186526904,1,1
764,ba38a5a9,b6fc7ab6,8,true,true,,,55.086427517416936,50.61413480887811,4.4722927085388235,win,0.0850609016564654,1.2094110699279046,2.3214285714285694,-0.9007924118561359,-0.5709128233331002,0,1,1
765,ffbb7da9,aa26ada8,10,true,true,,,58.936475648512214,51.106325086471955,7.830150562040259,win,-0.39042636879774006,0.0022021330433474873,1.9042895548863106,1.2754339737287665,2.383371930053685,0.004404266086694086,1,1
766,3fadfa72,72b48ed9,9,true,true,,,57.19687173890924,55.104487270638415,2.092384468270822,win,0.08630715485089135,0,1.6898148148148096,0.7769737655099211,-1.7988605335221903,2.6645352591003757e-15,1,1
767,d237ebd6,2b78937e,11,true,true,,,55.66578775108026,51.16060270396835,4.505185047111908,win,0.12203768285162697,-0.009537019238541333,1.8404531949902045,0.0007416230822183678,0.7492390827904654,-0.019074038477082667,1,1
768,1a763e4f,feaefa5e,9,true,true,,,58.64323168889487,51.75779400046785,6.885437688427025,win,-0.013808761232701805,1.7763568394002505e-15,1.851851851851852,1.8093671183407958,0.4562481679796413,0,1,1
769,9437ae92,17365f19,11,true,true,,,55.18069576961573,50.163183303092225,5.017512466523506,win,-0.21081714212772185,1.135874558855221e-7,2.0656567341927046,-0.0069574731124300015,1.3689837751433984,2.271749117710442e-7,1,1
770,ce3b7641,cb0e63c4,10,true,true,,,58.05168256935304,54.21168655949205,3.8399960098609895,win,0.11413674149106745,-0.04062195783928324,1.0925701181744438,-1.6328274450021043,3.395909127115176,-0.08124391567856648,1,1
771,9a92fd74,316aef93,10,true,true,,,56.021113705273244,54.77360869193287,1.2475050133403727,win,0.201045640900559,0,1.2901234567901234,-1.7096108449005003,1.0174016389098028,-1.7763568394002505e-15,1,1
772,506b095d,311ce898,8,true,true,,,55.97620757457034,52.535211042093465,3.4409965324768734,win,-0.09314557075650809,-5.329070518200751e-15,1.0416666666666652,-0.20462676053451911,1.6028845790644586,-6.217248937900877e-15,1,1
773,084a05c6,b379530a,9,true,true,,,56.9932122205548,50.90045334519444,6.09275887536036,win,-0.06836574658471584,1.3200068023668106,1.8055555555555571,-0.0583193344935804,0.368993624654145,2.6645352591003757e-15,1,1
774,b19fecf2,d392b841,13,true,true,,,61.046711177319686,54.29089843851635,6.7558127388033355,win,0.032686661894952396,0,1.5384615384615383,0.08095474884415932,2.859906296940336,0,1,1
775,80b7e887,e0e094bf,9,true,true,,,57.42677355697214,49.32381872112754,8.1029548358446,win,0.3679941850069919,0.17958173661976407,2.2453703703703694,-0.2370940953475813,2.497060338966137,-2.6645352591003757e-15,1,1
776,7e2d56e7,3bf1c6fd,7,true,true,,,55.85143768488492,48.94599852062066,6.9054391642642585,win,0.06379354201071141,0.9849728410945371,2.142857142857139,-0.21515659797802122,1.00710043186821,-3.552713678800501e-15,1,1
777,d1e6027d,7f2ae0e9,9,true,true,,,59.37260245407792,57.57578985354672,1.7968126005311973,win,0.0012455287978920815,-5.329070518200751e-15,1.134259259259247,-0.15505215728360344,0.027003086660762676,-4.440892098500626e-15,1,1
778,99937db8,c340cd19,8,true,true,,,54.098997722578176,51.20563608882689,2.893361633751283,win,-0.14780253516055653,-8.881784197001252e-16,2.0337301587301724,-0.34503969373794874,0.13601818944660415,-2.6645352591003757e-15,1,1
779,c3b8c5aa,2ce41cae,12,true,true,,,58.8726999153223,54.84087707861775,4.031822836704549,win,-0.0444451475337746,-0.0014802495847945352,1.2133399120483563,-0.01013005884726148,1.4972591463336897,-0.002960499169586406,1,1
780,0dd16725,5c78c6ed,6,true,true,,,55.07484117708282,52.7631622269001,2.311678950182717,win,0.0014366165624508653,0,1.6111111111111116,0.6526187370441061,-1.2325567177536572,0,1,1
781,5704b99b,30274e48,10,true,true,,,56.89010052838369,51.29964934258978,5.59045118579391,win,0.11011442700547835,0.2567281374819652,1.7922387238163404,-0.05211903444653743,1.3282705735300406,-0.038068365484845046,1,1
782,dc3c0a58,075e11cf,13,true,true,,,55.8096189239107,50.10404019359443,5.705578730316269,win,-0.1243604021938749,6.217248937900877e-15,1.71296296296297,0.3156942759555701,1.8078829224985506,1.3322676295501878e-14,1,1
783,9334862d,b6ca7ad3,9,true,true,,,51.602735321238725,49.170039920545044,2.4326954006936816,win,0.21237783900982876,-1.7763568394002505e-15,2.2453703703703614,-1.2723930966992771,0.06722269588416108,-6.217248937900877e-15,1,1
784,af276493,6965dd82,10,true,true,,,58.13182220454013,53.532576300409474,4.599245904130655,win,0.391633745234776,-0.011420390451142737,1.9743497032497546,-0.3483730778465981,0.6339727670353659,-0.022840780902283697,1,1
785,3046ac33,b02c4bf2,8,true,true,,,51.92875030166065,48.94788172669281,2.980868574967836,win,-0.037480918262684515,-0.0005531377105674196,1.6611453786992838,0.14035389937369658,-0.09052383768744487,-0.0011062754211357273,1,1
786,3b325d58,379a626c,10,true,true,,,54.59247461193769,50.889005093992516,3.703469517945173,win,-0.262731097738345,0,1.7901234567901252,0.7450938104202258,-0.10271123738932264,-8.881784197001252e-16,1,1
787,2a1dfbad,d3735157,10,true,true,,,57.42740302248511,51.03474843489011,6.392654587594997,win,0.19782227701279798,0,2.3950617283950595,0.3278384024843106,0.861573504709451,0,1,1
788,06415def,f8ad5e76,11,true,true,,,54.51465724191098,50.20912375067376,4.30553349123722,win,0.1501798913945036,-0.002209092819621006,1.321226352073153,0.5900532944010699,0.4862758237970626,-0.004418185639244676,1,1
789,87b6870c,f4e3f8b5,9,true,true,,,54.05209700693927,51.854821218873695,2.197275788065575,win,0.23870215749513157,-0.0005654434085347049,1.0425725568856947,-0.7653629029318108,0.8184231282667334,-0.0011308868170729625,1,1
790,c58b0d5d,e3b3732a,10,true,true,,,60.826346077567464,52.624402392840395,8.20194368472707,win,-0.1464711485231276,0,1.4999999999999964,0.7301378375002683,3.482904047541859,-1.7763568394002505e-15,1,1
791,cc716f42,c6fc0834,14,true,true,,,53.65657317753338,52.14313259439596,1.5134405831374238,win,0.023082268044462673,2.6645352591003757e-15,1.6666666666666705,-0.2896724265149295,-0.7635216984662749,1.7763568394002505e-15,1,1
792,8967988f,29b05e42,7,true,true,,,55.460349921284205,52.44023458326193,3.020115338022272,win,-0.047908970766384895,0.5006220534099608,1.6686831603616712,-0.2493203980547971,-0.31121050462944844,-0.010730893695849453,1,1
793,dd71d30d,8e412c0c,11,true,true,,,57.133668018600915,52.72537232061423,4.408295697986688,win,-0.24749432318112485,0,1.7373737373737326,0.3296681945048494,0.9901287524958553,-2.6645352591003757e-15,1,1
794,fb1a2582,dfe4ace4,13,true,true,,,58.66743945203381,52.69858974597797,5.968849706055842,win,0.008720496494278862,0.0007708908833805594,1.9331437150496997,-0.4562328634696211,2.4525565720053626,0.001541781766762007,1,1
795,513dc67a,2e415866,10,true,true,,,55.88498661964788,52.34392305243375,3.541063567214131,win,-0.05048678634900616,-1.7763568394002505e-15,2.0185185185185164,0.09932462159426603,-0.07557148235856559,-2.6645352591003757e-15,1,1
796,1cb431d8,c5c42fe6,7,true,true,,,56.20522054057575,50.651601791951094,5.5536187486246575,win,0.03467048288149721,0.6442623640808183,1.851883494581477,0.6485440655681414,-0.13384537690157927,-0.006635094163287114,1,1
797,0b73f72b,402a4af6,9,true,true,,,57.22257895096931,54.951227700781466,2.2713512501878412,win,-0.4644505420573277,1.7763568394002505e-15,0.902777777777783,0.4442826588326305,0.7185406471585933,6.217248937900877e-15,1,1
798,3de8bda9,081621d4,11,true,true,,,57.00169394993118,53.09056004894052,3.911133900990663,win,0.17213326621548042,0.003196470599847956,2.023597334454867,-0.9683095440273686,1.1491293876787108,0.006392941199697688,1,1
799,89758745,d8325b98,5,true,true,,,57.61703854163706,55.086951122044816,2.530087419592242,win,-0.18860635347893906,-0.5658441287594362,2.13888888888889,0.4640835797398717,-0.3712806462284588,6.217248937900877e-15,1,1
800,a9341832,234d75ab,10,true,true,,,59.693058841811435,53.260672556118124,6.432386285693312,win,0.4498254891809865,0,2.203703703703698,-0.8613767875595775,2.2130299451462134,0,1,1
801,e702160b,cff92642,8,true,true,,,56.93871214572587,45.72466681459878,11.214045331127096,win,-0.49823843817156543,1.6935732860348205,1.3293650793650755,2.13789807117496,2.255712104790226,8.881784197001252e-16,1,1
802,71fbe06a,27d57d99,11,true,true,,,57.76661875042035,55.23056924168383,2.536049508736518,win,-0.15101963100072657,0,2.2727272727272734,-0.9278347411843484,0.28322691273101697,-2.6645352591003757e-15,1,1
803,84c616a3,6f81eb9b,8,true,true,,,55.29020818449918,47.956860301615066,7.333347882884112,win,0.2991691495546931,0.9979016182556935,1.8750000000000053,0.04327029864768761,0.9504553622120993,-8.881784197001252e-16,1,1
804,2cc77b49,1690f2a2,7,true,true,,,58.09995187434646,51.3198661792735,6.780085695072962,win,-0.20985329748580606,0.585331732862663,1.9047619047619042,0.7633128598279288,1.0629985533529567,-2.6645352591003757e-15,1,1
805,88c13094,36af5f3e,8,true,true,,,61.82145635704224,53.174098672267164,8.647357684775073,win,0.7002660008602355,0.0015811440042732272,1.4548753752648196,1.7298631121186707,1.2115021062999807,0.0031622880085464544,1,1
806,1169132f,c54d6f64,10,true,true,,,56.92350326424646,50.029588760763545,6.893914503482918,win,0.16134940134230447,0,1.8333333333333348,1.8905374012599303,0.09390401268898607,8.881784197001252e-16,1,1
807,97259456,2593451a,9,true,true,,,59.02564584166712,54.3851682436561,4.640477598011017,win,0.16518884025814407,0,1.6666666666666643,0.6304362605377962,0.1947759168502321,0,1,1
808,d78bb723,20bc38ec,12,true,true,,,54.322876632290814,48.698020687311384,5.62485594497943,win,0.4041841926021683,0,1.5151515151515174,0.5789008142546983,0.8011735997105642,1.7763568394002505e-15,1,1
809,0b1584ae,90bff8cd,8,true,true,,,57.13369873942825,53.819746477641075,3.313952261787172,win,0.04842212956424774,-4.440892098500626e-15,1.458333333333317,0.6386840343521794,-0.33803884031800546,-7.105427357601002e-15,1,1
810,7adb25fe,b9b345f2,8,true,true,,,54.5489771070835,51.9968985498215,2.552078557262,win,-0.0562450866902644,-0.07038049404202695,2.07367967448537,-0.49719104989512,0.0755247909447565,-0.14076098808404947,1,1
811,6c6e5a30,8821cb89,6,true,true,,,57.224901141063256,51.674624002081096,5.55027713898216,win,0.166973726004207,0,1.888888888888892,0.5930510802135593,0.6245859421108024,-2.6645352591003757e-15,1,1
812,bb4940c0,5f8fda9d,11,true,true,,,57.96902260520754,50.47662976209524,7.492392843112299,win,-0.01797052203480476,0,2.702020202020201,-0.526056449287684,2.704122461308234,0,1,1
813,30144270,b026cd9e,10,true,true,,,55.72916540777182,50.396895091008915,5.332270316762909,win,0.04268700627194266,0,1.7716049382716061,0.2933496133490596,1.199230792737147,0,1,1
814,bf166f18,89ee19fc,11,true,true,,,58.31779643062171,51.20467690590212,7.113119524719593,win,0.00851463924468332,1.7763568394002505e-15,1.8181818181818148,0.15466876217084824,2.703070201175901,2.6645352591003757e-15,1,1
815,e0e23330,40d128ed,11,true,true,,,54.62782701763531,51.22347333628448,3.404353681350834,win,-0.20204280818596798,-8.881784197001252e-16,2.2323232323232336,-0.058019394493823206,-0.013903458657292589,0,1,1
816,606a9025,453525f0,10,true,true,,,56.73361445870563,49.99202848876721,6.74158596993842,win,0.029350337137225457,-1.7763568394002505e-15,1.8086419753086451,0.15993078626945856,2.3958361323100927,-2.6645352591003757e-15,1,1
817,99ab3bfc,eb271238,11,true,true,,,56.151684234883476,51.034995086637025,5.116689148246451,win,0.11625678053306254,-3.915755666383802e-7,2.232323277883647,-0.03464668846570973,0.7106340584270496,-7.831511350531173e-7,1,1
818,0b4cd2bc,4773c6b5,9,true,true,,,55.18940284442082,53.3675895767075,1.821813267713317,win,-0.18596643552250836,0.29467900234987177,2.0601851851851807,-1.1382792404014017,-0.08977902328080312,-3.552713678800501e-15,1,1
819,7c9ac3f7,8f3b77cb,5,true,true,,,55.965359837929995,52.38792073653397,3.577439101396024,win,-0.1801949403486125,0,1.8055555555555554,0.42928742883915305,0.0393875331716913,1.7763568394002505e-15,1,1
820,6fdec01b,0128c4e8,12,true,true,,,60.33047038294447,49.93096261689848,10.399507766045986,win,0.20263853436687995,8.632701238298068e-7,2.7904416605956364,0.6931541107368222,2.874865824897438,0.0000017265402449950784,1,1
821,ec13ff06,5827e51b,10,true,true,,,57.78645603340763,53.45716332215631,4.32929271125132,win,-0.3105420717508949,-0.00004434680956322268,1.5618944595946171,0.38685660604377325,1.198575989771136,-0.00008869361913355078,1,1
822,f378984a,af6ba993,12,true,true,,,57.58380669813964,55.23731531674814,2.346491381391502,win,0.18101279287642402,0.00037839956760699067,1.287847805643258,-0.3784298684655987,0.2129522772710848,0.0007567991352157577,1,1
823,b4eb0825,0f2e4e1b,10,true,true,,,56.87512051492709,54.992942644479186,1.8821778704479044,win,-0.13697108781973677,-0.001959531420556715,1.2277772853022713,-0.34116517823636183,0.4352172358562445,-0.00391906284111343,1,1
824,2c045b31,1dd53ba5,12,true,true,,,56.4333765665325,52.010562428672316,4.422814137860186,win,-0.10861015970033217,0.9914260338391552,1.7171717171717198,-0.16243707729994306,-0.07552745746707057,8.881784197001252e-16,1,1
825,e5374887,2ffb8487,8,true,true,,,55.14393894354284,49.82011373077816,5.323825212764682,win,0.028641187656039513,0.599682652885317,2.3712754584427556,-0.7231423832822639,0.7867070442758335,0.0015065880739530968,1,1
826,cab5828d,62c5639b,9,true,true,,,57.18896775238029,54.509204064057556,2.679763688322737,win,-0.08362047072527279,-1.7763568394002505e-15,1.8055555555555483,-1.4839338685600971,1.5967001457435672,-4.440892098500626e-15,1,1
827,56657235,68db02f4,12,true,true,,,55.299361286357616,52.76379830744013,2.5355629789174827,win,0.2018357608611303,0,1.6666666666666696,-0.18395559337938838,-0.42699843107842916,-2.6645352591003757e-15,1,1
828,d07b2712,ea996e8b,7,true,true,,,56.66320425556368,50.50378521001265,6.159419045551026,win,-0.2433808111390845,0.49424694973632377,1.9053148271151121,0.1757073183710629,1.5269834177863162,-0.004278387261820171,1,1
829,1363375b,0511f99f,7,true,true,,,56.69139366531552,49.09053077798998,7.60086288732554,win,0.41514361518108345,0,2.182539682539683,0.19833378284629521,1.8507710015815642,0,1,1
830,73b05432,351f7a4b,11,true,true,,,52.394625703968615,48.22191322773353,4.172712476235084,win,0.16788257032237874,-0.0000013904960010080458,1.7777691335645764,-0.4288462094249592,1.0154331618221173,-0.0000027809920020160916,1,1
831,ef235ffd,10ac04a8,12,true,true,,,58.288869921050086,52.898839505489796,5.39003041556029,win,-0.1862005293509419,1.7763568394002505e-15,2.045454545454545,-0.8659507340593731,2.7080227175566023,1.7763568394002505e-15,1,1
832,c7acd8b2,165da2f8,10,true,true,,,54.99787870166139,52.71849518190508,2.2793835197563155,win,-0.2809027372521251,0.3505189562486919,1.271604938271608,-0.058060028750727355,0.029032219107341106,-1.7763568394002505e-15,1,1
833,3c6edb7a,597c0877,9,true,true,,,53.35177291027328,48.302603597003035,5.049169313270248,win,-0.12024022810461799,3.552713678800501e-15,1.3888888888888937,1.225606736489901,0.6034170926627977,7.993605777301127e-15,1,1
834,064ae4d5,8f12a254,10,true,true,,,54.538330582361574,51.96703745044835,2.5712931319132224,win,-0.1793023515130341,-3.552713678800501e-15,1.9567901234567966,-0.05770617105592013,-0.309613682665848,-5.329070518200751e-15,1,1
835,82e33fc4,0368048e,7,true,true,,,56.90133021260582,52.31970920340402,4.581621009201804,win,-0.02955613639131771,-0.10695098442623241,0.7142857142857233,1.5205785908648224,0.7927982698975744,5.329070518200751e-15,1,1
836,e44cc22e,bb629671,11,true,true,,,58.427415824643504,54.2991101456391,4.128305679004406,win,0.20846723699781555,0,1.7222222222222205,0.08701552768335574,0.3437181583564506,0,1,1
837,355be624,b55c8742,11,true,true,,,60.15527546485458,52.736298969072514,7.4189764957820685,win,0.5146317271085896,0,1.419191919191917,0.544237959398437,2.1339594851516503,-2.6645352591003757e-15,1,1
838,c8918e2a,cb96333d,11,true,true,,,56.780820444347455,52.22031485481584,4.5605055895316156,win,0.07916801351906466,0,1.5555555555555518,1.126620066056927,-0.19391665369496636,-1.7763568394002505e-15,1,1
839,4ab4009c,df3c5016,12,true,true,,,56.179944483032415,53.56267206146454,2.6172724215678755,win,0.2590325458659457,1.7763568394002505e-15,1.477272727272731,-0.47675190348683216,0.15747631606089385,4.440892098500626e-15,1,1
840,7416b0f8,8fd74c3a,11,true,true,,,53.133612211246785,48.29705159906353,4.836560612183256,win,-0.4871847713547188,0,1.7641455905351489,0.8016190969339361,1.085177086181031,0,1,1
841,c53a2f3d,c0a37602,10,true,true,,,54.14777840336769,49.53925451934808,4.608523884019611,win,0.3923820005491887,-0.02200918914614558,0.8379533673701278,-0.02857642292689011,1.7868998517029464,-0.044018378292293825,1,1
842,ed63fa38,69da69e1,9,true,true,,,61.05123507512532,54.49614411527592,6.555090959849402,win,0.42191065151212226,3.552713678800501e-15,1.3657407407407307,0.37506726204338126,1.9233120688249716,2.6645352591003757e-15,1,1
843,d2058210,a344bd43,11,true,true,,,56.23696159093866,51.66986901826897,4.567092572669694,win,-0.1983910955298569,-0.0010989039672075762,1.9846975469292847,0.24715172441718725,0.8040649158597848,-0.002197807934418705,1,1
844,f1480ffb,d4ae7b8a,10,true,true,,,57.506973809104586,47.32190617330028,10.185067635804309,win,0.02965640160328853,0.0009340140316611567,1.5006037336222215,1.4166496375639355,3.8149543236348853,0.0018680280633214252,1,1
845,5353ab02,919f8f38,9,true,true,,,54.88496422689737,51.72015325147424,3.16481097542313,win,-0.3241695577280579,0.0013879559357228288,1.7395179657396023,0.22398432793692447,0.3103892623996547,0.0027759118714412168,1,1
846,16623aac,a1d03318,7,true,true,,,54.634881838735524,53.35755162916244,1.277330209573087,win,0.35894891471267565,1.7763568394002505e-15,1.4814814814814907,-1.2810316550352097,-0.01426960718929049,2.6645352591003757e-15,1,1
847,18abf00a,8a0db2e7,13,true,true,,,56.70662916020072,53.90108106175158,2.8055480984491368,win,-0.029810832595354997,-0.007119309077598501,1.5862530185518127,-0.8869243192724197,1.1688550964166842,-0.014238618155199667,1,1
848,2aea3b9b,46de6255,7,true,true,,,55.11351824270254,51.66693358239742,3.4465846603051205,win,0.03269338842736813,-1.7763568394002505e-15,1.7592592592592586,-0.22591772587937164,0.4671676595200922,-8.881784197001252e-16,1,1
849,a77c3ee3,a13b64dd,9,true,true,,,58.03843468451638,52.6912617023503,5.347172982166079,win,0.1147383647539284,-0.04895514040622828,1.7099757294153903,-1.1100120699117841,3.073561998089234,-0.09791028081245567,1,1
850,7ad2a75a,33a7abbb,12,true,true,,,56.455114179932735,54.14182075946334,2.3132934204693925,win,-0.23099515027693585,-1.7763568394002505e-15,2.0328282828282767,-1.4953833928474136,1.2787535131018428,-3.552713678800501e-15,1,1
851,a1b69b90,0bb9e2e6,6,true,true,,,57.49066019173996,48.48239908278558,9.008261108954386,win,-0.058632242141472,0.8764289627575179,1.9431184474335863,1.3832258839113845,1.2190734603638695,0.00045650575656441816,1,1
852,116c1ade,495fc117,9,true,true,,,60.489049177067216,52.2637283960152,8.225320781052012,win,-0.4470782096947725,-0.00015539477808701463,1.7824529982802737,1.0906789983279763,3.1746343739975504,-0.00031078955617047654,1,1
853,231e6022,d078c9eb,6,true,true,,,57.80063998975767,53.47756655291534,4.3230734368423285,win,-0.300861977228446,0,1.6111111111111107,-0.22237778112027407,1.8735657845980151,-1.7763568394002505e-15,1,1
854,17c954a9,67a04305,7,true,true,,,56.789107315750115,51.2592756852636,5.5298316304865125,win,0.14537203376830776,-0.007335290284668616,1.7640836521868213,-1.2638245540216957,3.154762027049726,-0.014670580569337233,1,1
855,b80f0ff4,3471fed1,3,false,false,below-min-elements,below-min-elements,,,,unsupported,,,,,,,,
856,6133e1ea,0b5f303c,10,true,true,,,57.051622731214806,49.42282123317719,7.6288014980376175,win,0.038536745124466254,0.6442952880572141,1.6234567901234538,1.1187132261598336,1.1279296967038883,-7.105427357601002e-15,1,1
857,c3a56c5e,3c720141,10,true,true,,,56.79041095087983,53.190601745327456,3.5998092055523756,win,-0.8235772556767424,-5.329070518200751e-15,1.7283950617283832,-0.23197587557035604,2.0579287591172966,-7.105427357601002e-15,1,1
858,4bfb4470,86dbe076,6,true,true,,,58.630962993125166,57.22348652970496,1.4074764634202097,win,-0.27236812139920774,0,1.1111111111111205,-0.4545857541909317,0.5963049278210066,8.881784197001252e-16,1,1
859,150e24b2,2b3cc252,12,true,true,,,56.064886805640555,52.54329923207668,3.5215875735638775,win,-0.17493969849635027,0.0018013790929076734,1.66787565446809,-0.04245339993771591,0.7565852510194624,0.0036027581858135704,1,1
860,e3b516d5,cc852797,9,true,true,,,54.47673242762198,51.77845467344844,2.698277754173546,win,-0.28324956196503814,1.7763568394002505e-15,1.296296296296295,-0.12045243448363419,0.9179614002813707,1.7763568394002505e-15,1,1
861,a080fb37,96437912,11,true,true,,,55.126502416001046,52.18976419789054,2.9367382181105057,win,0.2456570414155692,-0.013141927189384894,1.7152920689832243,0.038172128218040946,-0.5022202094584385,-0.02628385437876979,1,1
862,673a628e,f73e639a,11,true,true,,,54.74173328731942,52.67323832080138,2.0684949665180383,win,-0.13045363673179233,0,1.3080808080808053,-0.26833642034829097,0.3601067341024695,-1.7763568394002505e-15,1,1
863,37a8cf07,f9dc670f,11,true,true,,,56.94347039219277,50.215429293915825,6.728041098276947,win,0.23081734144678046,0,1.8737373737373773,0.12447652343686055,2.007423102017164,-2.6645352591003757e-15,1,1
864,2881a482,2e150266,8,true,true,,,56.42630853360864,54.183503623776936,2.2428049098317047,win,-0.1732228539682601,0,1.2797619047619078,-0.7137893627028511,1.1566959360169005,0,1,1
865,f5ba56cc,18e93771,9,true,true,,,57.402299028111365,50.42579611514078,6.976502912970588,win,0.32359255484960614,0.00040292343924264173,1.2290300469370088,0.8995200631255811,1.9287406815045482,0.0008058468784870598,1,1
866,9c444263,382e3e9a,10,true,true,,,59.139227619389786,54.728504402640176,4.410723216749609,win,0.13233157231452353,-0.027800467250745697,1.4654661507311069,0.2136331702408123,0.949894863347752,-0.05560093450149228,1,1
867,387f4fe4,da01a702,11,true,true,,,55.418459504389794,51.77392672658531,3.6445327778044856,win,-0.06658004540992635,0,1.3636363636363633,0.04970421363622357,0.9640542404761474,0,1,1
868,9419933a,6b1e0909,12,true,true,,,55.85396612872774,53.17615414738607,2.6778119813416694,win,-0.0274023546877602,0,1.5404040404040362,0.6262170089561385,-0.7826137379146942,-8.881784197001252e-16,1,1
869,72688c60,6a703c86,9,true,true,,,56.33566409858042,51.6852844126923,4.650379685888126,win,-0.07597164032418124,0,2.1527777777777777,-0.25419865090064686,1.0617821082118342,0,1,1
870,af10c49d,72e0ffeb,9,true,true,,,57.765651792867835,53.326875292983104,4.438776499884732,win,0.26906697122789835,1.7763568394002505e-15,1.7129629629629592,0.34804149928561934,0.16163493147607433,2.6645352591003757e-15,1,1
871,961cfff9,9145bade,10,true,true,,,54.42137165380193,50.9403685170534,3.4810031367485266,win,0.1719772900586416,-0.0921451456454685,1.5237895126121774,-0.03653440314708245,0.6145076265176819,-0.18429029129093433,1,1
872,d7e3c9a4,87ebc550,11,true,true,,,59.27460271104636,54.95888498248226,4.315717728564103,win,0.06346712228410212,-1.7763568394002505e-15,0.989898989898987,0.6166749471310196,1.0403007555038197,-1.7763568394002505e-15,1,1
873,1dffad7e,868086e1,14,true,true,,,59.92829296835451,50.46309177094401,9.4652011974105,win,0.31528759774547943,-3.552713678800501e-15,2.109279609279608,0.8616983325232157,2.6839258404552497,-2.6645352591003757e-15,1,1
874,8e8211d9,687204e5,12,true,true,,,57.71251084314039,52.79702164123543,4.915489201904961,win,0.11702099585255032,0,1.6161616161616177,-0.6246121461286043,2.1174649361197417,0,1,1
875,2a20a33c,61c8fc7d,11,true,true,,,55.78120112973941,51.42118895816054,4.360012171578866,win,0.02836190237195657,-0.044633842055326056,1.7785750752060165,0.3998398943444226,0.48540751602498045,-0.08926768411065211,1,1
876,5b2c123b,b1fe63d9,7,true,true,,,55.54088358046927,51.36446729113601,4.176416289333261,win,-0.04604157086252636,1.7763568394002505e-15,2.0502645502645542,0.2700153559252225,0.13784290651155562,2.6645352591003757e-15,1,1
877,9d63325c,2fdcabf1,9,true,true,,,57.495765340813314,50.086449146807645,7.409316194005669,win,0.308194243493483,-0.010808639896269234,1.7340245941305765,1.3352663833190928,1.0946402213809545,-0.021617279792539357,1,1
878,fbcb36ea,91bc65ca,12,true,true,,,58.7349759451617,50.22346302465702,8.511512920504678,win,0.297499702123901,0.15799717998368656,1.9065656565656601,0.13337671309437837,2.9419976500742946,1.7763568394002505e-15,1,1
879,0732dd30,f17431a3,9,true,true,,,54.777576221432454,50.67836781666827,4.099208404764184,win,-0.049149920619458776,0.8533053754207831,1.4583333333333401,-0.6561272468691559,0.7520793889497197,8.881784197001252e-16,1,1
880,f58e9ff9,1ba7bec4,12,true,true,,,54.237273522119686,49.92888332876359,4.308390193356097,win,0.12330791614583148,-0.001276742273597975,1.1615163572541576,0.8209008253095877,0.45479517028561744,-0.0025534845471995027,1,1
881,b28adca0,87f2ed45,9,true,true,,,55.919826403558574,49.512014705113536,6.4078116984450375,win,-0.04887679180745175,-0.0021179676869724773,1.4662563584515542,-0.09364487919184672,3.0557216176281834,-0.004235935373947619,1,1
882,7a986bca,6d88dac9,9,true,true,,,59.46597940379034,53.33916521115906,6.126814192631279,win,0.31606722308337254,-1.7763568394002505e-15,1.55092592592593,0.7805131641968162,1.0247892495205875,-5.329070518200751e-15,1,1
883,a8f0275f,677eeb6c,10,true,true,,,53.376832794289584,52.388976824378744,0.9878559699108393,win,-0.06250161406586852,0,1.999999999999993,-2.011027105050907,0.6921785488565515,0,1,1
884,6a46b079,16e0e830,8,true,true,,,57.112844944432474,53.916057033170844,3.19678791126163,win,-0.14028219454011115,-0.0025333618676235403,1.1696964800187946,1.7039046539933604,-1.0504814475674795,-0.005066723735248857,1,1
885,4ec9fe05,c1e8c69a,7,true,true,,,57.88354296231176,53.174221980178984,4.709320982132773,win,-0.16940539912090813,0.003718968382170118,1.575756867738951,0.17024001669177125,1.4893669854712703,0.007437936764336683,1,1
886,35f5f6d9,a4dcb710,10,true,true,,,58.15453945128717,50.330825601568066,7.823713849719105,win,0.3281190221365813,0.24670092311643899,2.0802469135802486,0.31735405857170296,1.7805138410654076,0,1,1
887,b2f73f71,bb0e8062,7,true,true,,,58.11458651267023,52.71496471501648,5.399621797653751,win,0.15634359139596654,0.008361113830117617,1.677018694665585,-0.9417480927108244,2.7052205440910964,0.016722227660236122,1,1
888,e46cf005,ca121a07,10,true,true,,,57.43294059199253,49.463823306725345,7.969117285267188,win,0.07812319144055424,-0.002607780397354098,1.562475823483683,0.5977097738665789,3.0240176707634037,-0.005215560794710861,1,1
889,490c0edc,888eba5b,10,true,true,,,55.636881038673025,49.35787366567563,6.279007372997391,win,-0.17018312242815092,0.000019063885314807294,1.6666653901017048,0.8880487782319815,1.6605553825467685,0.00003812777062961459,1,1
890,46f377d5,21b85a09,11,true,true,,,58.33576660208707,54.39519448279336,3.940572119293712,win,-0.3865494471824156,-1.7763568394002505e-15,1.7070707070707112,-0.05188219155764173,1.3884366314604106,-3.552713678800501e-15,1,1
891,3dfd1e97,8206df1a,12,true,true,,,57.03581855019151,53.03662683597979,3.999191714211719,win,-0.17814626299695124,-0.0011090347901294706,1.2499778178459637,0.4646400543093092,1.052194170009499,-0.0022180695802598294,1,1
892,08cd6c02,253b0b95,9,true,true,,,56.24170961865601,52.92164939840755,3.3200602202484575,win,0.10082466311505245,0.39739187235766504,1.0648148148148122,0.08125657432044964,0.20459244713777558,7.993605777301127e-15,1,1
893,32f78dfb,426a965e,9,true,true,,,60.18097725242697,50.918313420431176,9.262663831995795,win,0.06954095207662103,0.0021964958164648607,2.616491587355819,1.7319433039557035,1.1709222200007052,0.004392991632932386,1,1
894,25744e05,4a14f9aa,9,true,true,,,56.23686702811595,53.506779516300554,2.730087511815398,win,0.1585027353285695,-0.04544990651238301,1.0691368480899728,-0.77045818085079,1.4573010564612625,-0.09089981302476335,1,1
895,7d62c4de,2ab56fee,6,true,true,,,53.088834840861374,50.57134281548851,2.517492025372867,win,-0.02471492898542893,-0.006687445093689348,1.169494927391499,0.5032231032822612,-0.25904488161945594,0.013374890187380473,1,1
896,24593a25,9cb77c67,4,true,true,,,58.45299339405176,54.178282539817914,4.274710854233845,win,0.11925842368110384,0.9088492079372905,1.620370370370364,-0.3526431899153293,-0.07569455046539186,6.217248937900877e-15,1,1
897,ef908209,58de9fe4,7,true,true,,,56.36598843056695,51.866338521672276,4.499649908894675,win,0.12026292389978455,0.42197153461668524,1.4814814814814845,0.3068716619362899,0.18244370385066944,-1.0658141036401503e-14,1,1
898,3af4ead7,2ac88c8c,10,true,true,,,58.12090114871385,53.46794313655888,4.6529580121549685,win,0.2518229991665275,0.38535840706600677,0.9814814814814783,0.45174553778663906,0.6186520023644047,-2.6645352591003757e-15,1,1
899,cf9b863b,182f6ae3,9,true,true,,,54.81715287607051,51.37961738412005,3.437535491950456,win,-0.24740754320094505,-1.7763568394002505e-15,2.291666666666665,0.16578912066535523,-0.27229443208948556,-3.552713678800501e-15,1,1
900,e337934c,0b10a52a,12,true,true,,,54.744235742239525,53.96435240108766,0.7798833411518657,win,-0.35270590007263514,1.7763568394002505e-15,1.818181818181805,-1.064290181993215,0.07887597590073181,0,1,1
901,d5ead5cf,9a6eb6c8,6,true,true,,,59.52252318790846,56.05840804188009,3.4641151460283695,win,-0.25259869801895074,-1.7763568394002505e-15,0.7222222222222241,1.2903807556638993,0.4431452820100237,0,1,1
902,40880c21,20d06f30,7,true,true,,,56.90230292137417,51.491936916421395,5.4103660049527775,win,0.27977627568305685,0.3785512854183555,2.235449735449736,0.4773065355709516,-0.5535790339480462,8.881784197001252e-16,1,1
903,a8b225b7,d5ef53ab,7,true,true,,,57.30519150565574,51.1460878591279,6.159103646527839,win,-0.14704117055581056,-3.552713678800501e-15,1.7592592592592595,0.9131443591271067,1.3772868912343412,-8.881784197001252e-15,1,1
904,339a40e5,c5f3c409,9,true,true,,,56.81206353381193,53.0411642869617,3.7708992468502274,win,0.03804636445855891,0.008255480639570933,1.551539662845908,-0.09563466173801594,0.7908211624993404,0.01651096127914009,1,1
905,321cf4ca,8dc5c592,12,true,true,,,59.948677330187735,52.754579139375586,7.194098190812149,win,-0.15997569047788218,0,1.8939393939393883,0.8508393367613074,2.07339809770144,0,1,1
906,19ede2fc,0a85197d,11,true,true,,,58.211501073546785,52.66699607017518,5.544505003371604,win,0.47262061064783545,0.2939432152740924,1.7403351818950785,0.8293706640081355,-0.39535505482664757,-0.0427230300077186,1,1
907,47e8e28b,213b916e,9,true,true,,,59.712969496998376,51.63234721542871,8.080622281569667,win,0.2807069546533685,0.0004335297015618522,1.4838465015959468,1.266524223304005,2.029703916392352,0.000867059403126369,1,1
908,5b7cbe66,236809dd,11,true,true,,,57.706326732904614,52.4543776346875,5.251949098217111,win,-0.019697200362766232,0,1.25252525252525,0.9919578608677586,1.0618094948157468,-3.552713678800501e-15,1,1
909,ed4b4ff8,2f752840,6,true,true,,,56.69252988804836,53.44021788004316,3.2523120080052053,win,0.12023609884863617,-1.7763568394002505e-15,1.2777777777777777,0.13035077153555008,0.37219833979969863,-1.7763568394002505e-15,1,1
910,9371de67,67180c0a,9,true,true,,,56.73157651459796,52.35239793990545,4.37917857469251,win,0.14764999378081445,-0.0038491985286501773,0.8591215441216233,-0.12401333952661453,2.059369485883409,-0.0076983970572994664,1,1
911,4761b4c4,6542de9c,11,true,true,,,58.18071262634989,48.66893658137962,9.511776044970269,win,0.09033471515933167,-0.0000014599879643029112,2.4242642822539704,1.937520426921619,1.3290256451020648,-0.000002919975927717644,1,1
912,8462e5aa,0367e977,11,true,true,,,54.254927720521934,50.731567120467034,3.5233606000549003,win,0.012518389795404428,-0.00008715658395974657,1.308147063750928,0.27125757693527497,0.5386498806303761,-0.00017431316791860496,1,1
913,67cae8d5,8efaee8e,13,true,true,,,55.69301532033444,53.030376764799385,2.662638555535054,win,0.053407182394865416,0,2.190170940170935,-0.5372975386916448,-0.34063905087017066,0,1,1
914,4261fb7d,a947bcac,7,true,true,,,53.32926598463536,49.79714891495212,3.5321170696832453,win,0.39492803146194566,0.17730088728987958,1.137604419647733,0.44623712488532963,-0.3500894311463725,0.0005469569783773665,1,1
915,4a7e3f48,bb638617,11,true,true,,,55.04369334808152,51.33537332930197,3.7083200187795455,win,-0.27808950349417993,-0.0008147325566625341,1.7607451224987782,-0.3713493097054714,1.3636931913784034,-0.0016294651133250682,1,1
916,18de9101,ff63e5a5,8,true,true,,,56.55164120216172,50.639577899178065,5.912063302983654,win,0.42924969932452806,0.25148761815692033,1.3293650793650782,0.5809582245511429,0.8427153312857829,0,1,1
917,a5be76c5,de05853b,11,true,true,,,55.78613317953771,53.72924346916571,2.0568897103719976,win,-0.15426286470523554,0,1.7777777777777777,-0.35655207835323033,-0.1249082151411045,0,1,1
918,e2ab4c86,8a09a687,11,true,true,,,54.84447115235256,54.04983243932296,0.7946387130295989,win,0.08732413131384353,0,0.8686868686868676,-0.6327265494861329,0.08309784452430069,0,1,1
919,fbdbacfd,b75ddb61,11,true,true,,,56.87408557962439,51.66292391942712,5.21116166019727,win,-0.2600161936264733,0.5556576323946079,2.0403088701125265,-0.3890983640890404,1.2744694312589262,-0.0003509115966542353,1,1
920,d7ef429d,b81967e0,12,true,true,,,58.64257415022743,51.14928568031998,7.493288469907455,win,0.2186474800911249,-0.005959370888064086,2.183736707095778,1.1789164236374905,0.8881375259350115,-0.011918741776126396,1,1
921,b1b7d926,767ba0a7,11,true,true,,,54.58561905834774,51.876596355428326,2.7090227029194125,win,-0.1306429288519202,-0.00174729249242489,1.0209141585895,0.3865389775929611,0.41035451930950373,-0.00349458498484978,1,1
922,1e57729c,3d6ad211,8,true,true,,,55.33868112584734,51.76986106942969,3.5688200564176498,win,-0.11027916943070393,2.6645352591003757e-15,1.5079365079365097,0.01250877424447605,0.8341956796434697,8.881784197001252e-16,1,1
923,eac8085c,e11de638,13,true,true,,,57.28852845451601,49.405999256692766,7.882529197823246,win,0.514357785461184,-0.019178755366032085,1.7724031165118452,0.44802513913578323,2.188934609428026,-0.038357510732061506,1,1
924,abdd0261,75817155,7,true,true,,,54.29784089684594,52.782025697774415,1.5158151990715254,win,0.21344549966703363,0.0007474521411152679,1.0046069544338012,-1.2147714899658801,0.9578649666475192,0.0014949042822318681,1,1
925,d866f020,9b8d4616,5,true,true,,,56.604547040637485,48.55944038155749,8.045106659079991,win,0.31821875025979685,0.352269731494002,1.9999999999999973,0.09673174923795447,2.1874794600885634,-6.217248937900877e-15,1,1
926,f4e1b6a4,47ea1e37,11,true,true,,,56.407393817307906,50.59808247134637,5.809311345961532,win,0.4002756445190774,-0.01404581254226045,1.8395671210308908,-0.4214632404184231,1.8060677620479804,-0.0280916250845209,1,1
927,9847a8f8,67d50b6c,9,true,true,,,54.59602805943224,56.981839018978306,-2.3858109595460633,reversal,0.21136127000300298,0,1.1805555555555554,-1.6046581432502647,-1.7098783980091277,0,-1,-1
928,a9d0badd,045de385,8,true,true,,,57.10192101146667,56.90581848181631,0.19610252965036068,win,-0.399475418055661,-0.23674935255169505,1.9871332416888245,-0.4219303082073127,-0.9560105395309169,0.0025409671507201637,1,1
929,d6a234d1,437f4f38,12,true,true,,,56.257824508037714,50.904069665154765,5.35375484288295,win,0.38009303814265105,-2.6645352591003757e-15,1.287878787878789,0.30542685269498016,1.2828724522173571,0,1,1
930,79ec3de5,1859c33f,8,true,true,,,57.53937816525418,50.00456866297104,7.534809502283139,win,0.19469894670799182,8.881784197001252e-16,2.7876984126984112,-0.3157836725031897,2.004407255896796,8.881784197001252e-16,1,1
931,0e0983c2,2d0c5d96,13,true,true,,,54.44862193854974,49.5674707355585,4.881151202991241,win,0.049458276081345565,0,1.898148148148147,0.8666684843993888,-0.03576686092224168,2.6645352591003757e-15,1,1
932,c080c557,b1372e91,12,true,true,,,55.19189284190088,53.107048350283506,2.0848444916173747,win,-0.3774989414124872,-3.552713678800501e-15,1.2499999999999911,0.7910418486851363,-0.46267070645589126,-6.217248937900877e-15,1,1
933,53e74052,fe092b56,9,true,true,,,56.79083700454509,51.78246139957608,5.008375604969011,win,0.11255415681217285,-0.3968309894576185,2.1830256612924357,0.10938960673891973,1.2190677658534916,-0.13675697258776243,1,1
934,8d594c29,40c2cdc5,8,true,true,,,55.489810820397196,49.25938117385449,6.230429646542703,win,0.0914345544999362,0,2.3214285714285694,1.0594757610126742,0.10084851423652896,0,1,1
935,aafdea1e,59cf323f,6,true,true,,,55.23874969602211,55.19285739886839,0.04589229715372056,win,-0.3498551785438502,0.7797053688695135,1.222222222222232,-0.5325680270355493,-1.5159664620344415,3.552713678800501e-15,1,1
936,972f2aa1,73b0a393,9,true,true,,,59.89380707550693,53.02693591957407,6.866871155932856,win,-0.27755428271001437,1.2922483592289717,1.4351851851851807,-0.06752010407891618,1.84519118247462,-5.329070518200751e-15,1,1
937,9c155c93,345b6c44,10,true,true,,,55.35394942517598,54.55915816509999,0.7947912600759963,win,-0.2204369384101572,0,1.7283950617283965,0.3911538995443289,-1.82998078099435,0,1,1
938,e5e31e0d,afd8e9c5,7,true,true,,,59.61614482737956,52.51873186789595,7.097412959483606,win,0.49945801287793756,-0.021776312959843835,1.5237055799154806,1.6816508463875595,0.42228763915725587,-0.04355262591968945,1,1
939,4e951c02,cbf2e401,9,true,true,,,56.45509961426485,53.30112581044545,3.1539738038194045,win,0.24211147514611975,0,1.4814814814814747,-0.019939873516942264,0.011577427541897833,0,1,1
940,f2aa93bf,a27b00d7,10,true,true,,,55.673313296772484,50.954738756340525,4.718574540431959,win,0.3277695915662191,0.2885092247535219,0.6666666666666652,0.6508895174762674,0.8573836298491031,-8.881784197001252e-16,1,1
941,00491ce0,0f0e2633,12,true,true,,,58.421026326118294,53.61476880338904,4.806257522729254,win,-0.342633870934256,0,2.1843434343434316,-1.0216666542363582,2.5403749989415747,1.7763568394002505e-15,1,1
942,89f9aebe,1b94af98,11,true,true,,,55.59146929013543,53.564308480576614,2.027160809558815,win,-0.10838369466088205,-0.000487302349508667,1.4746870755180792,-0.1892658605378319,-0.027195103032709333,-0.0009746046990155577,1,1
943,e10cf5a2,f943c052,11,true,true,,,55.17589284554297,52.70367361175249,2.472219233790476,win,-0.4282196740732571,0.0005372847428395389,1.72790164746913,-0.46732265543373686,0.8465364839031038,0.0010745694856790777,1,1
944,b916a6df,2762fab7,11,true,true,,,52.93757341315168,48.65228914166749,4.285284271484194,win,0.09688012593307604,-0.011504654215904964,1.3677502032705497,0.45205933550307353,0.698269182632834,-0.023009308431810815,1,1
945,ce371d3d,1775687e,9,true,true,,,59.69137129940427,53.31007146017461,6.381299839229655,win,0.4740749793283139,0,1.6898148148148149,-0.4670043288765644,2.3265189052176645,3.552713678800501e-15,1,1
946,f12594ff,5d1197c9,7,true,true,,,55.26342163236527,54.805817179388676,0.4576044529765966,win,-0.2722770934884955,-1.7763568394002505e-15,1.0978835978835972,-1.1323995750687237,0.748653167204389,-1.7763568394002505e-15,1,1
947,bf643e59,62506674,8,true,true,,,56.0545415415394,48.48610826168732,7.56843327985208,win,-0.8606502259614353,0,2.083333333333334,1.7560416972326847,2.13791210383949,0,1,1
948,e12de6b2,2f4f3918,10,true,true,,,57.153803947831236,55.47756614081729,1.6762378070139476,win,0.12087161422320158,-1.7763568394002505e-15,1.4567901234567948,-0.4594764507318949,-0.3123156029724008,-2.6645352591003757e-15,1,1
949,7d297c36,0df8683a,10,true,true,,,56.52411567640296,49.76318519309317,6.760930483309785,win,0.9050796254085014,0,1.1049382716049347,0.6822215334494155,1.2362038745164847,0,1,1
950,33e1d659,7513474d,13,true,true,,,54.8999898019641,51.623892813839674,3.276096988124422,win,-0.02255060707031631,2.6645352591003757e-15,2.143874643874647,0.5341737120307091,-1.0315595789940843,5.329070518200751e-15,1,1
951,1f44621b,d384c45e,11,true,true,,,56.35341777771583,52.242227149952704,4.111190627763129,win,-0.22838533678399475,0,1.651515151515155,0.4252849267949621,0.7304088382817611,1.7763568394002505e-15,1,1
952,b432a6d3,0edde878,13,true,true,,,56.87032361015878,51.2454561532818,5.624867456876977,win,-0.2887721982445184,0.19335356848031537,1.9337606837606875,0.712068523444473,0.941474004358283,3.552713678800501e-15,1,1
953,d42f9834,1e7c8f36,10,true,true,,,60.16940163931501,54.77473318813467,5.394668451180344,win,-0.1550008725783849,0,1.4999999999999991,-0.21691136519417586,2.5754753325086206,0,1,1
954,ec767969,ec0a8334,8,true,true,,,59.05683432044447,51.63656812370984,7.42026619673463,win,-0.38940890055667454,0.4047222808289339,2.1924603174603208,0.8105337099287331,1.6706834998773497,0,1,1
955,b33fc14d,43406746,10,true,true,,,54.66426648031853,48.39459927932508,6.269667200993453,win,0.0484099713312276,0.2049452678134518,1.9567901234567913,1.629568301508133,-0.33186466135468695,-2.6645352591003757e-15,1,1
956,bf0a3392,bacae2ec,11,true,true,,,53.48662353078139,49.75843958786885,3.728183942912537,win,0.2960220111386169,-0.0017618129465635235,1.7780661008452618,-0.63217261366598,0.7275143434151925,-0.0035236258931297115,1,1
957,15b98da2,d6d7be2b,9,true,true,,,56.27898695643584,50.72225963102181,5.55672732541403,win,0.1297148612035155,0,1.2268518518518485,0.37928085292204194,1.8414505234329743,-2.6645352591003757e-15,1,1
958,27adca84,c98453d5,7,true,true,,,55.5896849393648,53.26068487074953,2.3290000686152723,win,-0.20906401967877253,1.7763568394002505e-15,0.952380952380949,-0.6777835307042297,1.672578227798411,4.440892098500626e-15,1,1
959,f124218e,3626a4e5,12,true,true,,,55.87074214744443,50.30041834357885,5.570323803865584,win,0.2915459992625462,0,1.4520202020202024,0.7966953665279597,0.7599367099413961,-2.6645352591003757e-15,1,1
960,d33c549e,4ce628ba,7,true,true,,,53.2873159598197,45.126913563442166,8.160402396377535,win,0.3848779171658272,-0.1038642012674682,2.4735449735449664,0.5968826096312823,1.590471677142257,-1.7763568394002505e-15,1,1
961,4bc9cddc,56fa9a5a,10,true,true,,,59.52271374184063,55.85439235251556,3.6683213893250723,win,0.04253152825302431,0,1.7469135802469156,-1.9320024295121856,2.7661400914664416,2.6645352591003757e-15,1,1
962,0d08dc52,a8574c3c,9,true,true,,,53.03514785696553,50.68070238130345,2.3544454756620823,win,-0.1963901367852614,1.7763568394002505e-15,1.3657407407407458,-0.13888127605667222,0.4457649421385108,1.7763568394002505e-15,1,1
963,e79b9eff,fb8cf79b,12,true,true,,,52.49367218169705,47.74543133299794,4.748240848699112,win,-0.41011093858193215,-0.008272252759082832,1.7391665254862465,0.06801949192561363,1.8656025602161228,-0.016544505518165664,1,1
964,b565ed16,096b23a1,8,true,true,,,57.05709686478649,55.605640825562205,1.4514560392242828,win,0.011262164851195688,1.7763568394002505e-15,1.2797619047618998,-0.2812769572594105,-0.28493125510872197,2.6645352591003757e-15,1,1
965,03feede9,c1b90a05,6,true,true,,,57.52382948596696,54.425526283926104,3.098303202040853,win,0.16844300437800475,8.881784197001252e-16,1.1111111111111134,2.28044622056088,-2.2890501962819547,2.6645352591003757e-15,1,1
966,62628182,a8b809a0,10,true,true,,,55.3425025728625,51.55543713834787,3.7870654345146306,win,0.03825317529698369,3.552713678800501e-15,1.9382716049382696,-0.3402627692753608,0.6175101054008305,7.105427357601002e-15,1,1
967,b721d841,c8c24057,10,true,true,,,56.43732941966422,48.10944959806076,8.32787982160346,win,0.32537487286871736,0.19539348120716937,2.6842533103971085,0.48737080480441897,1.2188653013265203,0.004593291221040019,1,1
968,7277c407,50e08707,12,true,true,,,55.257503166740946,51.38847676201563,3.869026404725318,win,0.694075796764404,0,2.0454545454545503,0.009897498716321174,-0.9946677917314819,-8.881784197001252e-16,1,1
969,c530e9dc,52dd9cfd,11,true,true,,,55.08144115974395,47.93386129357482,7.147579866169131,win,0.41395989004056166,0,2.0656565656565657,1.2010203359636407,0.41526757539594517,-1.7763568394002505e-15,1,1
970,cad4ab09,4a0cd494,9,true,true,,,56.12114375989216,50.4461293679828,5.6750143919093645,win,0.3748331824157298,-0.009558174161291788,1.8509393684653386,0.02771631448188039,1.1576487946668852,-0.019116348322583576,1,1
971,edf49a23,5947bf49,11,true,true,,,55.53437048764518,48.22105964849144,7.313310839153736,win,0.17407605335085274,-0.000007850942260745342,1.873746295860955,1.1799004121020396,1.2216760169985053,-0.000015701884518826148,1,1
972,aa1633f1,2cfc5e90,10,true,true,,,55.94838575611067,46.824745258666205,9.123640497444462,win,0.26710068970350287,0.342573688979499,2.2965580160129786,0.7850273585054337,1.86376342083545,-0.031230600279498866,1,1
973,047d0c1c,e2193e44,8,true,true,,,58.2431704568976,52.25308981017649,5.990080646721111,win,0.10950934254467559,0,1.587301587301587,1.731449762016454,0.029330595210355526,-8.881784197001252e-16,1,1
974,69690d35,8708cf0e,6,true,true,,,56.320965289084214,50.94201574349689,5.378949545587325,win,-0.3497551086729409,0,2.3888888888888937,-0.09238578851548418,1.5474343907712282,-2.6645352591003757e-15,1,1
975,f6f25364,8685eba6,8,true,true,,,54.59580067506007,49.94124091377238,4.654559761287686,win,-0.1690671259767762,-1.7763568394002505e-15,1.5376984126984077,0.06615162069700364,1.6397442881246018,-6.217248937900877e-15,1,1
976,1a6418fb,af38d3a7,11,true,true,,,57.25543136232852,50.139944037474756,7.115487324853767,win,0.3921182504581553,-0.0012149998176109733,1.3234619869048503,0.6531205924130212,2.1057133526068252,-0.0024299996352201703,1,1
977,39d1411f,dd639e0d,10,true,true,,,56.56023173415104,49.147947093824584,7.412284640326455,win,0.013248813113680313,1.1142749206192786,1.814814814814813,0.2510065481924837,1.132208472466111,-3.552713678800501e-15,1,1
978,0ec37387,3855f901,9,true,true,,,53.56360820248262,49.19250131800749,4.371106884475132,win,-0.2561910460933632,2.6645352591003757e-15,2.037037037037038,0.7380360792457656,0.06672075840535019,3.552713678800501e-15,1,1
979,f4c1c5b7,1eb05d5a,13,true,true,,,59.92293235668918,52.09354874917323,7.82938360751595,win,-0.04074283971315307,-0.004909398129127496,1.7232753309321716,0.31697184583292426,3.2607553843455506,-0.009818796258254103,1,1
980,3468a82b,7ece136e,8,true,true,,,58.67677670149316,55.015322115361855,3.661454586131306,win,-0.25413009466546876,-3.552713678800501e-15,1.7956349206349218,0.2292434335836413,0.4889069112148201,-1.7763568394002505e-15,1,1
981,be40c60b,14cc6189,10,true,true,,,59.31811663894713,56.340872074241936,2.9772445647051953,win,-0.601794011482097,0,1.4999999999999982,0.3193842565849039,0.836693121934589,0,1,1
982,0bfbad69,aebca34d,10,true,true,,,56.84028461171627,52.827926842210644,4.012357769505627,win,0.46177557006208003,-0.00851769428466298,1.9567264970632312,-0.8873094638494319,0.765363626940557,-0.017035388569328624,1,1
983,1721f759,9c55718c,9,true,true,,,56.435255637787435,50.35293430853305,6.082321329254384,win,-0.16103544141811987,0.00039643278662637726,1.852076493259288,0.532110917919205,1.6943701291997142,0.0007928655732527545,1,1
984,95f0e1ff,21d0f059,11,true,true,,,60.41241636229789,53.82436290965529,6.588053452642598,win,0.40826302229456646,-1.7763568394002505e-15,1.833333333333334,0.27435297973441664,1.4732160498785465,-3.552713678800501e-15,1,1
985,f49774a3,96482481,11,true,true,,,55.86319444460748,49.04347729428671,6.81971715032077,win,-0.1090939252014056,-1.7763568394002505e-15,2.328282828282827,1.2206431683403984,0.6664300066069888,0,1,1
986,1c21aee3,4614dc54,8,true,true,,,55.4051885200393,50.45809871624822,4.94708980379108,win,0.37233135931921324,0.4180912467981752,1.587301587301587,-0.17263130846635644,0.5620152362948536,0,1,1
987,46af82b1,fc6b5f1c,9,true,true,,,57.0583854073824,50.47067686887378,6.587708538508622,win,0.42443454627123334,-0.0013267409159851695,1.6206716523500084,-0.9954574722250271,3.320797019991973,-0.0026534818319712272,1,1
988,11597ee8,0517eefd,10,true,true,,,54.790683664702506,52.288456396738525,2.502227267963981,win,-0.5181382270884858,0.0002665826678249772,1.1341504584971105,0.6861066983061157,0.3696004305715279,0.0005331653356490662,1,1
989,3d725c1d,03ee30dd,12,true,true,,,54.465396189801794,49.75637578923831,4.709020400563482,win,0.019504930325854097,0,1.5277777777777732,0.3863073927612479,0.9793358052242587,0,1,1
990,30648938,eb99bc59,8,true,true,,,54.499914993472544,50.493085102921036,4.006829890551508,win,0.21432143807689563,-0.0011556961727574588,2.163375590992259,-0.5950150586157434,0.5106551449170667,-0.002311392345511365,1,1
991,06b93147,d8d6c9f9,12,true,true,,,57.8029929015573,55.13481254639525,2.6681803551620504,win,-0.1715077579429627,-0.00007704838819044824,1.4694761019587208,0.18156948886932422,0.10094934440943426,-0.00015409677638089647,1,1
992,69a101eb,079659f3,12,true,true,,,56.96388105500426,55.423839239708066,1.5400418152961919,win,-0.27931762608140254,0,1.7550505050505043,-1.1713137299170802,0.7446355606034984,3.552713678800501e-15,1,1
993,452076f2,8f72561b,8,true,true,,,56.88706638175493,52.48749899522677,4.399567386528155,win,-0.32420102383613836,-3.552713678800501e-15,1.5873015873015843,1.3122515477795176,0.08329402849651135,-5.329070518200751e-15,1,1
994,1c4d39c2,e8acaed3,8,true,true,,,54.8057260759488,49.917785356884174,4.887940719064623,win,-0.2787756430599,1.7763568394002505e-15,1.3789682539682522,1.401637228248397,0.5399107371301355,8.881784197001252e-16,1,1
995,f5e3c509,2fca8c14,8,true,true,,,59.38175495917338,55.296308007824024,4.085446951349354,win,0.28470342177445795,-0.0038779821644769896,1.7954860100304018,-0.40883714039712693,0.7182785358372117,-0.007755964328953979,1,1
996,640ac90c,5ea925ef,8,true,true,,,56.073044344233466,52.989928297726564,3.083116046506902,win,-0.06930356102154489,-1.7763568394002505e-15,1.8253968253968145,-0.6474945402790473,0.8033487114024851,-2.6645352591003757e-15,1,1
997,a453e6bc,fe472ec1,9,true,true,,,55.152885852397944,47.96621959692153,7.1866662554764105,win,0.4362092045086925,1.7763568394002505e-15,1.8055555555555571,0.46399033537011825,1.6755890241394122,3.552713678800501e-15,1,1
998,4ca26f69,840f0157,8,true,true,,,52.03369546969972,50.22169170772681,1.8120037619729104,win,0.01885342726540662,-0.0021582350189062183,1.7444354973955694,-1.7091984275990688,1.1446391857321379,-0.004316470037813325,1,1
999,e18474b8,d0dfcc33,10,true,true,,,53.93015821652865,53.030135551719944,0.9000226648087093,win,-0.2599548901811377,0.37792216752224395,1.5000000000000009,-0.9083123702851896,-0.3232176395184485,-1.7763568394002505e-15,1,1
1000,2c1a1b1e,0fe6c254,10,true,true,,,55.00880525772342,49.89550581572813,5.113299441995288,win,0.21099535131189162,-3.552713678800501e-15,2.080246913580244,0.24329653552460595,0.40553244179724945,-8.881784197001252e-16,1,1
1001,7391e99d,525e766f,10,true,true,,,56.94656610281564,50.11416832819721,6.832397774618428,win,0.4083722867059958,0,1.9382716049382722,0.9963140408156432,0.6139231621832435,0,1,1
1002,48474268,4b746444,10,true,true,,,56.736287864711684,49.74585466944278,6.990433195268906,win,-0.010257609058619721,1.1635050967259435,1.4567901234567913,0.44278756797967755,1.0187919752101395,0,1,1
1003,b668e9d9,357e0bc2,7,true,true,,,57.59252737908468,51.24414382379216,6.348383555292521,win,-0.05426934008667539,0.42377776652674104,1.574074074074069,1.1250125698545368,0.711038772406801,-2.6645352591003757e-15,1,1
1004,e749eca8,11bb635f,11,true,true,,,59.95410189462426,53.541263259906984,6.412838634717275,win,0.3573413695632959,0,1.2525252525252544,0.5934546114710795,1.8022080923932702,8.881784197001252e-16,1,1
1005,b6529ab2,0bfbcb52,11,true,true,,,55.4601424291763,52.81681085828774,2.643331570888563,win,0.13281629319779809,1.7763568394002505e-15,2.161616161616161,-1.2713741332315784,0.46820097388801685,1.7763568394002505e-15,1,1
1006,48d7a9c7,ecee20e9,7,true,true,,,55.87858926605047,53.823477159614804,2.055112106435665,win,0.06190562683381007,0,1.2830687830687824,0.349749847423106,-0.7097876516001982,0,1,1
1007,f674e156,b8099c71,13,true,true,,,58.095305945648015,53.55477201297674,4.5405339326712735,win,0.3533535055988888,0,1.5740740740740709,0.10727475643162077,0.5836190625336855,-1.7763568394002505e-15,1,1
1008,8c014cc3,387dad2b,6,true,true,,,59.04370844430027,56.827788345218615,2.215920099081657,win,0.014093003862332143,0,1.388888888888891,-0.04540900417483584,-0.15663886209262934,0,1,1
1009,15c584de,366a4b27,9,true,true,,,55.40099205058433,51.06663549904182,4.3343565515425055,win,-0.1643391647896304,3.552713678800501e-15,1.5509259259259274,1.2299765128872435,-0.08070585403736708,6.217248937900877e-15,1,1
1010,938b6adb,c9a18b26,9,true,true,,,55.98835290078961,50.06846179482052,5.919891105969086,win,0.2603427482881382,0,1.3657407407407414,0.808050509376276,1.1749629579552536,0,1,1
1011,d5b44ea2,e7a9d8ed,7,true,true,,,57.44529215411747,51.9770376150575,5.46825453905997,win,-0.09593455860817857,0,1.4285714285714297,-0.06109913773981557,2.432693852721478,-2.6645352591003757e-15,1,1
1012,2d5c61a0,bcd3e73b,12,true,true,,,56.650823032748775,52.39344384389525,4.257379188853527,win,-0.21311316395033764,-1.7763568394002505e-15,1.7297979797979757,0.7927666027625317,0.25086743837357517,-3.552713678800501e-15,1,1
1013,1be287a1,97d62f5c,8,true,true,,,55.67816062348892,49.818245380938144,5.859915242550777,win,0.014781267848270607,-1.7763568394002505e-15,1.7460317460317452,0.9230476149120754,0.8884491388168749,-1.7763568394002505e-15,1,1
1014,d046e8ad,6356fc99,9,true,true,,,57.84109524102429,52.66355877964989,5.177536461374402,win,0.5125171858941089,0,2.060185185185187,0.2864570420494683,-0.07602784660146433,-3.552713678800501e-15,1,1
1015,b5aca836,61eeb078,12,true,true,,,57.91118862883583,54.55321281935845,3.357975809477381,win,0.053083947657297514,1.7763568394002505e-15,1.6287878787878736,-0.21536895761514696,0.5275026363143018,4.440892098500626e-15,1,1
1016,4884a681,207127d2,9,true,true,,,56.17961184222953,51.9097761553067,4.269835686922825,win,-0.4870299842103578,0.46104318887419105,1.226851851851853,0.795468345770896,0.6923907208819973,5.329070518200751e-15,1,1
1017,1b561e34,3690b937,6,true,true,,,57.63948657766669,55.84547435743441,1.7940122202322755,win,-0.00003752585335359271,1.7763568394002505e-15,1.2222222222222232,0.601485848056595,-1.0359152314372473,8.881784197001252e-16,1,1
1018,935249cc,9a369d8c,10,true,true,,,60.17368190038621,55.467743997803254,4.705937902582953,win,0.12989344584766638,0,1.185185185185186,0.3446739779667185,1.3018749644857897,-1.7763568394002505e-15,1,1
1019,17cd35c0,ef99522b,8,true,true,,,57.33488359941031,54.14921471727727,3.1856688821330437,win,-0.039337996887796045,-0.00036394378671200656,1.3534759972544306,-0.6578905081928248,1.473635293341367,-0.0007278875734204604,1,1
1020,d04cee14,be5ef907,9,true,true,,,55.28229727613989,45.718673631823954,9.563623644315939,win,0.1101127368545538,1.0371997277982645,1.5509259259259212,0.8925913649417545,2.249756472703538,4.440892098500626e-15,1,1
1021,8cf61b2f,d737cd10,10,true,true,,,58.70122761204225,52.05172248202045,6.649505130021801,win,0.1633961441338847,0.2547232727815345,1.7901234567901252,0.1981779671457673,1.6981632968018587,0,1,1
1022,cd9c5cc2,e4574e64,12,true,true,,,59.60845680908338,49.88058032280284,9.727876486280536,win,0.3489933053330809,-0.00620800786364839,1.6160791177325065,1.4400195292752365,2.7780793108421564,-0.012416015727295893,1,1
1023,29f0c9cf,4ef6b049,9,true,true,,,57.24797118749096,52.347665034260835,4.900306153230126,win,0.21907909956391225,0,2.1527777777777786,-0.9213901901661865,1.591465149653442,-8.881784197001252e-16,1,1
1024,8ea30f64,c9d6879f,12,true,true,,,57.59549433937024,51.05690849997949,6.538585839390748,win,0.2367805164444614,1.7763568394002505e-15,1.7171717171717136,0.16067623302965206,2.018897604619603,0,1,1
1025,8303234c,e16c3551,12,true,true,,,53.88702686429518,48.67191972381021,5.215107140484967,win,-0.05115561914689426,-0.0006220245335599728,1.9191209909590912,0.7773844230278399,0.4678972774789756,-0.0012440490671199456,1,1
1026,4b466ab7,c574095d,12,true,true,,,53.92036176392893,53.8362227151309,0.08413904879802914,win,-0.5789497081982127,2.6645352591003757e-15,1.401515151515147,-0.3811765609556277,-0.36419570056345574,3.552713678800501e-15,1,1
1027,2b84e30e,335150cd,13,true,true,,,57.101663272283425,50.45536968943522,6.646293582848202,win,-0.08647870788281997,8.881784197001252e-16,1.7129629629629743,0.09186543467964814,2.7300689563073357,1.3322676295501878e-15,1,1
1028,aaad5e57,7ccf2608,8,true,true,,,58.24336591073806,50.96087213574545,7.282493774992616,win,-0.16518278577826684,1.2088342264938676,1.5376984126984112,0.43393504636142666,1.3312402762511057,-2.6645352591003757e-15,1,1
1029,ee105613,e6bdf0a7,7,true,true,,,54.26355648563088,51.12418327306382,3.139373212567058,win,-0.1036213044176062,1.0721271382865716,1.997354497354502,-0.8763026028182868,-0.6487197002583622,4.440892098500626e-15,1,1
1030,ef73e5cd,41ff3fb7,9,true,true,,,55.920731180720864,54.36333887993726,1.5573923007836044,win,0.06503482221546797,-0.000569677993372153,0.856287692479424,-0.6306062385330087,0.7079027640690576,-0.0011393559867425296,1,1
1031,c9ccb8f1,757c1f3c,9,true,true,,,58.05709571516747,53.259565218675995,4.797530496491476,win,-0.02440918263510161,0,1.5277777777777803,-0.36130747614817516,2.05342715157529,1.7763568394002505e-15,1,1
1032,27faf5ba,eb5ab4c3,6,true,true,,,57.03494297389179,49.57805534497464,7.456887628917144,win,0.1913244616482399,1.290882107968459,2.444444444444441,-0.9088997839693285,1.2143339276905194,-5.329070518200751e-15,1,1
1033,bea6d906,45334ddd,7,true,true,,,56.338161015943406,54.69994251742235,1.6382184985210557,win,0.19498612217284705,0.548237765656503,1.7063492063492056,-1.4351175785585886,-0.3999049468160871,-1.7763568394002505e-15,1,1
1034,3e57b7d1,f48e256d,6,true,true,,,57.120790571358725,53.31277965858334,3.808010912775387,win,-0.17965240141054517,1.751436540585968,2.055555555555557,-0.06997214581842126,-2.125001515747556,-4.440892098500626e-15,1,1
1035,a1b27abf,66997b27,14,true,true,,,55.087051911337184,49.30683862683422,5.780213284502963,win,0.4046166564608513,0.0001543899699001372,1.947703004207356,0.3247965908299699,0.6574026218855096,0.00030877993979760987,1,1
1036,b259c083,5fd05bbb,10,true,true,,,51.06845756058097,47.08085918622216,3.9875983743588037,win,0.12618937976817035,0.2955874576884785,2.185185185185178,-0.9676667785612292,0.6330051875774112,-7.105427357601002e-15,1,1
1037,9c1424b7,8b533877,9,true,true,,,57.132997723550076,52.097212621959855,5.035785101590221,win,-0.13278558288404607,1.7763568394002505e-15,1.7361111111111152,0.9044429299120349,0.5527796537945502,4.440892098500626e-15,1,1
1038,58a2cdfa,6ef1d437,9,true,true,,,54.54456630516739,52.02474557312529,2.519820732042106,win,0.1859836014756593,-3.552713678800501e-15,1.6203703703703747,-0.09444965082966217,-0.4625388837179383,-6.217248937900877e-15,1,1
1039,e13346e6,5523e387,13,true,true,,,55.0785746300628,50.41860420073085,4.659970429331956,win,0.10377436139242624,-5.329070518200751e-15,1.876780626780616,0.8186664555811731,-0.2036866855056818,-7.105427357601002e-15,1,1
1040,85df1107,c8af6a61,8,true,true,,,53.976263167660655,51.534136030230464,2.442127137430191,win,0.26925785675101377,-0.007211175242518131,1.1211418405570264,-0.7916902002417245,0.8992227471079666,-0.014422350485035373,1,1
1041,6f64e948,f1b61a21,12,true,true,,,58.68326646115494,48.296534604310644,10.3867318568443,win,0.2982576649129558,1.2946410634413272,2.1490288613777198,1.4860451593228854,0.6279931122828408,0.00009308356830572961,1,1
1042,de5e77b8,b069f956,10,true,true,,,56.355092949498925,53.38107919291306,2.9740137565858618,win,0.14333495171991206,1.7763568394002505e-15,1.290123456790127,-0.14607473840482132,0.45404754519206225,6.217248937900877e-15,1,1
1043,7f3df44e,f53352a5,10,true,true,,,56.55883713962371,53.339572173549534,3.219264966074178,win,0.19171135244493676,0.000051799029712640277,1.5803600842123133,-0.3249743762428974,0.39384559807880404,0.00010359805942705691,1,1
1044,3a0c2bd9,10431ac8,9,true,true,,,56.56394236854918,54.43425104978442,2.129691318764756,win,-0.12889213910809483,0,2.1759259259259247,-0.03545232190096392,-1.0448304446046404,0,1,1
1045,e9075425,a33c53ce,15,true,true,,,60.42872550818397,51.83344307096835,8.595282437215623,win,0.08233529165077513,1.7763568394002505e-15,2.2698412698412698,0.7712398487003185,2.318731504496668,8.881784197001252e-16,1,1
1046,9d36497a,dd1c845f,10,true,true,,,56.29441233822769,49.62117726659593,6.673235071631758,win,-0.019891538707820455,-0.058885878574209016,1.9742809247906647,1.589048361751579,0.5960514853824614,-0.11777175714841981,1,1
1047,386775f4,05551cb8,7,true,true,,,55.56096914920534,51.38149152213424,4.179477627071101,win,-0.6523395857713119,0.38484667820199725,1.8518518518518698,0.38383775702117795,0.6956378472068829,1.509903313490213e-14,1,1
1048,eb61f6c7,ac3aa1d4,8,true,true,,,58.16346058121516,58.139822760667094,0.023637820548067623,win,0.16865585423100615,-1.7763568394002505e-15,0.6250000000000036,0.15039753974488335,-1.2846949829884018,0,1,1
1049,aa010670,675370a5,9,true,true,,,58.25808167745846,57.24263426628862,1.0154474111698448,win,-0.10275176268709618,0,1.6203703703703685,-1.154378232261342,0.21531745935539348,0,1,1
1050,2b302842,1e9d8da6,7,true,true,,,61.33947155819416,57.71390896859345,3.6255625896007118,win,-0.5413186176844151,0.05754124936208882,1.6137566137566104,0.8497943597640791,0.3211393295841827,-4.440892098500626e-15,1,1
1051,81b4798c,98f83cbb,7,true,true,,,54.73332071390246,49.98495679602143,4.748363917881029,win,0.058522195363222895,0.46954920448096704,1.857460466899136,-0.21702411825531964,0.5812847547225726,-0.03627523113553899,1,1
1052,fada60e3,5bf25dbb,8,true,true,,,56.12205644352492,53.10522204210007,3.016834401424852,win,-0.07008722035413939,1.7763568394002505e-15,2.371031746031746,-0.5376443605596775,-0.10988237568386605,8.881784197001252e-16,1,1
1053,ae40536e,0aaf7928,10,true,true,,,53.591966151931096,47.72730629463925,5.864659857291848,win,0.29770534296042994,0.2798628137984478,1.4550321038624672,0.41409816966867297,1.027891609231328,-0.004042701062179077,1,1
1054,0e137ec3,45bcc3c1,9,true,true,,,53.80145256293986,51.8844473453034,1.9170052176364578,win,0.2366705986022084,-0.040951548279478445,1.096426064342169,-0.2269884766655892,-0.012008262895477628,-0.08190309655895778,1,1
1055,2eabbe8c,1bd05198,10,true,true,,,55.25483682433397,50.866628082456025,4.388208741877946,win,0.049960967853427185,0,1.6666666666666732,0.2948221624702194,0.6171383513427378,-8.881784197001252e-16,1,1
1056,3f321016,4efb9f19,5,true,true,,,59.553301791026385,56.36996731900257,3.183334472023816,win,0.03335202051593367,1.7763568394002505e-15,1.0555555555555554,0.19765812739681188,0.6774340865045536,0,1,1
1057,b0ba649b,20d624f6,13,true,true,,,54.61930889223767,54.11167390343596,0.507634988801712,win,-0.7051971385732456,0.00019899298251324637,1.9001409921613313,-0.645618239373503,-0.1710406967224083,0.0003979859650282691,1,1
1058,cfaf33b4,f651f53d,7,true,true,,,60.2837865476144,52.078681965515415,8.205104582098983,win,0.4921057055598783,0,2.328042328042323,1.2679547544767056,0.6446523801554616,0,1,1
1059,a7f46cdb,341245fb,12,true,true,,,57.13731670261726,53.22132197479739,3.9159947278198715,win,0.26045327540816254,-1.7763568394002505e-15,1.3510101010100986,-0.199046629917901,0.9503687395685434,-8.881784197001252e-16,1,1
1060,ca5d7c44,94daa282,6,true,true,,,55.67293044468238,49.64790660329781,6.0250238413845665,win,0.29542526204309905,-1.7763568394002505e-15,2.8333333333333295,0.15183527915768646,0.05882056757505616,-2.6645352591003757e-15,1,1
1061,361aa6bd,808552c8,9,true,true,,,59.96996374470005,56.09132882612077,3.87863491857928,win,0.09644820218593675,0,1.4351851851851851,-0.7671622893558796,1.793601800072496,0,1,1
1062,18d039d7,86cd7ba4,12,true,true,,,53.45850904031672,50.46644867807232,2.992060362244402,win,-0.1617926109318799,0,2.2348484848484915,0.15254230864043805,-0.6567762423621,-8.881784197001252e-16,1,1
1063,fbdbc18b,5d35c9ef,11,true,true,,,60.110478896162505,54.56249093581337,5.547987960349133,win,0.15261457281643387,-0.03475098500532958,1.619651281906874,-0.6233812629118765,2.6305778400144675,-0.06950197001065916,1,1
1064,ddb68f1d,11929c1f,10,true,true,,,58.151251605586765,51.614226317329454,6.537025288257311,win,0.16895832826877655,0,1.7283950617283956,0.7898193201498254,1.3293708532532111,0,1,1
1065,e0228b03,761ca5f5,10,true,true,,,56.96248508810169,53.08286298077591,3.8796221073257797,win,-0.21864841877331065,0,2.043209876543213,0.15441013150008853,0.35683811201712246,-1.7763568394002505e-15,1,1
1066,d61a0165,cb8562e4,6,true,true,,,62.7357758812035,59.77616704102538,2.95960884017812,win,-0.13107734664072535,-3.552713678800501e-15,2.5000000000000018,-0.534796061590411,-0.22666938181053187,6.217248937900877e-15,1,1
1067,51d3fddb,b296611b,9,true,true,,,59.94736873682798,52.71485267339579,7.232516063432193,win,0.2867352741929792,0.2620386377706101,1.921296296296295,1.661041253356168,-0.08459299449367741,2.6645352591003757e-15,1,1
1068,84f11611,484e0d7a,10,true,true,,,53.58742850057525,48.04431855471912,5.543109945856131,win,-0.12888230287914348,0.5956056549001572,1.5617283950617233,0.046854692150770205,1.337854923236344,-4.440892098500626e-15,1,1
1069,0f63ee20,5723361f,11,true,true,,,57.09995540742804,53.1864097939042,3.9135456135238442,win,0.42464145729864855,0,1.9696969696969697,0.2667400945580596,-0.7322642964817385,0,1,1
1070,8db6c142,410ca3d1,11,true,true,,,58.575722646334505,52.44003300753736,6.135689638797146,win,0.2579247903960682,-0.004932844351662524,1.4180839288458857,0.9878360438534735,1.0611174848813816,-0.00986568870332416,1,1
1071,eabbc008,ac98a995,7,true,true,,,53.35444561804776,51.80974930762183,1.544696310425934,win,-0.22766038632603247,0.000017790296237940595,0.714286758307777,0.018385615930624155,0.5625384748171314,0.00003558059247588119,1,1
1072,9cf6b8c2,053736f2,11,true,true,,,57.29595752821156,54.733647550965955,2.5623099772456044,win,0.20335401484431426,1.7763568394002505e-15,1.1565656565656628,-0.5023076548381296,0.6686061513204598,7.105427357601002e-15,1,1
1073,2a0be506,0d602ba5,10,true,true,,,56.8721701619387,52.598086425727956,4.274083736210741,win,0.27860039415442683,-0.017462947901401904,2.0626606513327674,-0.8026014117175562,1.0466552184748066,-0.03492589580280647,1,1
1074,af31847c,f92d4e72,9,true,true,,,51.323142844538026,45.33036558201679,5.992777262521237,win,0.15308998413372032,-0.00000888044819902234,1.4120441207201138,0.5740192691464321,1.6392100339528017,-0.000017760896399376946,1,1
1075,a8e01e92,2a8f888e,9,true,true,,,55.055457201125726,48.60379251547697,6.451664685648758,win,0.2569985470088394,0.211190033892807,1.3657407407407378,1.1446477092071952,0.841835260885988,1.7763568394002505e-15,1,1
1076,0065702f,aafd3661,11,true,true,,,59.17622965727678,50.353503877868626,8.822725779408152,win,0.0015680735503884602,5.329070518200751e-15,2.0656565656565684,1.1668180338711291,2.4016995820911156,7.105427357601002e-15,1,1
1077,127ba318,12db917f,9,true,true,,,58.73230047212915,52.82558764248613,5.90671282964302,win,0.8210077893883616,-0.0447195027177294,1.6659486265909917,-0.54206630050819,1.652164854918762,-0.08943900543545613,1,1
1078,abae533e,db9ec8ab,6,true,true,,,58.24832349431948,53.36963734153096,4.878686152788518,win,-0.05204629820096507,2.6645352591003757e-15,2.1111111111111116,0.4457161309421327,0.3737984664338381,4.440892098500626e-15,1,1
1079,bd74dae2,7af49663,7,true,true,,,52.731247392994206,50.38509047930659,2.346156913687615,win,0.20469918856974956,-1.7763568394002505e-15,1.0978835978836017,0.24188818743228158,-0.34775266048567843,-3.552713678800501e-15,1,1
1080,0f5a9ed1,bca78aea,8,true,true,,,54.404867707595685,52.50719426033058,1.897673447265106,win,0.007002902895048013,0,2.242063492063491,-1.983962528981408,0.9021187524325249,-2.6645352591003757e-15,1,1
1081,928f1387,92da8718,10,true,true,,,55.944239065720026,52.56252664738522,3.381712418334807,win,0.12943268867257185,0.9246279927879852,0.4999999999999991,-0.48226842631133415,0.869790043003996,6.217248937900877e-15,1,1
1082,b3b600c8,8f19450d,11,true,true,,,57.22357968320976,55.538197101421,1.6853825817887653,win,0.023608923054821762,-3.552713678800501e-15,1.212121212121211,0.16956455361674205,-0.603428576932334,0,1,1
1083,d6d7ec81,b7d38115,7,true,true,,,55.450327404120046,48.268071831324704,7.182255572795341,win,-0.38792561142809223,1.108448484783544,2.275132275132287,0.6279199836554605,0.5521519583889685,0,1,1
1084,d54b75d9,46425bd7,11,true,true,,,60.46066902937437,52.618417675962334,7.842251353412038,win,-0.014319593166166378,3.641017443101191e-8,2.368686876504902,1.0393907838667324,1.4480667459321683,7.28203479738454e-8,1,1
1085,daba6bdf,3699f188,6,true,true,,,56.55912008909436,51.25876051076476,5.300359578329598,win,-0.3038806863554693,0.6559988646624575,1.7222222222222223,0.19018150790043364,0.9637160161741223,-1.7763568394002505e-15,1,1
1086,e76e6ab6,92211d2a,7,true,true,,,55.865736098016185,48.598902516767495,7.26683358124869,win,-0.19636760835438283,1.0287720532983933,2.366348959334738,0.6161315572738992,0.3236924971952897,-0.019656581761451797,1,1
1087,aa7d757d,7ce043b3,12,true,true,,,57.0754554951271,52.27203344019855,4.803422054928554,win,0.01085669924906929,-0.0029556494005156253,1.0981599188621551,1.0576840666396041,0.8070206822004682,-0.005911298801033915,1,1
1088,32be2d50,c129272a,9,true,true,,,54.00714208552139,47.830404926564896,6.176737158956492,win,-0.1670083058970464,0.0015304927810628755,2.2161370891464838,0.199935565308345,1.7015396585385139,0.003060985562125751,1,1
1089,f683c0a7,158747cb,10,true,true,,,59.97967745750152,54.75453412959892,5.2251433279026,win,-0.24532458150243674,0,1.4999999999999964,-0.5959422703538353,3.07265963637333,-1.7763568394002505e-15,1,1
1090,f968148d,5b978a21,11,true,true,,,56.780006921862906,53.194481554566686,3.5855253672962206,win,-0.197369245456549,0,1.2676767676767664,0.428851216666458,0.7917930568309863,-1.7763568394002505e-15,1,1
1091,a0d2a3f5,b112a1dc,11,true,true,,,61.66415413343582,53.38621918954729,8.277934943888532,win,0.23417400335136973,0.0006765702612536728,1.7625589316640742,1.5177538837188287,1.5688605613463977,0.0013531405225055693,1,1
1092,d3ab062b,3aec919a,9,true,true,,,57.40612788778704,53.593036026378655,3.813091861408381,win,0.2267773188580393,0,1.620370370370365,0.013265741482030968,0.3047806939465314,0,1,1
1093,8d2d58be,1fb8d635,9,true,true,,,54.8139347290741,53.39426172436964,1.4196730047044568,win,-0.3883390722361173,-0.005057384181948343,1.6115150712832937,-0.5668329384049562,0.2870131044295263,-0.010114768363899351,1,1
1094,f7f51fed,7f3f6361,8,true,true,,,56.38500501055404,48.14242188360473,8.242583126949306,win,0.2540243557177395,1.175603569831475,1.9065944102070915,0.2475188080313906,1.1449944721346048,-0.0018143975752398234,1,1
1095,b074a6a6,dc1cbe2f,6,true,true,,,56.02955102197487,49.908429454534186,6.121121567440682,win,0.10593084230984084,0,2.111111111111116,0.4211512905095445,1.0730358437790262,0,1,1
1096,2f3dc73b,1e2d776b,9,true,true,,,51.692942631742,45.61260638841845,6.080336243323551,win,0.3324303319477844,1.355682980778382,1.7361111111111125,-0.16443771580888367,-0.13659051197493444,2.6645352591003757e-15,1,1
1097,eeb7270b,6af1ece2,8,true,true,,,55.588094507934585,49.6261640910524,5.961930416882183,win,0.047017053373505924,0,1.7949735395987316,1.236686387469959,0.45393001990338355,0,1,1
1098,6b146a26,a4a7eccd,11,true,true,,,56.73547869622149,49.16341704468323,7.572061651538263,win,0.4032375203986178,-8.881784197001252e-16,1.762626262626263,0.8197982909681709,1.6320674907774348,-3.552713678800501e-15,1,1
1099,f3d46084,ec818c84,12,true,true,,,56.847492822909246,52.917139261774096,3.930353561135149,win,0.08642395811833437,0,1.8181818181818192,-0.35035193848092216,0.8174227395128666,0,1,1
1100,19e57a3f,be84a7fc,8,true,true,,,57.83019402227795,52.998974603753894,4.831219418524057,win,-0.23747562971148328,-0.010138144868573562,1.1644222398017172,1.2414641895669938,0.9452284913235456,-0.020276289737151565,1,1
1101,985747e8,32b407db,12,true,true,,,58.64216482715222,54.108539846839165,4.533624980313057,win,0.12778922483232802,0,1.6792929292929255,-1.24793000094256,2.50809195596854,2.6645352591003757e-15,1,1
1102,209896ec,7486df39,10,true,true,,,59.13534794869285,57.32898127248288,1.8063666762099757,win,0.004287056982335002,-1.7763568394002505e-15,2.3518518518518423,-0.6040908030866241,-1.033059053090585,-3.552713678800501e-15,1,1
1103,1b28f582,84ccc61b,11,true,true,,,56.99255686282993,53.718037271969756,3.274519590860173,win,0.24887955985125743,0,1.87373737373738,-0.2625787890562403,-0.1290025852698342,1.7763568394002505e-15,1,1
1104,43b9e690,606fb4b9,7,true,true,,,58.3235941873283,55.01603554843081,3.30755863889749,win,0.15370388802146318,0.2712105531790012,0.71428571428571,-0.44711865952869534,1.4241973747320955,-1.7763568394002505e-15,1,1
1105,4a7cf909,abc6cb7b,10,true,true,,,57.89793984786917,52.780398234496396,5.117541613372772,win,-0.23915543881182622,-0.008755623574229432,1.3341878719350424,-0.024501437550446425,2.5147251131299715,-0.017511247148457088,1,1
1106,f31f4857,1d7a6359,11,true,true,,,55.49661830677488,46.96978392395476,8.52683438282012,win,0.38815037230228855,1.210532848533541,2.646464646464647,0.15051284263575848,0.21564864523007454,0,1,1
1107,a3b12ba1,d6a61718,8,true,true,,,58.51045303732738,48.33840493714071,10.172048100186672,win,-0.09912646157010885,1.417582866469866,2.1130952380952284,1.480813958187789,0.9993947795236822,-4.440892098500626e-15,1,1
1108,63405462,0467bc84,8,true,true,,,55.979240412307014,49.852014130660876,6.127226281646138,win,0.0856312206084846,-8.881784197001252e-16,2.242063492063494,-0.5632745336269833,2.167376187836196,0,1,1
1109,874b717a,d4ea8490,10,true,true,,,52.482152898336246,50.942194030783284,1.5399588675529614,win,-0.13458858486413572,0,1.9567901234567877,-0.07463431190040559,-1.136477149295259,0,1,1
1110,c15e9191,7a4c3876,8,true,true,,,56.61324999557042,50.60297878636366,6.010271209206763,win,0.15389409764687256,0.15812950125920455,1.2003968253968242,1.3896573345456025,0.6764182235603728,0,1,1
1111,1feb0d1a,ee05658c,9,true,true,,,52.238887869899216,49.7344294224641,2.5044584474351126,win,-0.05352067745107658,0.2768562644447643,1.2957932925843751,-0.30382911888866104,0.20476361423479617,-0.0005880503228583578,1,1
1112,71000fe8,f28303d1,13,true,true,,,57.615612147577686,53.78590782019043,3.8297043273872546,win,0.19199293426399633,-2.6645352591003757e-15,1.641737891737888,-0.39335249277830897,0.8549967820894837,-3.552713678800501e-15,1,1
1113,4f696d84,a5905687,10,true,true,,,53.97077138364633,48.799923141818404,5.170848241827926,win,0.15500315740381843,0.00012212153447599405,1.2283679664893041,0.5980122165747757,1.2340919950569411,0.0002442430689519881,1,1
1114,ed1361a7,3bb0c68e,11,true,true,,,52.69330176503126,50.19180425017631,2.5014975148549468,win,-0.22747231025623682,0,1.8181818181818254,-0.059100841058262965,-0.09512271968466646,-2.220446049250313e-15,1,1
1115,d528b8cd,289a6519,8,true,true,,,57.23861517787077,49.37727652955697,7.861338648313797,win,0.40704265766163594,0.6670896854147976,1.40388092528576,1.5931023426402149,0.3689789816072704,-0.020310819926387502,1,1
1116,ffcccdb0,88797814,13,true,true,,,59.991022815808705,51.15704198404936,8.833980831759348,win,0.1769043533080663,-0.0038222610362685927,1.967990544528461,0.8664301266835741,2.6350867670224627,-0.007644522072538518,1,1
1117,43bcceef,53140291,7,true,true,,,56.09511828610046,52.09076687650288,4.004351409597575,win,-0.05198071838538332,0,1.3756613756613758,0.563234769633123,0.5516394582505875,1.7763568394002505e-15,1,1
1118,274c66ac,c4ca0431,12,true,true,,,56.26737633189187,50.819705899921736,5.447670431970131,win,0.07215539355505918,0.1874524788842118,1.614618608132547,0.1820950759551181,1.3052980480823901,-0.0019021166357715558,1,1
1119,4615dff7,69e83bb6,9,true,true,,,56.246224916191025,55.732030538802476,0.5141943773885487,win,-0.2780151565692761,-1.7763568394002505e-15,1.550925925925923,-0.588293504618977,-0.4835299764706278,-3.552713678800501e-15,1,1
1120,7fbe6615,1aae4e8c,8,true,true,,,58.08959452511678,52.07265476121351,6.016939763903267,win,0.23729770561546681,-0.013054456704120199,2.372988713614438,-0.6178787126374949,1.7647354563249715,-0.026108913408241285,1,1
1121,84e09614,30ec3e67,10,true,true,,,55.391543169283125,47.8464239465753,7.545119222707825,win,0.24526063637275808,-1.7763568394002505e-15,2.0185185185185217,0.9807890741571859,1.3327273223551108,-1.7763568394002505e-15,1,1
1122,4e02d586,41fd422c,12,true,true,,,55.02766346046784,51.71288030783957,3.314783152628273,win,-0.1758393466796524,-0.00022219738012907442,1.338380404702595,-0.21540565827760272,1.2645694009878863,-0.0004443947602599252,1,1
1123,958be8cc,7b0762ac,11,true,true,,,61.453376075535914,54.03562230181109,7.417753773724826,win,0.16904439727959897,-0.014318120458892025,1.411528120552875,0.003578731735458085,3.4380181207978016,-0.028636240917780498,1,1
1124,4e7ccf09,02766f1b,11,true,true,,,54.00714717263827,54.188262825071156,-0.18111565243288652,reversal,-0.754504439572723,0.0015322860126483206,1.5763429839829177,-0.31629463592990614,-0.5893485484729153,0.0030645720252975295,-1,-1
1125,4b630019,3bf9f38a,10,true,true,,,55.66955395441269,46.83681137145027,8.832742582962425,win,0.004791035387997633,1.3384817077032958,1.3703373081809138,0.9699220359220275,1.5775809116659278,-0.0110007343859575,1,1
1126,ba4bb58a,07f7b27e,13,true,true,,,56.16052109270103,49.66067973171995,6.49984136098108,win,0.26883318279482915,-0.0077853783883661265,1.7568474288274505,0.8042470170665039,1.1024098414731265,-0.015570756776730477,1,1
1127,adccbf06,880dd35e,8,true,true,,,57.70347477887326,51.005941955546675,6.697532823326583,win,0.013298086505046047,-0.01300202660710692,1.1730073828054186,2.252272357838269,0.6606419287694569,-0.02600405321421384,1,1
1128,2798ffd9,5da9a8b4,10,true,true,,,53.746511558741965,50.42039757667821,3.3261139820637524,win,-0.07567512749939853,-0.000002166003432613195,1.728395603296029,-0.08880831710773052,0.42720012238040184,-0.000004332006866114568,1,1
1129,c6ddfcc5,5fb50c1b,11,true,true,,,54.907775467528865,50.79345615626742,4.114319311261447,win,-0.00038550996418429406,1.7763568394002505e-15,2.0808080808080804,0.13949468479989946,0.13760286964240898,0,1,1
1130,49eef296,03985551,12,true,true,,,57.08846976891013,51.66540566477205,5.423064104138078,win,0.24352268118024667,-0.014401439446281472,2.2748592432126014,-0.6532246724078039,1.4880164440349493,-0.028802878892566497,1,1
1131,2e9d4d03,8d9ffaf7,9,true,true,,,57.387983808842556,53.28343980660136,4.104544002241198,win,-0.09140268784367533,0,1.8750000000000009,-0.46333655781432537,1.3099165120215952,-3.552713678800501e-15,1,1
1132,ae2fc726,8fbf9aa3,8,true,true,,,58.74683544156312,52.83753092110672,5.909304520456402,win,-0.20205803916674325,2.6645352591003757e-15,1.567460317460312,1.251964669631053,1.1138388619676434,7.993605777301127e-15,1,1
1133,db661261,5d2228bf,11,true,true,,,56.233261459862035,51.87711563396401,4.356145825898025,win,-0.4937266099786266,1.7763568394002505e-15,1.9292929292929335,0.23105968932684462,1.2287718686720934,1.7763568394002505e-15,1,1
1134,fe340e05,e3b1ece8,10,true,true,,,59.50565528016729,52.23963072740627,7.266024552761017,win,-0.05297697039170979,3.552713678800501e-15,1.8333333333333295,0.6102050751749877,2.3306125768104256,7.993605777301127e-15,1,1
1135,cb9ae9cc,8181e26a,8,true,true,,,55.940993288792065,51.98367392182086,3.9573193669712055,win,0.4247117739525905,0,2.5793650793650804,-1.8876122043343546,1.1804983849052437,0,1,1
1136,00ac2dcc,07ba5c4c,8,true,true,,,59.73939728395241,53.47697623169453,6.262421052257878,win,0.5614868146759879,0,1.7460317460317434,0.31572400165004844,1.0383071012952083,-1.7763568394002505e-15,1,1
1137,b9728b4e,03bb1f3e,7,true,true,,,58.51149851601849,52.129889954990986,6.381608561027505,win,0.3936494314191288,0,1.7592592592592595,1.1271229956296942,0.3755412781892744,8.881784197001252e-16,1,1
1138,fdf91515,49f898e9,9,true,true,,,54.697101134594995,50.21421632779892,4.482884806796072,win,0.3179672106177869,0.1613316850097366,1.4360235265270047,0.20643276717171588,0.42490440236620763,-0.009896893529847794,1,1
1139,49071615,851971a8,7,true,true,,,53.451217488147606,53.63901668239805,-0.1877991942504451,reversal,-0.21296694073561273,0,1.8121693121693099,-1.7201553438024169,-0.051936064267874116,0,-1,-1
1140,9916339d,8a6d7c04,8,true,true,,,61.258499299883184,53.70583692282111,7.55266237706207,win,-0.13615317513239056,0.00011397097126675249,1.8259620778389056,1.6177739236843136,1.4342433200461269,0.00022794194253705768,1,1
1141,fab3d052,2441bccb,5,true,true,,,61.84791738895329,53.291964116788044,8.555953272165247,win,0.4851829865332129,0,1.4722222222222223,2.481766938287528,0.5431550074128695,2.6645352591003757e-15,1,1
1142,2469a689,dc71b303,9,true,true,,,56.20413412803714,52.01850752580704,4.185626602230101,win,-0.01315427256291235,-0.002381436903383438,1.2027872890645952,0.6066634403998687,0.8062423640682974,-0.004762873806765988,1,1
1143,2d5d1bd7,4e2ded9b,12,true,true,,,56.367857685333774,53.145086035536195,3.222771649797579,win,0.3762456248237094,0,1.2499999999999991,-0.12791628054402793,0.28323137998870695,8.881784197001252e-16,1,1
1144,8c7ea4f9,b79e886f,13,true,true,,,57.252835668481936,52.406825108274205,4.846010560207731,win,0.1438848157816297,0.0014599045280796474,1.9682896344315157,-0.3858187278121834,1.2482074107920447,0.002919809056155742,1,1
1145,223ea916,2153d885,11,true,true,,,54.445006786886424,53.46504337727989,0.9799634096065333,win,0.3723503053581796,0.9874076654186101,2.0252525252525277,-2.971288391578854,-0.35294899404978164,0,1,1
1146,324ea0d2,d3f6c8e5,8,true,true,,,53.945375862456814,52.62630699938411,1.319068863072701,win,-0.05597540955784974,-0.02074759949461047,0.8389040464906996,-0.9455281115274339,1.2082082058064638,-0.04149519898922538,1,1
1147,31a5ad53,e33e993a,9,true,true,,,55.290324067549705,51.4743916957547,3.8159323717950073,win,-0.15716364746468692,0.047702196733627744,1.7824074074074066,0.09621851061930631,0.5555190480362748,7.993605777301127e-15,1,1
1148,67b81cfa,4b75148e,11,true,true,,,57.096715800321824,50.06730476267154,7.029411037650284,win,0.19514824657890584,0,2.1212121212121198,1.2993773674131193,0.49430666305699056,0,1,1
1149,ea794418,0ea4c7af,7,true,true,,,56.20570927845413,53.00477621430651,3.2009330641476197,win,-0.08415577487405135,0,1.1904761904761996,0.7387890855520292,0.0301714786591587,-8.881784197001252e-16,1,1
1150,67456229,27375191,8,true,true,,,60.167385812002706,54.686459112718595,5.480926699284112,win,0.4660381717703026,0.37174873763913396,1.5674603174603172,0.4607913880765029,0.11040530667783965,-1.7763568394002505e-15,1,1
1151,2ed0635d,a62fad6a,10,true,true,,,58.73955967251419,56.24560955179744,2.4939501207167467,win,-0.3621982301631794,0,1.1234567901234573,-0.0071282442132076795,0.9850942259114319,0,1,1
1152,e4721833,b12e8c87,12,true,true,,,55.91128069550143,52.14875730635352,3.7625233891479155,win,0.05922465320293324,-1.7763568394002505e-15,2.0454545454545467,-0.6514445929174926,0.8102178003968579,-2.6645352591003757e-15,1,1
1153,4d625062,304316a4,9,true,true,,,55.90384326907178,49.96190633263086,5.941936936440918,win,-0.016204620756872012,0,1.898148148148148,0.30448976760269364,1.571983996557912,-8.881784197001252e-16,1,1
1154,b7128c62,d0003a9d,6,true,true,,,53.506837234722575,54.68618817975837,-1.179350945035793,reversal,0.05884146160482562,0,0.8333333333333401,-1.2307813162467536,-0.5552167772542269,0,-1,-1
1155,8a236659,a08f62b0,10,true,true,,,56.151772441023525,53.07499599217578,3.0767764488477454,win,-0.11305119840858802,-0.006347348532480979,1.00614334050122,-0.11764075982589617,1.3205695420283092,-0.012694697064957516,1,1
1156,4b837270,44340308,10,true,true,,,60.15289362145207,50.957774761396884,9.195118860055189,win,0.3613728653237045,0,3.0802469135802473,0.7108912789606894,1.2984410526940273,-2.6645352591003757e-15,1,1
1157,c3a548d9,fdc808ad,8,true,true,,,56.380316636012886,50.04465711242456,6.335659523588326,win,0.17039796036973498,3.552713678800501e-15,1.7757936507936725,1.2712291312323032,0.5109867603097342,8.881784197001252e-15,1,1
1158,7d1d1d30,604f5c13,10,true,true,,,56.94113876867482,52.14831306526187,4.7928257034129516,win,-0.1079761400080077,-0.02496599788368492,1.6681337653092347,0.22144462586757196,1.348493368477337,-0.04993199576737073,1,1
1159,3f542d4a,5734c6ba,5,true,true,,,63.31063783535184,54.96363651145088,8.347001323900962,win,-0.026075328383536878,1.53645367171457,1.8055555555555554,0.5693084936397526,0.8799863415359939,0,1,1
1160,e42996c4,aec60532,8,true,true,,,58.00243087897339,55.951843025706864,2.050587853266528,win,-0.16719191685482526,-7.105427357601002e-15,2.2718253968254016,0.9341364479136436,-2.3801770042846346,-1.1546319456101628e-14,1,1
1161,396dff61,495623cf,11,true,true,,,57.21585733716647,51.49958388557778,5.716273451588691,win,0.14765037316409457,0,1.8181818181818157,-0.17763575421611222,1.8389234019457463,1.7763568394002505e-15,1,1
1162,3be25c29,98553c9b,10,true,true,,,55.21900819391779,50.53886007126032,4.680148122657464,win,0.008920835987768161,0.0003326721597627369,1.6861105947686506,0.13352529176284644,1.0791909411390952,0.0006653443195272501,1,1
1163,79b013c4,cccd343e,11,true,true,,,58.23741082490485,54.97320239473014,3.264208430174712,win,0.13518438257401044,0.004102834516219289,1.3471275744898845,-0.5285486000933242,1.0750561655891575,0.008205669032440355,1,1
1164,2df68db4,d07aa01f,10,true,true,,,58.19066280371163,53.719643931939046,4.471018871772586,win,-0.2210593346929799,0.34221607057244086,1.351851851851853,0.18372738556485135,1.1762439047005504,4.440892098500626e-15,1,1
1165,c5df886d,75d21f71,9,true,true,,,54.88916236513497,48.67831011068652,6.210852254448454,win,0.5760590406712975,0,1.7824074074074039,0.03906510136410368,1.2726662031358469,-2.6645352591003757e-15,1,1
1166,93c05e19,1c492061,8,true,true,,,55.66356210499009,53.07543499239755,2.588127112592545,win,-0.1489152701504941,-1.42083716626506,2.242063492063516,0.34845329394159386,0.8955585939144655,1.3322676295501878e-14,1,1
1167,33c87980,2bf488e8,11,true,true,,,60.89214064118803,53.494511644070485,7.397628997117543,win,-0.28649511288450347,0.0022282318785844524,2.537802638327518,-0.44060297693416217,3.186045777074253,0.004456463757169793,1,1
1168,7571b09a,401f2867,8,true,true,,,56.35182228073779,50.201933921422395,6.149888359315398,win,0.25214546822278194,0.003022050747811811,2.0586834841330806,0.4917463048987436,0.8235134769042656,0.006044101495623622,1,1
1169,a608c537,aa0e3799,9,true,true,,,54.802779592306635,51.49020368014266,3.3125759121639717,win,0.36038049460988786,0,1.9675925925925926,-1.3642926940492917,0.965706853877994,-1.7763568394002505e-15,1,1
1170,4416f2cf,2b012240,12,true,true,,,59.121080529169134,53.48319307816315,5.637887451005987,win,0.11581223487802816,0,1.5151515151515182,1.0154346645384216,0.7458998459160515,1.7763568394002505e-15,1,1
1171,a5e8ec37,46455926,8,true,true,,,59.31964946972144,53.23463126982212,6.085018199899324,win,-0.2763656715573335,-3.552713678800501e-15,1.4583333333333348,1.351679992918399,1.3903286669276094,-8.881784197001252e-16,1,1
1172,5690c7ec,02eb1759,10,true,true,,,57.48124992161563,54.670966405786345,2.8102835158292834,win,0.1636479649317517,0.9183054095732635,1.6260445268205546,-1.0479555632813167,-0.3891071373554782,-0.015333151125970446,1,1
1173,aa9da74f,e3cff732,10,true,true,,,59.16568331035376,54.12896156007097,5.036721750282787,win,-0.18540697198716405,0.0005748009982138313,2.33250987629565,-0.08728878063970402,1.0839263371014916,0.0011496019964276627,1,1
1174,978b92f2,5be209e7,12,true,true,,,55.728284969210804,50.60642765882628,5.121857310384527,win,0.30741219883511306,-0.005101837990151736,1.755481138088638,-0.23311447907446592,1.295096413425223,-0.010203675980300808,1,1
1175,1c37e1f6,13f05d9c,10,true,true,,,59.29987108751229,52.06965398751809,7.230217099994199,win,-0.15282623691227393,0.00021301134690432377,1.7284921141781213,1.4867236089294726,1.5136735224093876,0.0004260226938104239,1,1
1176,e9d0a3c5,3d4325d9,10,true,true,,,56.92194404307755,50.63939397393176,6.282550069145792,win,0.06724620737488385,-0.00000945965104115487,1.7716852554780758,0.5887703446147627,1.5016539804484301,-0.00001891930207786885,1,1
1177,01ded493,10efffb6,10,true,true,,,55.73010733443702,52.604673292128126,3.125434042308896,win,-0.22387546877551534,-1.7763568394002505e-15,1.061728395061727,1.1654585685782202,-0.15525975778087897,-1.7763568394002505e-15,1,1
1178,9364c011,54e57cf5,10,true,true,,,61.027574072129,57.00545094028263,4.022123131846371,win,-0.01920744592022494,0,1.481481481481481,-0.3866670611510088,1.5566299432152828,-8.881784197001252e-16,1,1
1179,03695ddc,b7235d0f,10,true,true,,,55.51398131715153,52.30559722303469,3.2083840941168447,win,0.24165755973822245,-3.552713678800501e-15,1.666666666666659,-0.09346091717027605,-0.10187060473542875,-8.881784197001252e-15,1,1
1180,31beda43,c6be67f2,8,true,true,,,58.3099428763252,58.2366037629799,0.0733391133453054,win,0.22783736894681406,-1.7763568394002505e-15,2.063492063492064,-1.7572032505181792,-0.879543301410739,0,1,1
1181,d953ad45,8a88cb94,12,true,true,,,54.382501786290966,44.96884355157931,9.413658234711654,win,0.1027834765884037,1.476519764462357,2.2692433160193177,0.5254367044451032,1.0391714218936965,-0.0632890961550654,1,1
1182,5efba069,5ea94b07,9,true,true,,,56.720819854618156,54.78946531211017,1.9313545425079894,win,-0.25964450233221115,-1.7763568394002505e-15,1.3425925925925917,-0.5058404685120577,0.7234338729512944,-2.6645352591003757e-15,1,1
1183,18812c91,8860be5c,9,true,true,,,56.04925307963995,50.66907654280541,5.38017653683454,win,0.039150042729260814,0.31987997421687187,1.620370370370373,1.1361246307236472,-0.0905872454798935,-1.7763568394002505e-15,1,1
1184,87a6f0bb,4681cdb0,12,true,true,,,58.125577701370865,55.416173713154805,2.70940398821606,win,-0.223762909447772,0,2.0959595959595925,-0.7115884326251374,0.49986391974363187,0,1,1
1185,044cb7b7,40186556,7,true,true,,,56.86677553588331,55.39851929010083,1.4682562457824844,win,-0.23147512929530745,-1.7763568394002505e-15,1.9047619047619015,-1.3316919306390842,0.6119164401120338,-1.7763568394002505e-15,1,1
1186,8e378893,309d0560,11,true,true,,,54.03299650267941,49.88099811530955,4.151998387369858,win,0.19416360694656776,-0.000803182848291506,1.3639985138282382,0.13361225234299035,0.8071223269616015,-0.0016063656965847883,1,1
1187,4a5d7836,95cd497c,9,true,true,,,57.454121298530154,59.11591456262043,-1.661793264090278,reversal,-0.2170412428348114,-1.7763568394002505e-15,0.6712962962963003,-0.5879428055605063,-1.044742764787454,-4.440892098500626e-15,-1,-1
1188,8c10d05a,b9aa2d80,12,true,true,,,54.94429651680903,48.916961213879475,6.027335302929558,win,-0.13118993672904966,-0.0068962349950876245,1.7567480077139654,0.896942408943139,1.2963313885999757,-0.013792469990177025,1,1
1189,0b8ab998,3c5ecde5,8,true,true,,,52.30964155276479,50.7083179258349,1.60132362692989,win,-0.49987471692203345,-0.013784793085324765,1.947389424626726,-1.403598997227025,1.2334511413549212,-0.027569586170647753,1,1
1190,b6228daa,48d13ee8,9,true,true,,,60.833363268891596,52.326078658731,8.507284610160596,win,0.037781955118654675,8.881784197001252e-16,2.013888888888891,0.6232845310351243,2.8532026834435777,2.6645352591003757e-15,1,1
1191,53bb4528,c930b7b7,13,true,true,,,57.10868839460407,50.98978586957834,6.118902525025732,win,-0.0744912195672236,-1.7763568394002505e-15,2.1794871794871797,0.583620797018539,1.077820024125252,-8.881784197001252e-16,1,1
1192,ec8d4194,6d1d841d,6,true,true,,,58.47342305111972,52.203036274100384,6.270386777019333,win,-0.4138114932609698,0.0001271261219386588,1.1655962538648517,1.5293748208763134,1.9262476619184383,0.0002542522438764294,1,1
1193,32a6aad3,3fd0da62,11,true,true,,,54.557285826844534,48.724864098943556,5.832421727900979,win,0.2731138289399291,-0.02446642154693368,1.9558957913465154,0.36032128903815774,0.934263179240272,-0.04893284309386914,1,1
1194,f96e6bde,29130651,8,true,true,,,56.79760474405601,53.48793867734936,3.3096660667066473,win,0.8272485589043463,0.201670677992964,0.7043650793650729,-0.7347804021977415,0.7803179984603759,-4.440892098500626e-15,1,1
1195,2f605d63,c5b6ac16,13,true,true,,,55.237187052994344,52.47658511162206,2.760601941372286,win,-0.19487742905256455,0.0000593078531956337,1.0364302334505089,0.21545753815240598,0.7438403469327302,0.0001186157063868265,1,1
1196,46722296,9b091883,13,true,true,,,56.59248293930623,52.08124196094093,4.511240978365301,win,0.26104223223817824,-0.00007327042652249816,1.3415197868505402,0.06970334482617346,1.0727579278231483,-0.00014654085304854902,1,1
1197,1160f74b,0bfb91c4,12,true,true,,,56.873875290807206,51.404239266610396,5.469636024196809,win,0.16553849170433854,-0.00013733619134015385,1.6666327502722496,-0.5929724749050234,2.345780133816006,-0.0002746723826794195,1,1
1198,05b7e146,0a5c90e0,6,true,true,,,55.13369368127187,48.8719604091721,6.261733272099775,win,-0.05095065897045803,0.6179305181640053,1.7780708330803092,0.5459023769151843,0.8016370507364803,-0.000605587832831489,1,1
1199,5d0856fb,4e67cd30,9,true,true,,,55.15034290676779,52.97812860165625,2.172214305111538,win,-0.33656434632301213,0,2.0370370370370345,-0.00003965352295232094,-0.5258985097736906,0,1,1
1200,7fdfd2cd,ef27c105,10,true,true,,,55.23579012744557,53.007242943967796,2.2285471834777724,win,0.3854553028203309,-0.02143163064863174,1.2950492499263557,-0.12952847334897122,-0.4715419666952494,-0.042863261297264366,1,1
1201,ccaa5398,21c04919,10,true,true,,,55.54328972361026,51.35758177827876,4.185707945331501,win,0.13367245149616225,-0.04047181345242734,2.2280499547235646,-0.6412134565802035,0.868692527956128,-0.0809436269048538,1,1
1202,eb45c091,5c76d6ee,8,true,true,,,56.95365267035962,55.05672017603084,1.8969324943287802,win,-0.10286660345520482,-3.552713678800501e-15,1.4880952380952222,0.14684516553580362,-0.5735397312081059,-6.217248937900877e-15,1,1
1203,7f9d13a1,736abcfb,9,true,true,,,58.03431166559658,48.50405285707986,9.53025880851672,win,0.17804494360002288,0.7173813599524514,2.407407407407409,2.021235762498171,0.03845924745956175,8.881784197001252e-16,1,1
1204,07293515,e5204d75,13,true,true,,,58.61826928023491,54.00682555883735,4.611443721397563,win,0.1646833894104529,1.7763568394002505e-15,1.5847578347578315,-0.13297422434283934,1.2373178094488502,1.7763568394002505e-15,1,1
1205,d3e05039,cc4d1985,11,true,true,,,55.609587282484505,53.15016915006768,2.459418132416822,win,-0.1046634334990666,1.7763568394002505e-15,0.8535353535353476,-0.012585698672801904,0.8966876404382678,1.7763568394002505e-15,1,1
1206,f1d841a0,2802bb65,10,true,true,,,58.97372280538023,54.739625929683164,4.2340968756970625,win,0.391613383248695,0.00012107385004966886,1.623554894761912,-0.2390828192003509,0.6566341274593777,0.00024214770009844955,1,1
1207,33bf0c9a,05b38be4,9,true,true,,,53.119062305140396,51.23914893060223,1.8799133745381695,win,-0.24240164199512448,-0.0017680534966553196,1.597862635371313,-0.9440509889414868,0.8688221504005691,-0.003536106993309751,1,1
1208,798aac45,264d6ad7,11,true,true,,,58.11367937378468,51.199953852522604,6.913725521262073,win,0.09847544625233295,0.005992950319271273,2.1693142223035986,-0.5986582922098806,2.859093448425744,0.011985900638542546,1,1
1209,51b64818,97b3a347,9,true,true,,,58.21119406413037,56.92954248622007,1.2816515779102957,win,-0.11142319483855445,-0.007531405514326295,1.7352114578695357,0.5259776702421348,-1.801549140255415,-0.01506281102865259,1,1
1210,8a9cde3f,c03bdb42,11,true,true,,,55.30955048957893,47.57235729824701,7.737193191331919,win,0.14335924122243693,1.4691634305015207,1.9292929292929326,0.7023720144641743,-0.0901379114281955,-3.552713678800501e-15,1,1
1211,7d38e4cc,3486d289,10,true,true,,,57.48226168531651,54.067774615379804,3.4144870699367047,win,0.3989448363787953,8.881784197001252e-16,0.8950617283950546,0.7721272780215784,-0.26261749356584385,2.6645352591003757e-15,1,1
1212,b25a2166,e3140faa,11,true,true,,,54.11411210501807,50.81475194227015,3.2993601627479237,win,-0.3759611210877618,-0.006099909770594714,1.4174392558388105,0.43165466293271226,0.6899343834013596,-0.012199819541191204,1,1
1213,55c6f450,6eebb47c,11,true,true,,,52.72831680527937,47.95289652275056,4.775420282528813,win,-0.24923287397142668,0.8940953132467948,1.4747474747474776,0.3518077984015431,0.24972065098023055,4.440892098500626e-15,1,1
1214,97fe4806,b3096bfb,12,true,true,,,57.704751017378086,53.35893109807307,4.345819919305015,win,0.3231467170095179,0.0005672569102319613,1.1593034165153115,-0.12259675921739,1.3265933674001884,0.0011345138204692518,1,1
1215,e94616e4,6f392fc8,11,true,true,,,56.252286318239435,50.37793748653158,5.874348831707856,win,0.24877812388691156,-0.05716708070589149,1.8629738096953519,0.12938300469866704,1.5169388239532493,-0.11433416141178565,1,1
1216,2d560438,6407c2ae,6,true,true,,,57.94956753851366,48.337415956770535,9.612151581743127,win,0.2385852730184035,-2.6645352591003757e-15,2.7222222222222228,2.001240782819826,0.6802909564555994,-2.6645352591003757e-15,1,1
1217,201a2f91,a46cccdb,13,true,true,,,55.980807967907936,51.66291657373948,4.317891394168456,win,0.0867345784655309,-1.7763568394002505e-15,2.051282051282051,0.22488945863417253,0.07770635651501667,-8.881784197001252e-16,1,1
1218,f78d4c5f,aeed7084,7,true,true,,,55.25724479759542,52.66971629174476,2.5875285058506563,win,0.028986125315845657,0,2.1428571428571432,-0.5979448635869762,-0.21737560713089277,-2.6645352591003757e-15,1,1
1219,a3557ba0,9ef17b2e,11,true,true,,,58.20149122910447,50.99728288995874,7.20420833914573,win,-0.22465497511314192,0,1.308080808080808,0.6238456876005438,3.253666359272776,0,1,1
1220,f3ffb862,5523f83d,8,true,true,,,56.77093833751712,54.04931292919139,2.7216254083257354,win,0.060496256009395566,-1.0852898579258916,0.8879374438987169,1.3680078522843093,0.6913195762976656,-0.02255897831181386,1,1
1221,2dba242d,1bb82991,5,true,true,,,60.56026960463356,62.17706691360156,-1.6167973089679961,reversal,0.32705214189991905,-3.552713678800501e-15,1.6666666666666599,-1.4324186507931875,-2.1893837936232448,-4.440892098500626e-15,-1,-1
1222,b43cd1b6,a667d446,13,true,true,,,56.15704635198858,52.75673457306118,3.400311778927403,win,0.4248143088552956,0,1.3639601139601059,-0.06618223594761119,0.10632429575776214,0,1,1
1223,c125bf6d,776a2cff,12,true,true,,,54.14095471401777,50.56135544941594,3.579599264601825,win,0.5852998762327433,-0.04714745441321977,1.1606336942176299,-0.9537380281383863,1.495302960852594,-0.09429490882643865,1,1
1224,057998d4,46c1c7eb,7,true,true,,,56.1626038864819,52.56775829972757,3.5948455867543245,win,-0.1329883894665711,0.30170350415007974,1.3754206520582795,0.1112027820956838,0.49422018757928843,-0.0025221577667000616,1,1
1225,8dc942a3,a58cbe6a,9,true,true,,,57.627466215043306,50.183061143125926,7.44440507191738,win,-0.041358361559534096,-0.0024412080237468103,2.178592374909888,0.9239083966530259,1.5998827015790313,-0.004882416047490956,1,1
1226,e2f07221,c5c6e7b5,13,true,true,,,56.320118589303014,51.63665013302048,4.683468456282533,win,0.14971365609336207,-2.6645352591003757e-15,1.5740740740740744,0.3835888567533434,0.6848270790158573,-8.881784197001252e-16,1,1
1227,94141c42,08b80c4d,8,true,true,,,54.19225924439332,51.7548686173241,2.4373906270692203,win,-0.058004572546505706,0.2430064619981609,0.7047033775359086,-0.5052432075479576,1.2499613149513733,0.0029276746460569214,1,1
1228,8b2c50b9,d6597ec3,11,true,true,,,55.26319554454639,53.34997328232304,1.91322226222335,win,-0.041411464252838925,0,1.1565656565656557,-0.14656639717099562,0.1450562581317918,0,1,1
1229,9127fd19,c3877fbf,6,true,true,,,59.63793546988371,55.510776347577774,4.127159122305933,win,-0.4186275289919683,3.552713678800501e-15,1.8888888888888884,1.2980853122000964,-0.34804326871924296,2.6645352591003757e-15,1,1
1230,21eee5c1,778b26a5,10,true,true,,,55.691441723132144,49.954382324336635,5.737059398795509,win,-0.10322221257638642,0,2.3703703703703702,0.6026530383403621,0.5610214449713222,0,1,1
1231,23b6a2ed,defafd06,12,true,true,,,54.732390568431285,53.59432311126616,1.1380674571651213,win,-0.44418140633277825,0,2.0959595959595987,-0.9795427379728103,0.023668564615022092,-1.7763568394002505e-15,1,1
1232,123dbaef,f435ef2f,7,true,true,,,62.38216739166631,51.17025675410592,11.211910637560386,win,0.05375146603697267,0.3699037820700246,2.18253968253968,0.9773306534637136,3.6327753014544015,7.105427357601002e-15,1,1
1233,86fc61a3,29813418,10,true,true,,,57.452954162815,53.617781071695596,3.835173091119401,win,0.19725623789705438,-8.881784197001252e-16,0.9999999999999982,0.6401061363196927,0.4141534181115123,-3.552713678800501e-15,1,1
1234,25d73fcb,176cc6d5,8,true,true,,,53.0029365551815,50.4843427021475,2.518593853033998,win,-0.13187511502697546,0,2.4503968253968242,-0.0343753046220181,-1.1154893882644537,-8.881784197001252e-16,1,1
1235,d082310d,a0637b6e,10,true,true,,,56.07096595393209,47.05508538588295,9.015880568049141,win,0.007328722482409233,0.9789123835646647,2.122492540461211,1.267040553948612,0.8701409826784987,-0.0034725544578142475,1,1
1236,1fe1d677,73403b44,7,true,true,,,58.33133899139781,50.517113338418284,7.814225652979523,win,-0.6253291208000014,1.400900873887056,2.8968253968254056,1.5574945029225162,-1.0077688608496302,1.0658141036401503e-14,1,1
1237,d041ff64,8943eebf,9,true,true,,,57.60151631444154,49.07957465135512,8.521941663086423,win,-0.10082479321258364,1.7763568394002505e-15,1.365740740740744,1.1792543503107122,3.2644419771264026,2.6645352591003757e-15,1,1
1238,043e7354,2b5b94a8,11,true,true,,,57.8832727037776,51.38820335285846,6.495069350919138,win,0.32123017276235655,0.00004063466356818424,1.5150885939180965,-0.5892788702094585,3.0522769504657576,0.00008126932713636847,1,1
1239,0246e18e,7bc2ec93,13,true,true,,,56.127281352210005,52.79978454446584,3.3274968077441684,win,0.18374094169332444,-8.881784197001252e-16,1.1645299145299122,0.09789543967480618,0.5143118506858677,-3.552713678800501e-15,1,1
1240,c2e7fa2a,09336c2f,9,true,true,,,51.25985922081953,44.12313010261091,7.1367291182086205,win,0.5269120114307968,0,2.430555555555557,-0.04987480279852363,1.2959629156958847,0,1,1
1241,05da5d85,eb29f4a6,12,true,true,,,57.37780278808085,51.36074803326472,6.0170547548161295,win,0.03437488831526947,-0.03362021225953171,2.040856059751116,0.18225321988561483,1.6074022845067484,-0.06724042451906431,1,1
1242,2e34740a,e2eb5fbf,10,true,true,,,58.232957292900345,55.46367859033735,2.7692787025629926,win,0.2664554845393212,-1.7763568394002505e-15,1.438271604938274,-0.3248040952231408,0.12117619846794092,0,1,1
1243,161dc6fc,ba420469,7,true,true,,,57.87306043915084,48.06833100636456,9.804729432786282,win,-0.08621156094731663,0.22875036767373658,2.764550264550266,0.6143182363868966,2.700142643107319,4.440892098500626e-15,1,1
1244,002e8120,59bdd6df,8,true,true,,,55.31050229673559,53.1304895736783,2.1800127230572954,win,-0.026902220847212277,-0.0058832580296348524,0.8820998771327488,-0.034960031714535766,0.5650632212600728,-0.011766516059270593,1,1
1245,a56642ee,40ed463c,11,true,true,,,53.89183472728911,50.39026691382147,3.501567813467638,win,0.35942654482574543,-4.413661063296104e-7,1.3636372343033338,-0.12384353841235463,0.36375438676713756,-8.827322144355776e-7,1,1
1246,6b658085,f1df237b,8,true,true,,,61.304184009115886,54.50282984222316,6.801354166892729,win,0.09833913335783118,0,1.537698412698413,1.0129210818415428,1.620701167006687,0,1,1
1247,94bfec4b,99ccabd9,12,true,true,,,55.02856256711975,49.76447396423568,5.2640886028840725,win,0.03986861085392235,0,2.2727272727272743,-0.3868750551086171,1.334909555989249,0,1,1
1248,f3380a3e,21ad49be,13,true,true,,,58.488622325567015,53.176673138677785,5.31194918688923,win,0.09840103229268715,0,1.374643874643878,1.3212012285310824,0.3356001344900914,0,1,1
1249,a4b517aa,634c2cb1,10,true,true,,,54.13995474003282,46.945154542947876,7.194800197084945,win,-0.15064012920605885,3.552713678800501e-15,1.9567901234567922,1.7170311950007626,0.891824538130447,7.993605777301127e-15,1,1
1250,4d5a22bb,1cf94240,11,true,true,,,52.51651353247945,50.54709487657693,1.9694186559025226,win,0.13385983075970032,0,1.308080808080808,-0.7090966293458463,0.3962273165686261,0,1,1
1251,11b66391,2710ad60,5,true,true,,,56.46416513650466,46.97461000178164,9.48955513472302,win,0.3057730491664479,0.7482711060886498,1.86111111111114,1.756668690854215,0.8078205982492794,-2.7533531010703882e-14,1,1
1252,923b3e04,5da01709,9,true,true,,,57.29157003081872,53.20884816610516,4.082721864713555,win,0.374895713619674,0,1.365740740740745,-0.5033020961970429,1.2453551750943577,0,1,1
1253,2098b52b,a2c90c56,10,true,true,,,54.772571612927564,52.59790874420201,2.174662868725555,win,-0.06108078629897107,-8.881784197001252e-16,1.4753086419753023,0.3495628641867006,-0.6712333074913222,-8.881784197001252e-16,1,1
1254,2ce87e0c,92e1bae6,11,true,true,,,52.079325517631574,48.08991201252529,3.9894135051062847,win,-0.05108070576515522,-0.0008260471692667082,1.8178885920865762,0.4041405699510774,0.1506456113918242,-0.0016520943385334164,1,1
1255,740a5624,55962648,13,true,true,,,57.87178795184466,54.343480302621,3.528307649223656,win,-0.19537324407309842,1.7763568394002505e-15,1.841168091168087,-0.2488616310010645,0.8280390609001209,4.440892098500626e-15,1,1
1256,c2092bd1,1f25aaa0,9,true,true,,,53.99267527805116,51.71322721660567,2.2794480614454926,win,0.17851443754818863,0,1.921103705249977,-0.48476328759634324,-0.543455514000736,0,1,1
1257,d50c7760,d74327fa,9,true,true,,,56.32874458021304,52.491036730431574,3.8377078497814665,win,0.2866387243676751,0,1.8287037037037006,-0.26872194842503294,0.2981805106496722,0,1,1
1258,406617a2,5d730fc5,11,true,true,,,55.8173701118381,51.96105124668408,3.856318865154023,win,0.28207362873417585,-0.0005131039152157513,2.0092441232721585,-0.800730650089899,0.7455768943036949,-0.0010262078304323907,1,1
1259,31a1b493,8b7e5090,13,true,true,,,53.839817810781355,50.88657536143512,2.9532424493462344,win,-0.3032979854782316,0,1.6310541310541327,0.3661933919637015,0.08794789811325643,2.220446049250313e-15,1,1
1260,0a889612,476a255a,9,true,true,,,55.24994580576501,50.59897262591832,4.650973179846687,win,0.2178659684875619,0,2.2222222222222134,-0.3889241754029138,0.6483121936964302,0,1,1
1261,b2bf23f3,5bf0dd34,8,true,true,,,53.99578929006531,53.154029353329406,0.8417599367359045,win,0.37927812354432877,-0.577583431041246,1.6964285714285703,-1.689785609755683,0.715892143496422,-3.552713678800501e-15,1,1
1262,0001b136,b851ef3a,6,true,true,,,58.494696755081705,55.54900762720345,2.9456891278782535,win,-0.790923611619041,-4.440892098500626e-15,1.5555555555555518,0.4963413440836826,0.832972111095085,-7.105427357601002e-15,1,1
1263,e6f18fb0,416b772e,9,true,true,,,53.54115371173995,48.919274389174376,4.621879322565576,win,0.09534443115656632,0.19951789284854282,2.2916666666666634,0.1035317826784663,-0.17674501651320806,0,1,1
1264,bc51c33b,faf3bc62,6,true,true,,,58.77180674450091,53.90621197109478,4.86559477340613,win,0.02432135922689449,-0.0005715448928782507,1.2692226318268176,0.6232874391781689,1.138968974613273,-0.001143089785753837,1,1
1265,42c0983c,7de66bad,12,true,true,,,58.96288540680402,54.09812810198157,4.864757304822447,win,-0.11851126829185876,-1.7763568394002505e-15,1.3510101010101003,2.0194724040663523,-0.4796005473264682,-3.552713678800501e-15,1,1
1266,3ad5cd37,55ed97e9,11,true,true,,,56.28108396462679,51.68264891988464,4.598435044742146,win,0.15691079067785463,-0.00000780482206330646,1.8181827078908475,0.2398263343849063,0.46330518505745033,-0.000015609644128389277,1,1
1267,e1f168f3,632ba9da,9,true,true,,,56.120718290206284,53.1531750880367,2.967543202169587,win,-0.16331017113190116,-1.7763568394002505e-15,1.9212962962962958,0.038063551821573505,-0.1114668146583373,-3.552713678800501e-15,1,1
1268,b11d6a22,0400fed1,9,true,true,,,56.82831215622696,50.20887022971352,6.6194419265134385,win,0.3556717486543435,-0.014024448132728295,1.4875803119770374,0.6763433472702021,1.584998941468891,-0.028048896265458367,1,1
1269,8b46b09a,2053815b,11,true,true,,,55.55649743315244,49.4601716688737,6.096325764278738,win,0.09928860375230597,1.7763568394002505e-15,2.3434343434343496,0.8791649397528616,0.18322801768500607,2.6645352591003757e-15,1,1
1270,88945677,bd642ea5,11,true,true,,,57.53616997282635,52.23378263805909,5.3023873347672605,win,0.04973083830020286,0,2.0808080808080804,0.6393573984846403,0.32029824805853213,2.6645352591003757e-15,1,1
1271,28fb3e7a,dbc87ca6,9,true,true,,,55.670771447732434,50.39960461932087,5.271166828411566,win,0.10368905296251274,0.28770362966169216,1.4321026438404285,0.5351232303548059,0.7661122165232772,0.006024189721683726,1,1
1272,b962b946,268a4281,10,true,true,,,51.7816234861224,48.83089909459596,2.9507243915264425,win,0.12202625155531077,0,1.9382716049382749,-0.3090549459345642,-0.18837724978018056,4.440892098500626e-16,1,1
1273,d0d316f7,842bfa5f,8,true,true,,,54.22000789423449,50.3667391097664,3.853268784468092,win,-0.006942246298345278,-0.015629853528276172,1.050836341125283,1.4135895266306129,-0.21969047035550382,-0.03125970705655057,1,1
1274,bf41f4e1,f2dad33c,9,true,true,,,57.58190027042224,52.71073942774095,4.871160842681292,win,0.21430652111241288,0.0016343171892518882,1.3164248022020084,0.4589045388766726,0.962426402057337,0.003268634378502888,1,1
1275,b979c3a7,b82464f2,9,true,true,,,59.51292643272144,53.73222880557091,5.780697627150531,win,0.49450776811752295,1.7763568394002505e-15,1.5740740740740744,-0.24001764152461114,1.7126002266406806,8.881784197001252e-16,1,1
1276,eb643b4c,98950434,9,true,true,,,54.65018071045744,51.759596197650886,2.890584512806555,win,-0.027617138461260904,1.7763568394002505e-15,1.1805555555555705,-0.09332889681033318,0.7565539956458283,6.217248937900877e-15,1,1
1277,0b83b484,29a8d498,9,true,true,,,55.31753799713638,52.95814638333284,2.3593916138035382,win,0.1285418086848642,1.056912896611271,1.1574074074074003,-1.5121638878724886,0.3169330009250526,2.6645352591003757e-15,1,1
1278,053f1817,e8874740,11,true,true,,,57.21863557629397,52.174154954160855,5.044480622133115,win,-0.5625710227136,0,1.6111111111111116,0.38477698628628687,2.0918594567831654,1.7763568394002505e-15,1,1
1279,a128e8ca,5a38eabf,10,true,true,,,53.26845037020721,49.251556517311386,4.0168938528958265,win,-0.03856683417138629,1.7763568394002505e-15,2.018518518518519,-0.31891546489937195,0.7842347530570315,2.6645352591003757e-15,1,1
1280,1d792eb4,f2c2c25d,10,true,true,,,56.129559900170776,52.11290251199504,4.016657388175737,win,0.28996752359188993,-1.7763568394002505e-15,1.709876543209873,-0.25867085687531866,0.5727170152929695,-1.7763568394002505e-15,1,1
1281,cef44270,30380147,14,true,true,,,56.384931267642514,54.50265428520321,1.8822769824393077,win,-0.1119198584587846,1.7763568394002505e-15,0.9096459096459064,-0.23737939246016637,0.682103861974773,7.105427357601002e-15,1,1
1282,e487e9dc,0bb49473,10,true,true,,,62.186015656746065,58.468314168612096,3.7177014881339687,win,0.10520494808320047,0.0005737038587518839,1.6225171688757358,-0.23900899611457938,0.7466184443611246,0.0011474077175019914,1,1
1283,cdddcae2,4c85e21f,9,true,true,,,56.928746550039484,52.817893951473415,4.110852598566069,win,-0.06261407940866115,0.0012080875913103029,1.6926458488480307,0.6495916318271391,0.11502131358375944,0.0024161751826206057,1,1
1284,1fbad74a,9a0854e3,11,true,true,,,53.71280484020456,51.10243368094394,2.610371159260623,win,-0.3825401803395292,0,1.8737373737373773,-0.016474353223937754,0.11762177989142852,1.7763568394002505e-15,1,1
1285,3a4cebaa,dcaa077a,8,true,true,,,54.77510558734575,48.586379959779194,6.188725627566555,win,0.4604581949208675,-0.005646782398366135,1.4979577408111036,0.6460811394982331,1.0879134627693672,-0.013610407314590844,1,1
1286,69ba7e30,6624a179,6,true,true,,,59.54913253881867,54.77320983256824,4.775922706250427,win,-0.3238402775829976,0,1.8333333333333366,0.16633683196814975,1.4693103412548467,2.6645352591003757e-15,1,1
1287,3b085a36,367d0a51,11,true,true,,,57.76348235767645,53.18263337408976,4.580848983586691,win,0.34794505709719026,-0.0013292957851760434,2.024565597763214,-1.1495927478654506,1.5972863343644175,-0.0026585915703503105,1,1
1288,cff22c55,189d726c,7,true,true,,,58.20634651862267,51.47245672315843,6.733889795464236,win,-0.1199078872495849,-0.0024821925298113,1.7604525146332408,1.0786770737575715,1.5620940412289688,-0.004964385059623488,1,1
1289,c64df193,032edf5f,10,true,true,,,55.24530623442142,52.01972620649799,3.225580027923428,win,-0.2735182141425123,0.2969092497585404,2.290123456790126,0.06392473951180566,-0.7037190302343159,1.7763568394002505e-15,1,1
1290,d1db10ae,3bdccd5f,10,true,true,,,55.335878038870376,50.31453752972056,5.021340509149816,win,0.08861532855991916,-0.0004366875217041155,1.9563685415833385,-0.13786652122922316,1.1834649929196903,-0.0008733750434108956,1,1
1291,55de26c1,c27d4bc7,10,true,true,,,61.83676906814212,51.964431779583755,9.872337288558363,win,0.6981310379538663,-0.018979088014207335,2.2799707127868922,0.11085396583610851,3.1191100928606215,-0.03795817602841467,1,1
1292,6127f076,6419926b,11,true,true,,,55.34693770683145,52.18022318840454,3.1667145184269074,win,-0.18109420865190096,0,1.8181818181818237,0.7760573358874829,-0.7174545241951025,-2.6645352591003757e-15,1,1
1293,02bbb9a7,dcbf8767,5,true,true,,,55.84073353447486,55.19265345947953,0.6480800749953275,win,0.13960315274280877,0,1.2777777777777768,-0.5175984257245485,-0.8033175365395291,-8.881784197001252e-16,1,1
1294,a73dead8,9461d0dc,9,true,true,,,52.11109401068814,50.18784116540218,1.9232528452859583,win,0.040362105972881146,0,2.2916666666666616,-1.6962120690230265,0.4398789880662264,3.552713678800501e-15,1,1
1295,6d6e3b2b,827fa37e,4,true,true,,,56.61588653532678,57.63889251341563,-1.0230059780888467,reversal,-0.5118506621890524,0.08243026334866954,1.6666666666666599,-2.5199930265943644,0.8899536194128435,2.042810365310288e-14,-1,-1
1296,01e81d44,95b8678f,10,true,true,,,56.56404691432784,53.431147549072044,3.1328993652557955,win,0.20128263639642663,0.3111027035876246,1.851851851851852,0.3083642594131222,-1.3070417188358325,0,1,1
1297,25c1f19b,40b452e0,8,true,true,,,54.28401872470555,52.04304601988861,2.24097270481694,win,0.03784920018147231,2.6645352591003757e-15,0.9623015873015914,-0.8925657740127031,1.45028596275733,5.329070518200751e-15,1,1
1298,5d4f56d0,fea3069c,9,true,true,,,57.83229471533291,50.26153325233469,7.57076146299822,win,0.40252360638590856,-0.003378095385548008,1.7591318253999058,1.6883144632102347,0.5614305265494561,-0.0067561907710951274,1,1
1299,e8a1d170,259b53eb,10,true,true,,,55.62241999594315,48.99788928742712,6.624530708516026,win,0.37532531339358277,1.2466606391781063,1.1852267449611018,0.16167183122469275,0.6904483913764947,0.00003250214452243938,1,1
1300,16b83202,59a9947c,9,true,true,,,56.80598397415487,51.88876756229514,4.917216411859727,win,-0.294222177043602,0.0011572557292094388,1.96525576975721,0.5920674524910297,0.8143854948231093,0.002314511458415325,1,1
1301,f6670919,1c1b57b9,9,true,true,,,56.38102777068944,51.08955531438559,5.29147245630385,win,0.5009716970403653,0,1.8055555555555545,0.2954988144177273,0.35687058839770636,0,1,1
1302,5115e5c1,5070e7e8,11,true,true,,,56.430565905826285,52.87196474691817,3.558601158908118,win,-0.15302395266700675,0,1.984848484848488,0.056842009388667236,0.20647363209228065,0,1,1
1303,10c21d96,ffe856e0,8,true,true,,,58.01234831566018,50.43327041254982,7.57907790311036,win,0.17056322280491365,4.440892098500626e-15,2.3214285714285694,0.8608953780692854,1.228679071499874,7.993605777301127e-15,1,1
1304,160ca273,d1e8675b,8,true,true,,,54.584850585095325,55.19754119281905,-0.612690607723728,reversal,-0.15579612638325724,1.7763568394002505e-15,1.746031746031747,-1.4362550239280747,-0.7325812932862785,7.993605777301127e-15,-1,-1
1305,c16abb0c,088e058a,10,true,true,,,60.01555042802565,55.17652438700608,4.839026041019565,win,0.011395478122965264,0,1.3950617283950644,-0.3641087888559653,2.2053307487696046,0,1,1
1306,8bffdcce,ee306011,12,true,true,,,55.37524641862714,53.04927593709448,2.3259704815326643,win,0.05802154421671091,0,1.4772727272727266,-0.8022084107206773,0.680838831158856,0,1,1
1307,893fc556,d39af314,15,true,true,,,59.186248884285064,53.05636908007429,6.129879804210773,win,-0.053562180076464294,0,1.7857142857142874,0.6843169553497717,1.450331578145919,8.881784197001252e-16,1,1
1308,6ecae4ce,3917be04,7,true,true,,,52.06582182017817,48.51376775999931,3.552054060178861,win,-0.11305009837456814,0.46005862896973504,2.1410776180234334,-1.3396863779152373,0.9866930467699255,-0.005981065915513284,1,1
1309,b715bc2e,957772e8,7,true,true,,,51.56977729851501,45.08423265752788,6.485544640987129,win,0.022014124642625754,1.4938760543552565,0.6529283563538941,1.0399837338057463,0.4118628339815844,0.005654064567721662,1,1
1310,c938a529,ecb43661,5,true,true,,,60.289614997154544,51.71297202951814,8.576642967636403,win,0.4409571743521923,-0.00034566778654543384,2.3335177360491315,0.5286450959668159,1.926427253809258,-0.0006913355730890913,1,1
1311,5bdabab3,fd778ab7,10,true,true,,,58.225897701675386,51.10259816767493,7.123299534000459,win,0.09920608200303249,-0.029382714029337897,1.7310845299080464,-0.5706837939964293,3.670521358534768,-0.05876542805867757,1,1
1312,714cf7f1,9c02282e,11,true,true,,,56.13421776172527,51.43503083505038,4.699186926674891,win,-0.18272902745689246,1.7763568394002505e-15,1.762626262626263,1.1515371825061882,0.039348745799896,4.440892098500626e-15,1,1
1313,76c71d4a,077e3539,9,true,true,,,57.14956749795842,54.08600749800912,3.0635599999493053,win,-0.14359985399678132,5.329070518200751e-15,1.5277777777777688,-0.9450919953191335,1.6813310470684923,5.329070518200751e-15,1,1
1314,6fdeaf2a,6009893a,13,true,true,,,57.13591062014193,52.056834049415485,5.079076570726443,win,-0.24110338215865212,-0.026366070154431043,1.7971004421503451,0.7434678171334603,0.9647759144886026,-0.0527321403088612,1,1
1315,41bbf892,ecf2c76d,11,true,true,,,55.070465495613725,50.82728172906592,4.243183766547801,win,0.021813505169990144,0.22773042164963098,1.9292929292929255,-0.26455679763497475,0.5627417751395702,-1.7763568394002505e-15,1,1
1316,8407a08d,cbcdc82f,13,true,true,,,56.05823814433261,50.6732807003181,5.3849574440145105,win,0.06364782238359679,-0.0027096942222435416,1.887065413847079,0.3055640819284786,1.0427251408315836,-0.00541938844448886,1,1
1317,05b5cd54,1cf6293c,10,true,true,,,55.662703409815954,51.02907612777276,4.633627282043193,win,-0.10234126660719989,0.35051999795867506,1.896618458260864,-0.5318686891668438,1.2587847810073916,-0.0036857177203613034,1,1
1318,69ff5f38,624454f5,11,true,true,,,55.1526027105809,52.470927862584645,2.6816748479962556,win,0.0015099630046282453,0.0044860448804575626,1.2007908656793056,-0.045261365313237434,0.4508036154172448,0.008972089760913349,1,1
1319,f685ffe5,456d1cea,9,true,true,,,60.74758876336411,56.19201139910513,4.55557736425898,win,0.08967543352128748,-0.013770969311169168,1.184498700632064,1.848942855308005,-0.5819732947188339,-0.027541938622339224,1,1
1320,cc2132a5,fdbf4475,10,true,true,,,57.54598924659049,54.79937188764897,2.7466173589415206,win,0.06888404996628039,0,1.1851851851851931,0.3184415921782078,-0.03314263454067401,-2.6645352591003757e-15,1,1
1321,5809a97d,b7fb8d6b,9,true,true,,,56.07148502118711,48.924666492209084,7.146818528978024,win,-0.06758680506567938,0,2.245370370370366,1.0431584867118486,1.1749833029593377,0,1,1
1322,e38dbcba,4afb63d6,11,true,true,,,53.88214861962928,48.099284520111645,5.7828640995176315,win,0.1649802204923836,-2.6645352591003757e-15,2.2323232323232265,0.513882209476983,0.4433973022070532,-4.440892098500626e-15,1,1
1323,ef702b46,8c9ab7f6,8,true,true,,,58.35128368410815,51.920289195841455,6.430994488266691,win,-0.05824418040148949,0.00045043729812377364,1.8270921516512093,1.0763837473647788,1.1373656352338752,0.0009008745962457709,1,1
1324,482bf42f,836a37d0,8,true,true,,,55.96488985058084,52.67481046651751,3.2900793840633256,win,-0.13687183695920124,0,1.4880952380952417,0.397597279406428,0.21455568292780747,8.881784197001252e-16,1,1
1325,f2fc9292,22d0023e,10,true,true,,,54.37699987383595,51.99938260291073,2.377617270925221,win,-0.4639070003027568,0.43123951338176525,1.666666666666667,0.14085964423822617,-0.488764760560799,-3.552713678800501e-15,1,1
1326,fcf48a4c,bdcd89cc,11,true,true,,,54.53432889014766,49.79516783075624,4.739161059391421,win,0.561094875595322,0.49779900529362564,2.3434343434343408,-0.8272677519458504,-0.21798027403588272,0,1,1
1327,48124860,e25ddf89,9,true,true,,,59.82428214248331,56.747722716644006,3.0765594258393065,win,0.10292222928636408,0,1.4814814814814818,0.05931380646777651,0.08643162050884445,0,1,1
1328,26c05902,a3b0a0f7,10,true,true,,,59.4005449737992,55.21936064599519,4.1811843278040115,win,0.09706164788155114,-0.004008897350971097,1.2484282977557166,-0.9196557439718189,2.471144141060491,-0.008017794701942194,1,1
1329,95afd097,76049f6b,8,true,true,,,54.04628808512767,49.01294399808041,5.033344087047261,win,-0.1246047592935764,0.5080185721581127,1.795634920634921,-0.2592444072182838,1.1505304207138725,-8.881784197001252e-16,1,1
1330,def299cc,14678733,8,true,true,,,57.4538298675731,50.948988344578304,6.504841522994795,win,-0.0606860817221615,0.5102127275846247,1.9543650793650764,1.4865178681278977,-0.24951192057387495,-1.7763568394002505e-15,1,1
1331,f0c9db94,b84deaf3,9,true,true,,,56.58152364009983,49.286716275693706,7.294807364406125,win,0.126345048863316,1.7763568394002505e-15,1.5972222222222232,0.6025596959016575,2.37770119235903,0,1,1
1332,01a9cf9d,f1d696aa,8,true,true,,,57.419737426113954,53.353436495041855,4.0663009310720994,win,-0.04341501765923361,0,1.6170634920634859,0.598913543198039,0.21735747598726718,0,1,1
1333,a0ca1376,f91aaf94,9,true,true,,,52.42632976985227,43.80621814297299,8.620111626879286,win,0.6384388362181577,1.279786292870102,2.165701811267069,-0.2209119257239056,0.9257277345636599,-0.07446758480999005,1,1
1334,ae5acc53,5a6e9c56,12,true,true,,,55.494141620911684,48.664399525767394,6.82974209514429,win,0.3483756457231686,0.8597028567101539,2.056514780024658,-0.4004585625985868,1.0184418965293371,-0.010349586523925591,1,1
1335,910fe7c7,c87b248b,10,true,true,,,59.080479650099406,51.017347605768606,8.0631320443308,win,0.2125737295499479,0.3396749858261625,1.5619323814794503,1.160458800586797,1.6503503484618092,0.00006219656583184019,1,1
1336,2ac642ef,d5273071,7,true,true,,,55.23895831939812,54.37378164855083,0.8651766708472906,win,0.002851926511814984,0,2.2883597883597915,-1.2124306920521972,-0.8914787271320197,-2.6645352591003757e-15,1,1
1337,dc43c50f,3820dd28,11,true,true,,,62.722009386350656,57.30319784957244,5.418811536778215,win,-0.06710630774987525,0,1.4191919191919213,-0.2991463328443489,2.657629522633,-3.552713678800501e-15,1,1
1338,5145b84f,d33a1d58,7,true,true,,,53.994930159841545,50.0458903775877,3.9490397822538412,win,0.019545637904236468,0,1.759259259259264,-0.2665957843031119,0.9167694915498581,0,1,1
1339,804b62b9,cf5ee2ea,10,true,true,,,57.266960998959746,49.37426381397654,7.892697184983206,win,0.3333837825122832,-1.7763568394002505e-15,1.5432098765432087,1.1720740143555926,1.8411775645481674,-5.329070518200751e-15,1,1
1340,bce1a1f3,73d6d66e,5,true,true,,,57.16471919829955,51.35510263598665,5.809616562312904,win,0.742685175417118,0.0014209327613041722,0.9877600259565433,0.6904805955380624,0.9350268853909318,0.0028418655226092326,1,1
1341,ed61caa2,069050d7,11,true,true,,,56.0467873833387,49.12653278294171,6.920254600396994,win,-0.07958349628633199,0.3402290609851253,1.7222222222222232,1.0644077002036134,1.185680597746468,8.881784197001252e-16,1,1
1342,bcf58085,ed90a312,9,true,true,,,57.894917998362175,51.79103964212139,6.103878356240784,win,0.5822002188037667,0.35617210100171803,2.0370370370370354,-0.3589482307752263,0.8059528234247164,1.7763568394002505e-15,1,1
1343,807e3d11,2eac0fba,9,true,true,,,55.609550187987736,54.000954191775136,1.6085959962125997,win,-0.20516400959954373,-0.024114825488055658,1.4750155273998695,-0.9722591757856813,0.8693680894884674,-0.048229650976111316,1,1
1344,4010a682,ca313387,11,true,true,,,54.60968897375565,49.62031476968705,4.9893742040686035,win,-0.03972905948250571,-0.25178891482263044,1.7626262626262692,0.629633696754551,1.0487186533113446,1.7763568394002505e-15,1,1
1345,12ae5097,8b0c237c,10,true,true,,,58.37351572512893,49.154016424009505,9.219499301119427,win,-0.015818840458857952,-0.0007478637683870915,2.3521234622926865,1.7976339048343686,1.5600258038096184,-0.001495727536775071,1,1
1346,b24147c2,ac5c2377,12,true,true,,,56.37175945378446,52.14518926082925,4.226570192955215,win,0.2143118354780067,-0.0003015607408674015,1.6286090670983544,-0.3489454769322018,1.0783490245097802,-0.0006031214817339148,1,1
1347,95bab686,e644ad30,10,true,true,,,57.11525775538625,48.835487393685604,8.279770361700649,win,0.6449155636818098,1.308888229961842,2.061728395061728,-0.2545559685313368,0.7408599207782336,5.329070518200751e-15,1,1
1348,7b74acfb,e42ea540,13,true,true,,,56.16637066614331,52.47566634559484,3.6907043205484698,win,-0.44182864685093315,-0.013037719612647436,1.3350588503555585,0.02551524864029453,1.7315499493930657,-0.026075439225293096,1,1
1349,ae2f857b,5a74a81f,13,true,true,,,55.11586751514158,52.21632033471087,2.8995471804307087,win,0.1361964853573796,-0.0035952605827409556,1.244567318508734,0.006668114610634213,0.2906937902006934,-0.007190521165480135,1,1
1350,2e273da3,861e03d5,12,true,true,,,59.30232571549412,53.22129179045146,6.081033925042661,win,-0.010440780983695497,0.000014347947978166076,1.717013728734015,-0.05548255304888006,2.3581352545766254,0.000028695895953667616,1,1
1351,addd201a,bd2eb530,9,true,true,,,55.41429507569675,51.31633790660376,4.097957169092986,win,0.22309810061544022,-8.881784197001252e-16,2.2453703703703702,-0.26692357659071675,0.041465019371907275,0,1,1
1352,73e8b39e,6aad1842,9,true,true,,,55.59176688238449,52.27069374164011,3.3210731407443816,win,-0.2050880296328217,0.2633109925774795,0.9641055310517634,0.33962747328935095,0.7509310822972344,-0.031050287863791937,1,1
1353,12a6b209,c72063a7,7,true,true,,,58.74473470942101,51.09507560537948,7.6496591040415325,win,0.10593780872498781,1.7763568394002505e-15,1.0582010582010541,2.363866036155147,1.1949140240274998,0,1,1
1354,8a35e355,f31aa729,9,true,true,,,54.85205351476759,48.876447392214885,5.975606122552705,win,-0.049552400200224334,1.2965802740016779,2.060185185185193,-0.5027310144357555,0.5009217023768233,6.217248937900877e-15,1,1
1355,fc60e01f,2b179358,10,true,true,,,60.769182263176035,56.51430257732302,4.2548796858530125,win,0.18006684643357618,0.0000023064346024170845,1.475306816245741,-0.4310787136324823,1.4628140714096087,0.000004612869203945991,1,1
1356,8df4e3e9,91d39255,11,true,true,,,56.692445080977016,50.86738984932552,5.825055231651497,win,0.33742789631822423,1.7763568394002505e-15,2.080808080808082,0.42025794932204796,0.506678385478244,0,1,1
1357,9b349f21,23b4da4f,8,true,true,,,57.26537950316731,50.67584155420802,6.58953794895929,win,-0.04482658978799314,0,2.003968253968255,0.9617605979611241,1.1427060252903694,0,1,1
1358,ed589595,c2e1e238,11,true,true,,,57.947272322495316,51.85503426780503,6.092238054690284,win,-0.10526635484646052,0,1.6262626262626263,-0.4641195652063512,3.15642175391959,1.7763568394002505e-15,1,1
1359,2054fa73,eefd454f,10,true,true,,,56.18356979721062,49.86629009585101,6.317279701359617,win,0.01844076899422098,0.7566316917045217,1.5432601079840156,0.18855203226392003,1.2790453430335615,-0.00018387182611601105,1,1
1360,fc09c2ba,fc3c177c,15,true,true,,,58.0970346532279,51.67586248205616,6.42117217117174,win,-0.08546322568254716,-0.027357100615442498,1.657977369405283,1.0060814845088961,1.5721507915195536,-0.05471420123088411,1,1
1361,09bd6f1c,923b0559,12,true,true,,,54.65688910060528,50.465133828665536,4.191755271939741,win,-0.15520427162812012,0,1.957070707070704,0.5046375067665867,0.1622657471158364,0,1,1
1362,69c64e13,66a6f86c,9,true,true,,,57.64988969274719,55.44065069985397,2.2092389928932192,win,0.13208706229614053,0,1.898148148148148,-1.1670949485861142,0.36478862904479215,-1.7763568394002505e-15,1,1
1363,89a2c667,6b812794,12,true,true,,,55.645862934414474,50.86733792085223,4.778525013562245,win,0.09704970915230215,0.0023176171049676952,1.3002405050702244,0.3786220973177148,1.2082597651954927,0.0046352342099353905,1,1
1364,2771946f,21de0b89,10,true,true,,,53.57681669756368,50.670342821276165,2.9064738762875137,win,-0.22108378558145692,1.7763568394002505e-15,1.8950617283950537,-0.04624785065109016,0.07938922530518866,0,1,1
1365,b2ed81a7,f0520522,9,true,true,,,56.72933421475372,51.722612537612505,5.006721677141215,win,0.259530617373549,-0.003865115908945782,1.6893111413706698,-0.12366584438581008,1.2362530269482095,-0.007730231817891564,1,1
1366,231f9e23,badb7d54,11,true,true,,,56.869410982084545,51.37240076300695,5.497010219077595,win,0.3783797981043886,0,2.232323232323229,0.3050075672886132,0.13443423192581072,0,1,1
1367,c5d216d8,49421d68,13,true,true,,,52.944113833336885,48.050180808269914,4.893933025066971,win,0.15274129005986747,-8.881784197001252e-16,1.7236467236467243,0.12020346927116954,0.9674309839158486,-3.552713678800501e-15,1,1
1368,dd2f92c4,ff0a7a60,10,true,true,,,59.69022613350997,54.55398982083025,5.1362363126797135,win,0.17864174375437614,0.000029932373438512627,2.018587718340372,-0.4095828231597691,1.3748794356280465,0.00005986474687880161,1,1
1369,fbe7a6f2,a8b29d79,9,true,true,,,56.2198551482099,49.90935224665465,6.310502901555253,win,0.17146441319722516,0,2.1064814814814765,0.8851361361059791,0.5320410087299496,2.6645352591003757e-15,1,1
1370,e4eeb894,f12cde45,9,true,true,,,55.04945295194334,50.74127113012559,4.3081818218177474,win,0.14587270405836494,-0.000056585280503007596,1.6667018848859207,-0.43564639177630315,1.3104737586466966,-0.0001131705610095679,1,1
1371,4d2a7362,56d5a7ca,6,true,true,,,57.22895018101531,57.794987662805696,-0.5660374817903886,reversal,0.24974171329911155,0,1.4999999999999991,-2.3963410271630314,0.15466198377914608,1.7763568394002505e-15,-1,-1
1372,87802cff,4e1b73f9,9,true,true,,,54.38320111835175,49.59355384427845,4.789647274073296,win,-0.06688132130916769,0.39030038168844605,2.2222222222222214,0.40815361474780687,-0.35490122952680814,-3.1086244689504383e-15,1,1
1373,44216a09,3a0b564f,6,true,true,,,58.110691166298764,49.81256369686826,8.298127469430504,win,0.07537983348728816,-0.014702644835002943,2.3414013007202303,1.1436659140474132,1.5906196872461598,-0.029405289670004997,1,1
1374,966dccb0,c61a048e,8,true,true,,,58.6892211734202,50.85948101757946,7.829740155840739,win,-0.30398018919661984,0.0007456512003294335,2.001444020315949,0.8179960309336263,2.6856147461856272,0.001491302400657979,1,1
1375,f61d567f,2f0a5035,12,true,true,,,59.69474518175225,51.90190997582314,7.792835205929116,win,0.00023021129076683522,6.015294573558094e-8,1.7676767735473478,1.049928890226389,2.174929060990606,1.2030588614209137e-7,1,1
1376,407907dd,552aaefc,12,true,true,,,55.54546366578431,50.28658887478961,5.258874790994703,win,-0.11200049377801768,-0.000306861899685984,1.9957505234535011,0.706985439119932,0.5870116717372049,-0.0006137237993737443,1,1
1377,07f31a7e,6d0b8c73,8,true,true,,,58.512132304440726,55.52313867084749,2.988993633593239,win,-0.3243201379861005,0,1.875,-0.4288210985514276,0.8183051616943757,0,1,1
1378,ac15774e,30bf6a21,8,true,true,,,55.33932083137106,51.61325584095417,3.7260649904168943,win,-0.39190436951130847,1.7763568394002505e-15,2.053571428571421,-0.12592837312871286,0.8670379203138534,8.881784197001252e-16,1,1
1379,5e1961f2,030cafc6,14,true,true,,,54.49141059680646,49.393957576699066,5.097453020107395,win,0.2015884052175254,0.1937608772476782,1.9567412722700315,-0.2342499126722899,0.8804846270275402,-0.0002571004898648255,1,1
1380,91c8cc10,0e6fbff3,11,true,true,,,56.97693568125072,51.11051387833105,5.866421802919675,win,0.03244132255326315,-0.000030513884452076923,1.8333020998817844,0.9030180331006168,0.7726636817028592,-0.00006102776890770656,1,1
1381,f75588bd,3bfb9e29,10,true,true,,,61.42901317927995,53.585662254774405,7.843350924505543,win,0.364540835785915,0.001710551706197272,1.6840064977030762,0.43489361514671465,2.4808544627465423,0.0034211034123936557,1,1
1382,5d0c7a1b,a2dd752e,9,true,true,,,60.222007245706436,54.9059415610199,5.316065684686535,win,0.08156086423946651,0,2.3842592592592577,0.8163875146286106,-0.34838224918231475,0,1,1
1383,a4410ccc,74f9e382,12,true,true,,,58.64275725238811,55.30464927141915,3.3381079809689567,win,0.030736917198985747,0,2.1085858585858572,-0.04425323714114526,-0.30377847462631724,0,1,1
1384,6440378b,c402627b,11,true,true,,,54.64188844561634,48.50983271852914,6.132055727087199,win,0.062243283475793554,-0.001285840698982632,2.1368106675584917,0.859331488013475,0.5759152615245169,-0.0025716813979625996,1,1
1385,c6d7ff14,7471867a,9,true,true,,,58.592481826661796,50.802259058672526,7.79022276798927,win,0.11758251770332073,-0.004617270698046738,2.545110062568713,0.8270572685514388,1.2332463561329816,-0.009234541396096141,1,1
1386,903039b6,5f6fce2f,11,true,true,,,57.07924687924816,52.13662456610777,4.94262231314039,win,-0.11183848754796877,-0.01146065967128962,1.1968301621798894,-0.11107839633396477,2.470820638960044,-0.022921319342575686,1,1
1387,ff9863d8,220ef39c,9,true,true,,,57.26806161906026,53.96540297725302,3.3026586418072412,win,0.14385054179828138,-0.2971109046731506,1.6666666666666625,0.16873201856052678,0.24977218994513883,2.6645352591003757e-15,1,1
1388,f797c097,a95f8484,11,true,true,,,53.546027913907714,51.51259946748105,2.0334284464266617,win,-0.01291999582822112,0.2573904582018818,1.7626262626262648,-1.911976585956662,1.2003213561750172,3.552713678800501e-15,1,1
1389,dfc462c8,625207e6,9,true,true,,,57.705746152586514,50.62224677251196,7.0834993800745565,win,0.07136943355218373,1.7763568394002505e-15,2.7546296296296298,1.3177903698687965,-0.12640198937323888,1.7763568394002505e-15,1,1
1390,13f80d75,6d23a539,10,true,true,,,59.78794745979583,54.114612865880254,5.673334593915577,win,0.22460297231471227,-0.008749513629840777,2.1173087371689565,0.8709559516551746,-0.004862056659233893,-0.017499027259680666,1,1
1391,dc9e3d6f,e5a9cf3c,11,true,true,,,56.406113437125434,49.257058812009724,7.14905462511571,win,0.24639484574680548,-2.6645352591003757e-15,1.8181818181818157,1.3591037098673597,0.8280108310155034,-7.993605777301127e-15,1,1
1392,c29de389,7eedb7ea,9,true,true,,,54.273403685883075,47.45761026599241,6.815793419890667,win,0.22737533134565302,1.6063254071850048,1.4342662182044474,0.11931013901194554,0.26202702068835304,-0.00016211132641696935,1,1
1393,78460525,e93094a6,8,true,true,,,57.77690754900305,55.31898277454207,2.4579247744609773,win,-0.21261635963783632,-1.7763568394002505e-15,1.557539682539674,0.43091302276313215,-0.41755667493133863,-3.552713678800501e-15,1,1
1394,512c251c,9a0f24fb,9,true,true,,,56.01375373177027,52.6805238468371,3.333229884933175,win,0.4203747888581084,-1.7763568394002505e-15,1.9907407407407343,-0.3843549169289471,-0.3745795758900874,-4.440892098500626e-15,1,1
1395,a740290a,c46cce07,9,true,true,,,58.400125528020595,52.01787123992944,6.382254288091154,win,0.25280858108333204,-0.006739223231907232,2.338116357195191,0.44916947016889797,0.7066104366538237,-0.013478446463812688,1,1
1396,21ce637a,e9fced0c,9,true,true,,,54.78076393111766,48.679547107014464,6.101216824103197,win,0.6143428015926238,0.6868699865618781,1.9286251460416342,-1.1329247534571785,1.399074963911267,-0.04362166386457211,1,1
1397,94cf140e,79ab0427,10,true,true,,,55.83206003525128,51.73638590139297,4.09567413385831,win,-0.38936235063335234,-1.7763568394002505e-15,2.5617283950617287,-0.5353760468073343,0.9742750498762036,-5.329070518200751e-15,1,1
1398,a476eec6,2c98b824,12,true,true,,,54.71144244842145,51.332476003419515,3.378966445001936,win,0.08693351789584036,0,1.401515151515146,0.5488424928682534,-0.1654043475137854,0,1,1
1399,cc50d2e1,47c506f5,10,true,true,,,55.29068987385113,54.10935552020403,1.1813343536470953,win,-0.013565971324591697,0,1.3333333333333384,-0.5784710381453113,-0.1460782626531607,-8.881784197001252e-16,1,1
1400,091ec2f0,8bb92af9,8,true,true,,,54.423194271504954,53.34358507510581,1.0796091963991472,win,-0.38050090170026785,1.7763568394002505e-15,1.6964285714285738,-0.135516710368627,-0.648633807144174,0,1,1
1401,8cd0bbac,3b16dc76,8,true,true,,,59.447128889801746,55.5546284468688,3.892500442932949,win,0.1783497356834678,0,2.192460317460318,-1.5084450706368635,1.5844016877429263,0,1,1
1402,dd78d9ca,4baa3d8b,8,true,true,,,53.15705581770676,47.53871446996573,5.61834134774103,win,0.42615943714871385,-0.40220550541377786,2.291666666666666,0.4825845668985753,0.448012276166482,0,1,1
1403,a7ab031d,5c64f85d,11,true,true,,,56.70068533047841,52.97255881103419,3.728126519444217,win,0.1282557722555282,-0.002220108344902272,2.1801957562022274,-0.8161179009129667,0.7022152953969076,-0.004440216689807208,1,1
1404,36f15bd7,0a876037,11,true,true,,,59.080955203223446,52.546162120316765,6.534793082906681,win,-0.06366362415567295,-0.00012531395465131823,1.737201625997745,0.10997072372300387,2.553844554986008,-0.0002506279092973074,1,1
1405,6c1b0868,20302e3e,9,true,true,,,56.08297080798355,50.837146455646845,5.2458243523367045,win,-0.45866733302030527,0.4401125286516123,1.8055555555555518,1.0562882830332851,0.31087726510993896,-2.6645352591003757e-15,1,1
1406,ef3fa785,7533bf42,8,true,true,,,55.81951441735094,53.523855406746804,2.2956590106041332,win,-0.20462240974998647,-0.30113907568602283,1.6170634920634823,0.06772627543707088,0.2737477206844803,-8.881784197001252e-16,1,1
1407,8bbf9fd0,484863a2,9,true,true,,,56.47931900558479,49.22189598483686,7.257423020747929,win,0.07706860526221848,0,2.060185185185185,1.749863279852324,0.3803769100616039,-1.7763568394002505e-15,1,1
1408,828152dd,e83343e1,6,true,true,,,61.96954935429285,53.68590453004484,8.283644824248015,win,0.40679215674085434,-0.005314065234683696,1.5004069155435813,-0.05660487121195423,3.620902420945465,-0.010628130469367392,1,1
1409,d71e2f37,26df7b34,10,true,true,,,54.36280906923993,52.08904138455975,2.2737676846801804,win,-0.19792188142863232,0.9213542401193111,1.5802469135802442,-1.4380987005451455,0.343791696619995,-1.7763568394002505e-15,1,1
1410,d9eba6ee,3c744343,10,true,true,,,55.03337379895897,51.99550881656515,3.0378649823938204,win,-0.5043129585479735,-0.0015165132239829404,1.5136324001993833,0.4825830420102353,0.5020645379352988,-0.003033026447962328,1,1
1411,1b61babb,ea0372a7,9,true,true,,,58.87767911459059,55.32409779010539,3.553581324485201,win,0.3222270150455455,-0.0015098151970107665,2.175631960516996,0.2332417683840804,-1.0597244106237271,-0.0030196303940233093,1,1
1412,c8fca68f,5a33c1bc,7,true,true,,,54.01171893649182,51.612776893579415,2.3989420429124024,win,0.19955516137705898,-1.7763568394002505e-15,1.865079365079362,-1.4031992990803772,0.7338412336338633,-3.552713678800501e-15,1,1
1413,0aad77c6,8b502103,6,true,true,,,55.58171722641825,50.06577095417016,5.515946272248087,win,0.1847205262532703,-0.4082018684505808,2.111111111111109,1.1834955093976118,0.14721076154465784,0,1,1
1414,d74f5ec3,f9f1ce88,11,true,true,,,55.5901933664002,50.260050801340824,5.330142565059376,win,0.15251654401156167,-0.007639882021182487,1.860709392259695,-0.03810833768418931,1.3330218955977866,-0.015279764042363198,1,1
1415,c283b6a3,53781e7a,9,true,true,,,52.603185753676804,47.767240390975886,4.835945362700919,win,-0.12898433558013944,-3.552713678800501e-15,1.2962962962962878,0.5271850629493029,1.4545565242442589,-7.993605777301127e-15,1,1
1416,60caf471,7f0e2697,12,true,true,,,57.095580020521275,53.32787022057464,3.767709799946637,win,-0.030702125324050922,0,2.2348484848484844,-0.3980999652609123,0.39477953561156287,-1.7763568394002505e-15,1,1
1417,720d6600,5c44859e,10,true,true,,,56.39414608034535,50.39238447210135,6.001761608244003,win,0.3157096921335045,0,2.0000000000000044,0.6366264431437711,0.51268866536412,-8.881784197001252e-16,1,1
1418,6143a154,e411239d,7,true,true,,,57.08771945578397,52.41070488976231,4.677014566021661,win,0.39149524057876706,-0.5670924612808115,1.7592592592592613,0.6677205952740861,0.5255777923678933,0,1,1
1419,6dfa31b9,551e153f,11,true,true,,,55.28835925780764,50.43400853001175,4.8543507277958895,win,-0.2730098381346857,0,0.9898989898989843,0.945579127944522,1.5939402129420932,-8.881784197001252e-16,1,1
1420,26e9e26f,acdb50df,11,true,true,,,55.13843295122976,49.50856526960769,5.629867681622066,win,-0.0544254400886226,0,1.6666666666666607,1.315584167131421,0.44640739689442555,0,1,1
1421,6d67cca9,75dd519b,11,true,true,,,61.623606985698146,56.94280404406545,4.680802941632699,win,0.09846706586927256,0,1.1565656565656575,1.2707169367551678,0.21600671674424188,0,1,1
1422,ff1c83ef,ba4f60c8,11,true,true,,,56.88668316341216,51.92905072353963,4.957632439872526,win,0.25033145771596965,-0.8315166205501408,1.4886361374255674,0.32037354910070626,2.185653993500498,-0.030251931432185408,1,1
1423,02fcf8c4,810bc075,8,true,true,,,55.28749752211365,51.67997215076143,3.6075253713522173,win,-0.02611470805899163,0,1.7460317460317474,0.38796027106076547,-0.06382412492247269,0,1,1
1424,6f7ee27d,1dc538da,12,true,true,,,56.03841765660994,51.186672585150404,4.851745071459533,win,0.1942814092651668,0,2.32323232323232,0.3059515407801072,-0.16507606879886083,8.881784197001252e-16,1,1
1425,39f84f9d,82711835,9,true,true,,,54.622204068819485,53.72267656705611,0.899527501763373,win,-0.03098099150393696,-0.001887153470345737,1.7362232277924123,0.26761827789816817,-1.9175450785224584,-0.003774306940691474,1,1
1426,10fd5892,4451c522,12,true,true,,,59.61925536669562,49.67624470403032,9.943010662665301,win,0.07118800324162455,0,2.3232323232323306,1.2207390255208788,2.7150444453853977,3.552713678800501e-15,1,1
1427,a191c15c,d01c25e4,10,true,true,,,55.86328120706462,52.02250160642927,3.8407796006353436,win,-0.013720252262428456,0.12034788557660114,2.098130115932401,-0.4474011521743053,0.4770325582515573,0.010189359918364893,1,1
1428,84e18331,1ad6edef,10,true,true,,,55.208360393884405,53.40471810241475,1.8036422914696573,win,0.13767444577692567,0,1.9567901234567895,-0.8233328074410231,-0.45661317966707493,0,1,1
1429,05ff482d,f44d0d4c,11,true,true,,,58.95931719723226,49.78540195860277,9.17391523862949,win,0.2082251990954216,1.6166532392444388,1.3080808080808044,1.0366898166732925,1.0684445566637324,-1.7763568394002505e-15,1,1
1430,f3c39edf,a066d2e9,5,true,true,,,53.27522264881076,46.610323582500975,6.664899066309786,win,0.3916451533938572,-1.7763568394002505e-15,2.1388888888888733,0.7018625986676721,0.6167522772228344,-2.6645352591003757e-15,1,1
1431,9fd01451,3ab8e813,11,true,true,,,53.98701708299578,49.17770055464311,4.809316528352667,win,-0.10652048013492932,1.2712445282204659,2.025252525252525,-0.5643936283647397,-0.117189927388754,0,1,1
1432,4cd44fc3,0247643c,11,true,true,,,55.826734598518975,46.961758202543685,8.86497639597529,win,0.11926792246794804,1.42371747570514,1.9696534542193662,0.5298105690136321,1.0262814552280686,-0.0004974126361156905,1,1
1433,d4b23f11,dec68667,10,true,true,,,59.28517678138688,52.76509869096854,6.5200780904183375,win,-0.07810332800103925,0.3971470934197896,1.5617283950617304,0.9029566461699252,1.2135098065577496,0,1,1
1434,93f61f73,7a4c5a6b,4,true,true,,,53.25973370897966,51.936608447618546,1.3231252613611133,win,-0.2804376207112276,0,0.8333333333333366,-0.6307041639804689,1.1370090744040109,1.7763568394002505e-15,1,1
1435,44d4dad6,cae2f833,14,true,true,,,54.3451266552298,49.7533039867126,4.591822668517196,win,-0.30129975148705745,-0.007179333477695948,1.6635766647255323,0.37502146623789834,1.280692201867991,-0.014358666955391897,1,1
1436,305c4fe6,35f95f7b,8,true,true,,,58.08913716340033,54.198275182725844,3.8908619806744866,win,0.28692416136991206,0,1.3789682539682548,-1.2087486695277816,2.112251048174728,-3.552713678800501e-15,1,1
1437,ed4873d4,60254f15,10,true,true,,,55.44716880130406,53.285294631080205,2.1618741702238538,win,0.03545203527234553,-7.904284711202081e-7,2.2716027581774716,-1.1570251210490765,-0.0202010027592312,-0.0000015808569413522378,1,1
1438,11d69832,b21848aa,9,true,true,,,55.44432343521193,50.46551891219153,4.9788045230204006,win,0.3271863381524467,8.881784197001252e-16,1.7361111111111125,1.1284429875518809,-0.5365757205767849,1.7763568394002505e-15,1,1
1439,3b22ac25,9482799e,10,true,true,,,56.42116132475899,50.760788329017,5.660372995741994,win,0.07498124748018276,0,1.9567901234567904,0.9499954329719937,0.3237632118488163,1.7763568394002505e-15,1,1
1440,e88a9bf6,e48df96a,10,true,true,,,61.50214907752408,50.19059372494232,11.311555352581763,win,-0.28204529866960426,-0.007438352738452281,2.1294897080588626,2.4600251129170685,3.0617060685428825,-0.014876705476904561,1,1
1441,b93add2c,08343119,10,true,true,,,59.4713090885173,54.233275731191085,5.238033357326216,win,0.10609470075347205,-0.0013162505219135312,1.9576400046055769,-0.638027402245509,1.9429968483040687,-0.002632501043825286,1,1
1442,07fa2998,ccde2665,10,true,true,,,55.06978118221673,51.22322187021623,3.846559312000501,win,-0.23807835023913615,0,1.7469135802469147,-0.3369195458449079,1.3736480597091902,0,1,1
1443,efd9c4e3,7c218920,12,true,true,,,55.13484564586403,54.22170500246032,0.9131406434037146,win,0.011674686349380625,0,1.7676767676767726,-0.7839940198111846,-0.7115121601678931,0,1,1
1444,0657be9c,82b000f8,5,true,true,,,56.11934250171471,53.742402381771726,2.3769401199429865,win,-0.14398510435740386,0,2.000000000000001,-0.21975332929474156,-0.3692947411619958,0,1,1
1445,125217cf,99b2e4eb,6,true,true,,,56.02084677885334,47.42362267516481,8.597224103688532,win,-0.11027047296772574,0.6724079757653199,2.33271654500653,0.9710861670837465,1.2987392981142998,0.0002726694492523052,1,1
1446,1eaf7009,2957a322,10,true,true,,,53.73088446443273,49.656002272593376,4.07488219183935,win,0.5879348120424164,1.7763568394002505e-15,1.6666666666666634,0.37280648039863884,-0.6119600322450349,7.105427357601002e-15,1,1
1447,9ff89fd4,c57e67ec,7,true,true,,,56.93496055695415,52.93673974516742,3.99822081178673,win,0.5171238663645343,5.329070518200751e-15,1.6666666666666607,-0.1967589239504388,0.1605189309483137,7.105427357601002e-15,1,1
1448,4941946d,898afb45,9,true,true,,,56.09160039134571,51.54108054781092,4.5505198435347864,win,0.1861474186102039,-0.01578913004370719,1.2814607461358927,-0.23030788610172692,1.729282104544497,-0.031578260087416155,1,1
1449,c2e6fe3e,aa7aa609,12,true,true,,,55.39791569308224,51.23051442073974,4.167401272342502,win,0.5665503841261694,-0.019770274063962034,1.9645966772143728,-0.16695258387046152,-0.170160370209274,-0.03954054812792407,1,1
1450,bac7b5de,cb501ad3,11,true,true,,,57.90870176944806,53.23060959107913,4.678092178368928,win,0.19938448457592317,0.0000015251942215854797,1.020191839110435,0.15349012865197675,1.6241386376052631,0.0000030503884476118515,1,1
1451,4cdef309,a91d5171,11,true,true,,,53.965195721513226,49.259907034722865,4.705288686790361,win,-0.022196020243341774,-0.27635698573967016,1.9292929292929184,0.5708611608035579,0.6945283373794995,0,1,1
1452,cf47df0c,436f8e23,11,true,true,,,56.917000440775,49.75945469570696,7.157545745068042,win,-0.005953206480244111,1.4470810691971412,1.313391018995758,0.3810507867951687,0.9728823781631508,0.009434438427923908,1,1
1453,e2471ad4,95553827,7,true,true,,,53.814805733241194,50.305447176756445,3.5093585564847487,win,0.05953010009812543,0.8141039333926248,1.5740740740740726,-1.2087600084720744,0.7238307622690803,8.881784197001252e-16,1,1
1454,18119bb0,99d42d9f,13,true,true,,,52.895244119520484,51.184467988978675,1.7107761305418094,win,0.11294658881547015,-8.881784197001252e-16,1.5847578347578333,-1.2496879626705493,0.5439372902083219,-1.7763568394002505e-15,1,1
1455,91705b04,2c976426,13,true,true,,,56.49703794839775,51.97184973479291,4.525188213604835,win,0.3536609773147277,0,1.5384615384615392,0.7188383705180463,-0.14537381641719538,1.7763568394002505e-15,1,1
1456,f9a23cbe,2200ee5d,14,true,true,,,61.24601817694576,55.9628547552893,5.283163421656461,win,0.3020525597737804,-0.018395603968606622,1.6778617575525647,-1.6261958850406044,3.309734291422534,-0.03679120793721058,1,1
1457,0d3494ae,bd1e6c9e,9,true,true,,,56.29514728616543,50.17047661613722,6.124670670028209,win,-0.04343531352430752,0.10825135744591385,1.9212962962963083,0.6924033633301301,1.0762855563350517,7.105427357601002e-15,1,1
1458,3e61c111,4f8ce4bd,12,true,true,,,53.275085768905306,51.27189323346683,2.0031925354384796,win,0.021744260085600597,-1.7763568394002505e-15,1.717171717171727,-0.7612860777865293,0.1281992757737216,-4.440892098500626e-15,1,1
1459,2cbefc93,c0b17f4e,7,true,true,,,56.582360464494236,52.61988910321599,3.962471361278247,win,0.1795981464310028,0.21479426835749305,0.9523809523809534,0.1986529003220907,0.8321744791268904,-8.881784197001252e-16,1,1
1460,3f2ff851,3438c2a6,9,true,true,,,54.95705818604396,49.71908096228325,5.2379772237607085,win,-0.0723894650046133,0.7789040231063513,1.689814814814813,0.16265197799065767,0.4243745992606254,4.440892098500626e-15,1,1
1461,7d7731f6,c2cd61b2,7,true,true,,,60.07111477097535,55.25649709882559,4.814617672149758,win,-0.04328926679753575,-0.002091569522146841,1.8450791391579662,-1.2813599020955824,2.8309810994168427,-0.004183139044296347,1,1
1462,389a4f47,277f14cf,11,true,true,,,53.10971166856862,49.857159839182074,3.2525518293865474,win,-0.2651709810640197,1.7763568394002505e-15,2.136363636363636,-0.7205724061865055,0.9335961663948993,8.881784197001252e-16,1,1
1463,76ee492a,bb75c59d,10,true,true,,,61.63947101193314,53.070754617278325,8.568716394654814,win,0.5095347016037026,0,2.2283950617283956,-0.032190725172373647,2.646357784145885,0,1,1
1464,c84d29fb,ff861aa3,11,true,true,,,55.20373836307698,53.760508982769856,1.4432293803071232,win,0.16445790559677942,-8.881784197001252e-16,1.929292929292929,-1.5008949224325363,0.11205360655248775,-4.440892098500626e-15,1,1
1465,25fa02fc,8380d4a8,7,true,true,,,55.51676041023741,51.18555862703583,4.331201783201578,win,-0.14234232128143232,1.7763568394002505e-15,1.944444444444453,-0.6022006995912443,1.645796821433354,0,1,1
1466,3d3fd36d,c78fce9e,9,true,true,,,55.604783253084065,51.852624012736456,3.752159240347609,win,0.4103976297774059,2.6645352591003757e-15,1.0416666666666679,-0.659130918536027,1.565148139912842,2.6645352591003757e-15,1,1
1467,7331e083,bd9d3890,11,true,true,,,56.95939850690568,53.06789675218962,3.89150175471606,win,-0.33415761589683957,1.7763568394002505e-15,1.6414141414141437,-0.5295496148540213,1.9489405058804463,3.552713678800501e-15,1,1
1468,c9653979,4a27b0c5,10,true,true,,,62.507478583851565,53.35066626516987,9.156812318681695,win,0.5192956031713305,-1.7763568394002505e-15,1.6666666666666652,0.6535600325253403,2.962944304180155,1.7763568394002505e-15,1,1
1469,d1f46244,46782906,11,true,true,,,55.96551354175333,49.93434129795273,6.031172243800604,win,0.007547477283167403,0,2.095959595959597,0.7132448290461877,0.8246312231246478,2.6645352591003757e-15,1,1
1470,63f3eb23,63741c7f,10,true,true,,,57.12151831432864,50.882363774054284,6.239154540274356,win,0.48901233618537443,1.7763568394002505e-15,1.765432098765432,0.34331487387952375,1.0812922875268356,5.329070518200751e-15,1,1
1471,12a0c82b,7899bf94,9,true,true,,,60.39719267313949,51.018039628870596,9.379153044268897,win,-0.26262370159033166,0.002055512839422846,1.9155234806128822,1.740205785467757,2.736615874682089,0.004111025678850133,1,1
1472,8440992f,bfee13aa,9,true,true,,,58.27280227006975,54.42718614795127,3.8456161221184786,win,0.15617868096101106,0.0013819340317198225,1.1879752399813697,0.4444609735066951,0.48022528436682155,0.0027638680634360924,1,1
1473,0f35cbc7,d3d1d891,10,true,true,,,58.93987844271875,52.04680790076382,6.893070541954934,win,0.10094264263329578,0.0002752070655969163,2.2882854363599003,0.6567135258562136,1.128800391747113,0.0005504141311973854,1,1
1474,d0efbf03,d79cae26,11,true,true,,,57.97100062556511,53.67745001441712,4.293550611147992,win,-0.14136223286815186,3.552713678800501e-15,1.8737373737373755,0.5465676623792746,0.2742406035173133,5.329070518200751e-15,1,1
1475,30427fc8,76d69173,7,true,true,,,59.35213506227974,53.862239434655365,5.489895627624378,win,-0.15860015259363758,0.28311407247167786,1.3359300727647367,0.6837492337751518,1.3674928350745104,-0.06178036619503491,1,1
1476,f324ca11,1e7070f7,13,true,true,,,54.401364426870735,50.36685372186157,4.034510705009168,win,-0.18713525446339974,-2.6645352591003757e-15,1.9693732193732112,-0.34123275194096436,1.1384851002911391,-4.440892098500626e-15,1,1
1477,c3edaf2a,a4f757eb,9,true,true,,,56.34730606068821,52.31128069434233,4.036025366345882,win,-0.20497772079543397,-3.552713678800501e-15,1.8518518518518476,0.1889072435403989,0.6633787025238576,-4.440892098500626e-15,1,1
1478,0c87067b,c16eca81,11,true,true,,,53.59060515812978,48.347293585767176,5.243311572362607,win,-0.15142507756436263,1.7763568394002505e-15,1.7777777777777706,1.1083428562003865,0.42905986792504347,2.6645352591003757e-15,1,1
1479,e231059c,a3e13091,7,true,true,,,54.55809186117477,53.04720386396358,1.5108879972111922,win,-0.43386347054342456,0.003166161742678142,1.067166147234432,-0.15630040262624778,0.6192606038896318,0.006332323485357172,1,1
1480,e840f658,6273b072,9,true,true,,,56.19182919717236,54.061519218582404,2.130309978589956,win,-0.1278296928231626,-2.6645352591003757e-15,1.226851851851853,-0.20686573328128954,0.43356166944689,-4.440892098500626e-15,1,1
1481,11a18c1a,4cc57d68,9,true,true,,,57.504345184090596,52.55405556377263,4.950289620317967,win,-0.2610144202885989,0,1.8750000000000098,0.7236620736373194,0.743163657006142,1.7763568394002505e-15,1,1
1482,87671857,f0f45245,8,true,true,,,56.72213019430352,48.2190813342983,8.503048860005215,win,0.5221062065991304,0.21843626322208998,2.162698412698407,0.6210389876777089,1.5195586209772114,3.552713678800501e-15,1,1
1483,1f385468,474f0cb3,9,true,true,,,54.26599522732609,51.464227091384906,2.801768135941181,win,0.23756269953833442,0,0.5555555555555625,0.12220286734125807,0.8118939444746687,0,1,1
1484,ecab1152,3b43dea2,8,true,true,,,56.361383462132586,53.976558244531205,2.3848252176013816,win,0.2898738254332258,0,1.5376984126984103,0.002119283118926951,-0.7474177833508726,-8.881784197001252e-16,1,1
1485,94a06c39,50de4223,9,true,true,,,54.03695381719582,51.71301635198561,2.3239374652102143,win,-0.05690501776165169,2.6645352591003757e-15,1.2962962962962976,-0.4531077890738606,0.6757844697910054,2.6645352591003757e-15,1,1
1486,7e83cbd0,4a662ce1,11,true,true,,,55.66564969130021,51.19365554183747,4.471994149462738,win,-0.24332326850512298,0,1.722222222222225,-0.10735846997721143,1.5974361841141418,-8.881784197001252e-16,1,1
1487,84f3b9bd,8a04d298,9,true,true,,,56.116874453458834,49.361346265637664,6.75552818782117,win,-0.34905125832655814,-0.0004886175315936825,1.3870410599265286,1.08898987523229,2.4392386667291897,-0.0009772350631909177,1,1
1488,7a7fd1fe,fc968273,11,true,true,,,54.980118084787655,48.86270731000758,6.117410774780076,win,0.4498391706452971,0.19393613293130318,2.0656565656565657,0.307244047423036,0.40915811712505157,8.881784197001252e-16,1,1
1489,48759a32,71100538,8,true,true,,,55.570347844778766,48.031900952529334,7.538446892249432,win,0.1111604610364556,0.9508093942426843,2.7573094009265677,-0.35274411778083703,0.8219392136583599,-0.020090610985051605,1,1
1490,feb636de,75b73e38,11,true,true,,,55.42419410305296,49.87140721287928,5.552786890173685,win,-0.11645301703839683,0,2.383838383838385,0.006779648508557834,1.1717527902740406,2.6645352591003757e-15,1,1
1491,77319f2b,be52fb63,9,true,true,,,59.87295188603235,53.950775929046195,5.922175956986152,win,0.056051314692112,-1.7763568394002505e-15,1.550925925925923,0.5257146846722041,1.6231685195112728,-8.881784197001252e-16,1,1
1492,470308c4,b123d3bf,7,true,true,,,62.346058945662506,54.56027315404442,7.785785791618089,win,0.19198599664436555,-0.0005126460255109322,2.089350269988829,-0.07502202501095212,2.828877791994736,-0.0010252920510236407,1,1
1493,b82c9839,3124e789,11,true,true,,,55.096196009453294,50.97905354177179,4.117142467681504,win,-0.01077922117133312,0.00015156869446109056,1.8030030768866796,0.9466675575618542,-0.48197103617125236,0.0003031373889221811,1,1
1494,c1cebc3a,f3f6f1e7,12,true,true,,,55.72661372582927,54.689168198975544,1.0374455268537233,win,0.010952933820046695,0,1.6792929292929335,-0.23386886134158225,-1.1868919069400592,-2.6645352591003757e-15,1,1
1495,3b8af77d,8263431c,8,true,true,,,55.53646639070455,48.64365731992567,6.892809070778874,win,0.11282059804304634,1.0973192667486922,1.3293650793650817,1.6958735449786744,-0.5567351308207469,0,1,1
1496,52cad77b,774a0ac1,11,true,true,,,56.37068483407241,52.04491040680576,4.325774427266644,win,-0.2838742496190938,-0.006061035363821077,1.1272839118162192,0.715534938166992,1.3381737874429085,-0.01212207072764393,1,1
1497,8a8b3e2e,ce0b9426,9,true,true,,,56.9993563294132,54.36045898904659,2.6388973403666114,win,0.14133656368810144,-1.7763568394002505e-15,1.48148148148148,-0.5121529434180117,0.4084946030920067,-8.881784197001252e-16,1,1
1498,4967f465,cbe1b128,6,true,true,,,55.99426257284882,49.59609777480007,6.398164798048747,win,-0.2614899570830804,0.532705212210991,1.6665236293848569,1.5032248470540264,0.3389233566916525,-0.006138061329489908,1,1
1499,09878626,a63cc13a,10,true,true,,,52.54347927038069,49.97302632421511,2.570452946165581,win,0.05497086986465094,-2.6645352591003757e-15,1.5000000000000044,0.29733263484734174,-0.5354442003760775,-5.773159728050814e-15,1,1
1500,434b91b5,e101477a,4,true,true,,,59.87895551504188,54.367219043139116,5.511736471902765,win,-0.5472598187761695,0.618134282351603,1.6203703703703747,0.9656956539861845,0.751087233716726,0,1,1
1501,cf8415c4,06bcf5ba,9,true,true,,,55.7709383966596,49.02246952327809,6.748468873381512,win,0.42904422197517356,-0.0034965362397603172,1.9927331981297671,0.550090498058462,1.012176840384016,-0.006993072479518858,1,1
1502,eb4e10fe,43dcbaa2,10,true,true,,,54.91371907935552,52.72990129370378,2.1838177856517405,win,-0.14088553080163457,0,2.228395061728383,-1.7896881680141847,1.138589351621417,0,1,1
1503,26ef9de4,0fe27cf3,10,true,true,,,57.356113168316824,54.512613521834716,2.8434996464821083,win,-0.3360721616457112,0,1.7716049382716026,0.34183313442139873,-0.09668633145112704,0,1,1
1504,fef37209,5c58c945,7,true,true,,,53.62025920616382,53.376491294511894,0.24376791165192913,win,-0.4705414075930192,-0.013578768853360401,1.3386100958808207,-1.0728947413054337,0.5641028850780927,-0.02715753770672169,1,1
1505,121ef7c0,560c927c,11,true,true,,,54.70358520313199,50.123953936519285,4.579631266612708,win,-0.14158479949982983,8.881784197001252e-16,1.8181818181818192,-0.5338862275121947,1.9138134759404064,0,1,1
1506,8fd2be68,a2d9a81d,10,true,true,,,56.05367271320759,51.55151060212924,4.5021621110783485,win,0.3039511219927866,0.15625363878154808,1.39506172839506,-0.032694427228342704,0.8164416513238084,-1.7763568394002505e-15,1,1
1507,5ade10e0,082ace8e,10,true,true,,,55.44495755434059,53.4227072337831,2.0222503205574895,win,-0.1873313416374338,0,1.4999999999999973,-1.0081386070980916,1.0890799020197912,0,1,1
1508,0a601ef4,c7920e00,12,true,true,,,55.98261792367769,51.79238188478418,4.190236038893509,win,-0.018387559974187617,1.3733875113633394,1.3498941316118067,-0.03013331315225365,-0.5995630077489658,-0.06584999672579972,1,1
1509,d74f9a87,48bcc882,12,true,true,,,55.01478691940495,48.669825153595745,6.344961765809202,win,0.08743990304785654,0,1.4393939393939386,1.4763152187302193,0.8484022100057773,0,1,1
1510,4068988a,e74daa5a,10,true,true,,,53.31798603664141,48.079211370212064,5.238774666429343,win,0.08889954140207723,-0.00033893029247522577,1.9569981774960912,-0.20615809100477467,1.4302985987904835,-0.0006778605849531161,1,1
1511,8ccedcc9,d5b75457,11,true,true,,,56.94242888779053,53.286466245017465,3.655962642773062,win,0.358513480246486,-0.0034304168305663296,1.3239865280217877,0.01085385138445627,0.3758580805677356,-0.006860833661134436,1,1
1512,fc354430,117eb0fe,10,true,true,,,59.26813441608614,49.85018466456283,9.41794975152331,win,-0.08543784083731332,0,2.01851851851852,0.9118381607527706,3.3747029894056713,0,1,1
1513,1b5f17e2,364c2e9e,9,true,true,,,53.50720740389556,47.76589975622074,5.741307647674823,win,-0.07662409169587137,0.4659996686497081,2.083710566790704,0.3194891164317335,0.5567071929985588,0.0004516106873424519,1,1
1514,e01394ed,c22a9116,13,true,true,,,53.53096900961063,48.30157585960628,5.2293931500043485,win,0.1726751111463387,3.552713678800501e-15,2.307692307692304,-0.19175302177154485,0.7970212108840382,4.440892098500626e-15,1,1
1515,21c2a1ed,4289a187,7,true,true,,,55.42894130047617,54.16372941880546,1.2652118816707087,win,-0.19194649757984017,-4.440892098500626e-15,1.5740740740740868,-0.6593770589503567,-0.0057243678580656265,-6.217248937900877e-15,1,1
1516,6a23f222,02cae27b,7,true,true,,,56.48013940312197,55.623289436537895,0.8568499665840719,win,-0.18006853967184444,8.881784197001252e-16,1.521164021164025,-0.9678975605228413,0.12440496349264318,0,1,1
1517,abe6da8b,0d8f81af,10,true,true,,,53.79961570279565,50.5852343752339,3.214381327561746,win,0.1944124388151427,-0.0192154503398001,2.0278645860860722,-0.717019670889588,0.3368667558293543,-0.03843090067959931,1,1
1518,89e1e6a0,0ccd831a,10,true,true,,,60.76848753024646,52.3553891561678,8.413098374078658,win,0.06659855677966942,0,1.9753086419753068,0.33840210498787915,3.142078698724287,0,1,1
1519,bcc5565d,d2b534a1,9,true,true,,,56.8771701928591,54.50394807353503,2.373222119324069,win,-0.39477187784555756,0.28317669575382,1.2268518518518512,-0.2816921802866803,0.7294174318274758,-3.552713678800501e-15,1,1
1520,b445c510,26c9ed87,10,true,true,,,59.98483322125347,55.41510976284891,4.56972345840456,win,-0.13620383785407641,1.7763568394002505e-15,1.2283950617283939,1.3039321036089584,0.3865237784111617,1.7763568394002505e-15,1,1
1521,2577668f,a8c6a11e,15,true,true,,,54.37646388259995,50.833400797975045,3.5430630846249045,win,0.3865645355741403,-0.00180055383218658,1.4918116023385428,-0.01595293588910529,0.049283782418323874,-0.0036011076643758244,1,1
1522,7ba1bb38,d158b9d6,11,true,true,,,59.07233250138668,54.174139012957,4.898193488429683,win,0.14344971126844408,-5.329070518200751e-15,1.3636363636363642,0.4542007353331332,1.048629526859978,-7.105427357601002e-15,1,1
1523,7548db5c,f03f5f3f,11,true,true,,,56.518765890811096,51.71522143774528,4.803544453065818,win,0.024568078638300017,0,1.5151515151515191,0.9600438107919107,0.34145475837695116,8.881784197001252e-16,1,1
1524,fe4cb8d2,90f91da5,6,true,true,,,57.121709528048356,51.50842381952104,5.6132857085273145,win,-0.413852361878444,0.6093496527483433,1.9444444444444464,-0.20065211569222363,1.6439162907597193,1.7763568394002505e-15,1,1
1525,ade0897b,1db12b98,9,true,true,,,57.4714331443442,50.734418681574994,6.73701446276921,win,0.3820622909891096,0,2.222222222222223,-0.15960913719651248,1.6525388206277265,8.881784197001252e-16,1,1
1526,9dc7d6bd,845f664a,8,true,true,,,58.79029522984194,53.70267443326617,5.08762079657577,win,-0.20959288679212618,1.7763568394002505e-15,1.8750000000000036,0.9747192625211394,0.4466379972672767,2.6645352591003757e-15,1,1
1527,7d8a26e7,ee9e6cd7,12,true,true,,,54.977012039947525,51.15731146115992,3.8197005787876037,win,0.15017504954616157,-0.000017781987549980727,1.8560626332633428,0.49215548616117477,-0.47540750457618053,-0.0000355639750981851,1,1
1528,5e5168f7,8f8d274d,9,true,true,,,55.455481835936176,53.79084009568706,1.6646417402491167,win,0.09763417185093592,-8.881784197001252e-16,1.1574074074074021,-0.7132242413713703,0.4340781106062934,-2.6645352591003757e-15,1,1
1529,2cd88ff8,9e95592d,7,true,true,,,56.73020951747144,52.53569688500938,4.194512632462057,win,-0.06361078724744029,0,0.9523809523809552,1.230222261282237,0.4442833566482127,-8.881784197001252e-16,1,1
1530,49632db8,801cf2a8,9,true,true,,,56.29750568604595,51.992797018309034,4.304708667736918,win,-0.05120289922440158,-1.7763568394002505e-15,1.921296296296295,-0.4327293039315876,1.2930529010294478,-4.440892098500626e-15,1,1
1531,b86aed9b,1218527d,10,true,true,,,55.789143545173005,54.158183338644584,1.630960206528421,win,-0.05395479867757169,0,1.7469135802469076,-0.43379261740157204,-0.4738325158849781,-3.552713678800501e-15,1,1
1532,3a50cfad,e51247db,7,true,true,,,58.51711900884219,54.577579458452504,3.939539550389682,win,0.13788087297058604,0,0.9523809523809526,1.5065822554589534,-0.42821588132367694,8.881784197001252e-16,1,1
1533,af3abba2,f2a77136,9,true,true,,,58.97049447738513,53.393982814703804,5.576511662681327,win,-0.20964028710487348,0,1.8518518518518512,0.6324798592179501,1.272048599027542,-8.881784197001252e-16,1,1
1534,06368849,68f5227f,6,true,true,,,58.84146256280751,51.201121299107015,7.640341263700492,win,0.20144286687792112,8.881784197001252e-16,1.5555555555555438,2.141051364275252,0.6441295568940353,3.552713678800501e-15,1,1
1535,12879878,eb6c8ecd,9,true,true,,,54.50058145316375,49.24137409316604,5.25920735999771,win,0.21725978786971645,-0.3508870388422958,1.9907407407407414,1.4882795384652336,-0.40603397892367,0,1,1
1536,0930d907,20bdbe00,7,true,true,,,53.811550724163695,48.66932591535689,5.142224808806802,win,-0.23716194554532244,0.6988376368044982,0.71428571428571,0.5087822449482315,1.615323302074334,-3.552713678800501e-15,1,1
1537,152f2cc8,18dbfca9,9,true,true,,,53.13388670704769,50.935797194367176,2.198089512680511,win,0.2959338014875432,1.7763568394002505e-15,1.5972222222222223,-1.219098144942623,0.5495871835797832,2.6645352591003757e-15,1,1
1538,baefa638,ee4fec42,9,true,true,,,54.764388686426756,52.46170190178873,2.302686784638027,win,-0.019474560250417827,0,1.9212962962962985,-0.6414455643787145,-0.00044875069244820764,0,1,1
1539,a715854c,8330ea99,10,true,true,,,54.32392409872573,49.72020565145822,4.603718447267511,win,0.20847882118464245,0,1.3950643540524652,0.8480367537385778,0.18519238589972176,0,1,1
1540,4410c4e4,e3ea396f,12,true,true,,,56.11411981079317,53.16399718767264,2.950122623120528,win,-0.2744746309248818,-8.881784197001252e-16,1.7045454545454515,-0.4984173257534241,1.0203440700130448,-2.6645352591003757e-15,1,1
1541,f04fd9e5,df873d3f,9,true,true,,,56.75170064443485,52.54478580110224,4.206914843332605,win,-0.2604330108665671,0.24445504211743252,1.3657407407407511,1.1260517114920798,-0.005993706251851805,-7.105427357601002e-15,1,1
1542,c12cd76e,022ebb20,7,true,true,,,58.555039804429576,49.138274659278025,9.416765145151551,win,-0.12751175322159192,1.4616914831313128,1.0449735449735469,0.9418623167887192,2.5119302669187173,-4.440892098500626e-15,1,1
1543,d16a34bd,3def79eb,11,true,true,,,56.61500626678354,53.30439402030705,3.310612246476488,win,-0.09960775799630417,3.552713678800501e-15,2.2878787878787854,-1.1599813239264885,1.0484437192542577,6.217248937900877e-15,1,1
1544,35928d69,53974b82,10,true,true,,,53.49588817385508,51.98275279367836,1.5131353801767204,win,-0.061207483918719774,-8.881784197001252e-16,1.7716049382716044,-1.1651276855990504,0.3311336976337351,-8.881784197001252e-16,1,1
1545,995e0385,30029fac,11,true,true,,,55.82919043017764,50.21532485530986,5.613865574867781,win,-0.2984188592966772,-0.3901656471161221,1.8737373737373755,1.3361183344744383,1.1245480009099396,-3.552713678800501e-15,1,1
1546,70df9c7d,0ffa2564,8,true,true,,,59.42920784172142,56.36312567301231,3.0660821687091087,win,-0.08538215209833666,0.0003240795121230988,1.0715744859078162,-0.29644341542325314,1.3826812628946743,0.0006481590242470858,1,1
1547,22a9cd4c,8f143012,10,true,true,,,56.48245202277961,51.37464067776658,5.107811345013033,win,0.4328802436205561,0,2.2469135802469085,-0.6073077907656996,0.8726414008534249,0,1,1
1548,bd8b502a,df986a34,10,true,true,,,58.64915209976088,53.95446955739231,4.694682542368575,win,0.12024830086612237,-0.0000923769420495546,1.771639635874359,-1.3615130668567739,2.6605803552308727,-0.00018475388410266191,1,1
1549,fa954c93,3f224bcc,7,true,true,,,59.44081082928939,53.74328305716948,5.697527772119912,win,0.00931626094173943,-5.329070518200751e-15,1.5211640211640178,1.0746214839183184,0.8861231777371348,-1.4210854715202004e-14,1,1
1550,3803b5d5,46cf27d3,8,true,true,,,55.10619775976395,49.35241420025296,5.7537835595109925,win,0.45978196305614416,0.003943821191558783,1.932360153389583,-0.3989314846542893,1.4593870855967448,0.007887642383118454,1,1
1551,216ba003,88f20734,14,true,true,,,52.84282865323992,48.8473760102474,3.995452642992518,win,-0.1530546836567841,-1.7763568394002505e-15,1.9902319902319885,0.03205537603292097,0.557968747988558,0,1,1
1552,ed0facc4,6340e03c,12,true,true,,,59.80948739742688,54.03956177006318,5.769925627363698,win,0.165866583919684,1.7763568394002505e-15,1.9696969696969706,1.3875736542518737,-0.3097297800875065,3.552713678800501e-15,1,1
1553,262059ae,4991fe6e,11,true,true,,,56.354054725055356,51.32877740828617,5.025277316769184,win,-0.16363786848870943,-0.0015337101260790575,2.1214268179787563,-0.22966486688546528,1.5048008917381264,-0.003067420252157227,1,1
1554,0ecfe9d9,9a0a7cef,8,true,true,,,56.53177434567709,51.895442276128406,4.636332069548686,win,-0.006004032360625189,0.00032067260126389385,1.1981454157958353,0.8146594267801808,0.8704422504224203,0.0006413452025295641,1,1
1555,e6e8823f,b3b70585,9,true,true,,,51.898759903833664,46.18594805532662,5.7128118485070445,win,0.19203215947893248,2.6645352591003757e-15,1.7824074074074066,0.9621076578394492,0.38537750507286983,4.884981308350689e-15,1,1
1556,4d207931,ef32319e,11,true,true,,,55.7424042232628,51.24528041512597,4.497123808136834,win,-0.15572629248879144,-0.004936406582238817,1.9959961289308161,-0.4964743836511385,1.6064607043201686,-0.009872813164474081,1,1
1557,06427d9c,7b1794e6,12,true,true,,,60.02766700363124,51.50226819872121,8.525398804910026,win,0.18631961736771774,-0.0032273870178087805,2.061082041424444,-0.0959774062052432,3.465060938313715,-0.006454774035619337,1,1
1558,2db98137,ebbc7e08,5,true,true,,,53.28744074001132,52.70962188373987,0.577818856271449,win,0.032189826641341845,-1.008562804815396,1.194444444444441,-1.233956259536944,1.8424113701863654,-2.6645352591003757e-15,1,1
1559,f568dee1,96f2d4a0,8,true,true,,,52.015904377877234,49.72399543227915,2.291908945598081,win,0.0056280172855436295,-0.0004611771834932554,1.4583636961620572,-1.0076124096918866,1.025965795838585,-0.0009223543669891754,1,1
1560,a0d9489f,43fb371c,9,true,true,,,53.467971174412085,49.96520778757073,3.5027633868413517,win,0.04140756138725665,0,1.3194444444444446,0.01965408896666343,0.7742330673513287,-2.6645352591003757e-15,1,1
1561,44ad37c5,575d2186,8,true,true,,,53.62387740485836,51.09255754519667,2.531319859661693,win,0.21283652229156358,-0.017360830716856235,1.398048034859264,-0.44848491648394795,0.2923869488701447,-0.03472166143371247,1,1
1562,1ccd2183,7ee227e5,6,true,true,,,60.66354840476962,50.16979461930872,10.493753785460903,win,0.015704841902265843,-1.7763568394002505e-15,2.2222222222222223,1.6237470548899386,2.851493821016529,-3.552713678800501e-15,1,1
1563,eb6b39b6,7d6a53f5,11,true,true,,,58.320494343758035,52.517743267242416,5.802751076515619,win,0.12484019466346385,0,1.9696969696969733,0.663937168209169,0.6878122297568403,0,1,1
1564,7ddc62f0,8f5b3b79,10,true,true,,,55.91660749748422,55.68140071751542,0.23520677996879868,win,0.3671813333895231,0,1.3333333333333268,-0.6198100271808435,-1.438579047807659,2.6645352591003757e-15,1,1
1565,da88944c,0fd4ec89,13,true,true,,,56.11586058179519,52.32738061370219,3.788479968093,win,0.15201136544993865,0,1.5847578347578368,-0.11422394374906553,0.6177771836623966,2.6645352591003757e-15,1,1
1566,8a9a5001,5bdb2971,11,true,true,,,56.56816627051589,53.11930547966048,3.448860790855406,win,-0.20588174006374071,3.552713678800501e-15,1.681818181818179,-0.12980119154542002,0.8496090735886677,1.7763568394002505e-15,1,1
1567,996eaaee,4978f453,15,true,true,,,53.158519389640844,50.994460722130654,2.16405866751019,win,0.002694292324047609,9.12173014455675e-7,1.706349734580309,-0.46763704613453694,-0.07203589486538764,0.0000018243460297995284,1,1
1568,08373229,6d97d9cf,11,true,true,,,54.51116733995393,52.58994620565869,1.9212211342952372,win,-0.08844927250885415,5.329070518200751e-15,1.7626262626263136,-1.1116216289103882,0.6276899908724083,7.993605777301127e-15,1,1
1569,337edbcf,a74dfe06,6,true,true,,,55.87080224217699,55.90256461561737,-0.03176237344037958,reversal,-0.127833791845835,0,1.3888888888888893,-2.4842308921870515,1.4426713030447362,0,-1,-1
1570,9684a8af,62446dce,9,true,true,,,56.08923737331913,53.511677492321034,2.577559880998095,win,-0.035369402275200024,3.552713678800501e-15,1.736111111111109,-0.1129118540618439,-0.18155608269694667,5.329070518200751e-15,1,1
1571,10910b2b,0ee5dc2e,11,true,true,,,52.35055739442599,51.69952643034793,0.6510309640780605,win,0.0767447157765222,2.6645352591003757e-15,1.2676767676767708,-1.078941528774993,0.01880658416404568,1.7763568394002505e-15,1,1
1572,918de2fd,a04c5735,11,true,true,,,61.76477816012841,53.99602742868197,7.768750731446438,win,-0.09839446145090225,-1.7763568394002505e-15,1.4595959595959576,1.1236275168079102,2.6398914755318392,-3.552713678800501e-15,1,1
1573,1db4b9f2,1cb7058c,9,true,true,,,51.56145640105553,50.4371983837964,1.1242580172591303,win,0.013062865613771457,-0.7356222554610401,1.5972222222222223,-0.6429063464173552,0.5988587568383501,-2.6645352591003757e-15,1,1
1574,11bb2aef,ef6b4964,11,true,true,,,55.82497943301596,51.37557906909749,4.449400363918471,win,0.03694709406842733,0.0005075950197497292,1.4588220308354396,0.08291197345334833,1.2252129898349615,0.0010151900394994584,1,1
1575,1c8ebc4a,9d073b3a,10,true,true,,,62.05417904994462,54.737681908245825,7.316497141698797,win,0.1359228095807139,-0.018610646693181465,1.615665275904572,0.3615592386220552,2.7104973642354633,-0.03722129338636648,1,1
1576,f72fdd67,0a33d0f1,10,true,true,,,56.44747575736807,52.29249831102092,4.1549774463471465,win,0.07226063434275609,-0.0018347618852496694,0.9816529813899564,0.17254956314772585,1.4767453840569065,-0.0036695237705011152,1,1
1577,4d6bb35d,3023136d,8,true,true,,,56.29187590245731,50.461806971415875,5.830068931041438,win,0.04281490686800682,-0.049948019109151254,1.7093421009623393,0.4175430102718307,1.6499860133722795,-0.09989603821830073,1,1
1578,db0b7442,7acd94fe,9,true,true,,,57.60516794456485,52.11946821451476,5.4856997300500865,win,0.2654935546807593,0.00010023106744405652,1.9210268482849804,-0.4144403246588082,1.6281661213108416,0.00020046213488811304,1,1
1579,3e8dc93f,da2afa4b,9,true,true,,,55.65952412983009,54.06624743402684,1.5932766958032474,win,-0.18319972796533146,0,1.435185185185187,-0.455608992343417,0.15622139531034218,3.552713678800501e-15,1,1
1580,aac5ce96,aabca48c,9,true,true,,,58.67582478693997,53.35851255263387,5.317312234306101,win,0.1917786525920353,0,2.3611111111111143,-0.589735543681905,1.2573743695304165,-1.7763568394002505e-15,1,1
1581,b95895a6,1cd5b466,12,true,true,,,59.31969771273504,53.4326107442731,5.887086968461944,win,0.1195389370575457,8.881784197001252e-16,1.8055555555555545,-0.3617806953428717,2.2609021263550613,3.552713678800501e-15,1,1
1582,60467448,6f21d73e,11,true,true,,,53.9783134010132,48.79503177316369,5.18328162784951,win,-0.030345452213528912,-0.0013440627284495577,2.8932445288779833,-0.14917767784684877,0.27088188823294423,-0.00268812545690178,1,1
1583,11f4d428,93840e31,13,true,true,,,54.912048813147706,48.05633041656323,6.855718396584479,win,0.21848267715209602,0.0000199484175213982,1.7129851214458078,0.4494828647390392,1.9317574140807494,0.000039896835043240486,1,1
1584,c3259470,01b8f533,7,true,true,,,52.44185805963174,52.859612024231836,-0.4177539646000952,reversal,-0.5183943478032456,2.6645352591003757e-15,1.6137566137566166,-1.6704287118990182,0.4870355110869573,1.7763568394002505e-15,-1,-1
1585,e78f30de,268167d9,13,true,true,,,61.12326339410788,54.693273831389185,6.429989562718696,win,-0.18814209465906506,0,1.8411680911680879,0.2114463765321677,2.4168635709148045,0,1,1
1586,ed523d09,461e5af4,12,true,true,,,57.77618471913388,50.148774940063205,7.627409779070675,win,0.04281673123318086,3.552713678800501e-15,2.0580808080808124,1.6284769720211054,0.8694921564468983,3.552713678800501e-15,1,1
1587,3b2f9921,0cdc6cd5,10,true,true,,,59.48516679730973,54.55286365038297,4.932303146926763,win,-0.2138335085866676,1.7763568394002505e-15,1.7469135802469102,0.013723408435112106,1.7092441736330812,3.552713678800501e-15,1,1
1588,c996c888,2d83fc9b,11,true,true,,,54.59741259638159,49.91881139591869,4.6786012004629,win,0.23169055860365084,1.7763568394002505e-15,1.9292929292929268,-0.5023518202741295,1.178349172293176,2.6645352591003757e-15,1,1
1589,dc123976,0822d019,9,true,true,,,56.66182129922639,50.410994264857635,6.250827034368754,win,-0.05374528295165559,2.6645352591003757e-15,1.851851851851852,0.6328290451418699,1.5175236384661765,2.6645352591003757e-15,1,1
1590,9754bc46,b1afad72,11,true,true,,,54.5145790511366,50.508021817692494,4.006557233444106,win,-0.2570583662049608,0,1.3636363636363615,0.5644646083961735,0.9095859567476454,-1.7763568394002505e-15,1,1
1591,b2686890,65204652,10,true,true,,,58.21636113972591,53.557056884483096,4.659304255242816,win,0.2715276471509147,-3.552713678800501e-15,1.6049382716049356,0.07403566815218454,0.8094698321837797,-4.440892098500626e-15,1,1
1592,a7a13a29,654884d8,12,true,true,,,55.27410314735006,50.90483866540055,4.369264481949514,win,0.08318478453572764,0.0001503617574893923,1.1109515562626928,0.203041227731795,1.4027856922817783,0.00030072351498322547,1,1
1593,ff995f9f,2b2cc2e3,9,true,true,,,56.650046802685985,51.10736141286749,5.5426853898184945,win,0.016925358594073625,1.7763568394002505e-15,2.0601851851851896,1.3920064969723853,-0.35811659008866137,8.881784197001252e-16,1,1
1594,c42668ea,e33f5c06,10,true,true,,,56.68139697324368,51.45161129655964,5.229785676684038,win,0.07918916123023467,-0.0001794151590246429,1.930879425904128,0.5293548309292078,0.5546961277393674,-0.0003588303180519503,1,1
1595,b8c3c0fc,d53ff442,11,true,true,,,58.746503450796546,48.14309982346018,10.603403627336363,win,0.3585379399582105,0.00023296903753156073,1.91289627673057,1.8412093697789214,2.5022504989282455,0.0004659380750622333,1,1
1596,7e544b0f,d359ec05,10,true,true,,,53.575361012191806,51.37771996248935,2.1976410497024546,win,-0.1398229157239741,0.2079051322190617,0.9567901234567913,-0.12125999616559646,0.44526611241947833,2.220446049250313e-15,1,1
1597,ceda8ecd,671b04b6,9,true,true,,,58.24121808325678,53.42587681142288,4.815341271833901,win,-0.2575474407353462,-1.7763568394002505e-15,1.689814814814813,2.0553568662901514,-0.7815308141814326,-8.881784197001252e-16,1,1
1598,2ff3c643,c9554e8c,13,true,true,,,59.17431244440138,54.57586592481229,4.598446519589089,win,-0.11561662510158421,0,1.3639601139601112,-0.25419967798266985,2.1406653770593156,1.7763568394002505e-15,1,1
1599,49888980,bd53501e,11,true,true,,,57.818440013977195,54.815891550721176,3.0025484632560193,win,0.08043276396631627,0.0021914313414743702,1.5861779532675895,-0.6440822123922647,0.8014812746072799,0.004382862682950517,1,1
1600,001e8bd6,44a950d2,10,true,true,,,56.30904918313283,51.95714268932068,4.351906493812145,win,0.38812396215629397,0.0015110023157420827,1.789874605475089,-0.3234017851742479,0.6302763506524096,0.0030220046314841653,1,1
1601,ada47e16,bbb94cb5,12,true,true,,,60.70018901084868,52.68187458941868,8.018314421429999,win,0.11219702803071918,0.7281909962799658,1.1868686868686877,0.6525735012208429,2.336245815917045,-1.7763568394002505e-15,1,1
1602,1ab45b62,164c18c2,10,true,true,,,57.1661711413613,52.58701722287044,4.57915391849086,win,-0.39097626464290647,-1.7763568394002505e-15,1.5185185185185155,0.44326925024960584,1.5072146257696293,-1.7763568394002505e-15,1,1
1603,b5cc9245,c3168f8c,10,true,true,,,59.55555563873812,50.37748177660327,9.178073862134852,win,0.24646174092199225,-0.010351912871110258,1.8767269681190006,1.3676705082504155,2.2919508075394575,-0.020703825742215187,1,1
1604,3966420e,6870bf2d,9,true,true,,,56.70221870187268,49.81028571001786,6.891932991854823,win,0.0006401172302328284,1.478186379459034,1.7361111111111098,0.06521466614558502,0.5542701651553887,-3.552713678800501e-15,1,1
1605,4de4abae,250de495,2,false,false,below-min-elements,below-min-elements,,,,unsupported,,,,,,,,
1606,3f5e5032,405c503b,7,true,true,,,57.04181529061583,47.72824483163018,9.313570458985652,win,0.38321237292335963,0.36112575776020783,1.7592592592592604,2.622640380739476,0.18082243112330598,0,1,1
1607,d6a9eb92,d554a707,10,true,true,,,53.048543753017576,50.99526652148942,2.053277231528156,win,-0.06981480142909158,0.000042550503724037014,0.8765668078307227,0.10093550047784561,0.3612631551451564,0.00008510100744985039,1,1
1608,d1f41d9a,0841e367,7,true,true,,,57.49528064053049,56.8210352472632,0.6742453932672916,win,-0.192100775158615,-1.7763568394002505e-15,1.759259259259264,-2.8033157577263657,1.9843176883604388,-7.105427357601002e-15,1,1
1609,6a3ff0af,95e9e62a,10,true,true,,,52.36330966764078,49.04544589602765,3.3178637716131263,win,0.04164594037358449,-0.0049882210781238,1.4565740404414802,0.1490540527029225,0.3055363048542814,-0.0099764421562476,1,1
1610,fbc37f40,86210b81,11,true,true,,,57.13369383449667,52.721114267739395,4.412579566757273,win,-0.02609281316753731,0.0008466092007068937,1.6694988507653346,0.2606943637998267,0.798516446974844,0.0016932184014137874,1,1
1611,aca7079d,f0ab0ef2,10,true,true,,,54.386808720021016,50.475585008161815,3.9112237118592006,win,-0.4763617032347871,-2.6645352591003757e-15,2.0185185185185137,0.9510724973947573,-0.15284469048241967,-2.6645352591003757e-15,1,1
1612,86de6620,886d0d08,8,true,true,,,56.624550445806285,55.017587720674626,1.606962725131659,win,-0.008297029491221686,0,0.8829365079364964,-0.16855603829166022,0.2524967969500187,-1.7763568394002505e-15,1,1
1613,1491cdf2,40ffa374,5,true,true,,,60.39493808586058,55.763255584368835,4.6316825014917455,win,-0.1507002451498538,0,1.5277777777777688,-0.3787844887668106,2.161372525290056,0,1,1
1614,511a8e7d,153495d2,10,true,true,,,57.90916428316379,51.37425161595647,6.534912667207323,win,0.1737077502339044,-1.7763568394002505e-15,1.4814814814814827,0.8766912479365443,1.5404988814529998,-1.7763568394002505e-15,1,1
1615,b00a4f6e,4e919d5e,7,true,true,,,57.55614923975827,53.12351267173976,4.432636568018509,win,-0.17913868884157935,1.7763568394002505e-15,1.8915343915344014,0.012587105882934324,1.085262169683641,1.7763568394002505e-15,1,1
1616,0ecf5470,aeaa41ef,7,true,true,,,55.32149246021275,52.68092363744013,2.6405688227726216,win,0.5423840695065074,-3.552713678800501e-15,1.4814814814814836,-0.7673394479101763,0.06031883581437736,-3.552713678800501e-15,1,1
1617,02f60038,d7a1477d,7,true,true,,,56.55922809662218,51.88208040928924,4.6771476873329405,win,0.199597996086589,1.7763568394002505e-15,2.1957671957671945,0.0000830443231443212,0.2474040389285328,4.440892098500626e-15,1,1
1618,788e20ed,06b57ed5,9,true,true,,,55.348019279289026,51.56949727937491,3.778521999914119,win,0.3335030158780614,-0.04713793218729023,1.351585983998162,-0.15922307029210359,0.8163811292349341,-0.09427586437457514,1,1
1619,ea244289,fb53766d,7,true,true,,,56.30223623701014,54.44480078268193,1.8574354543282112,win,-0.2454482477429507,-1.7763568394002505e-15,1.044973544973545,0.06785155529767906,0.32404449956426085,-8.881784197001252e-16,1,1
1620,12492bcf,729193e0,12,true,true,,,58.94211478596317,54.72055003812996,4.221564747833213,win,0.3083406842936527,-1.7763568394002505e-15,1.944444444444442,-0.04905959342973443,0.12100431958006652,-1.7763568394002505e-15,1,1
1621,ee8d059c,7f42a7c4,11,true,true,,,56.64377169495442,52.78233060453522,3.8614410904191985,win,-0.4173364386960414,1.7763568394002505e-15,1.6666666666666705,1.1860158276798982,-0.11310045784763201,3.552713678800501e-15,1,1
1622,9ce1c20d,f7105760,11,true,true,,,54.81109333242053,52.115005595248874,2.696087737171659,win,-0.028514474981335303,-1.7763568394002505e-15,1.3636363636363669,0.44620176976242654,-0.3063441025372171,-2.6645352591003757e-15,1,1
1623,e3e5b9a1,8aee7de1,10,true,true,,,57.17628606807784,52.51382015729962,4.662465910778224,win,0.14550449830567258,0,1.6851851851851825,0.18802785990266546,0.7723935307823089,0,1,1
1624,5a5a2098,683943a4,9,true,true,,,54.8106252135398,50.28801186754974,4.5226133459900595,win,0.284394759299194,-0.004662573355626698,1.99294298121609,-0.28606422940997955,0.632279442535129,-0.009325146711257837,1,1
1625,bd36a302,07a64321,12,true,true,,,59.343807758347886,50.770983824574344,8.572823933773542,win,0.3419147637714104,-0.001671938332492573,1.614943376167341,1.0093713049767565,2.449803859597872,-0.003343876664981593,1,1
1626,d80918b5,6e2d18b6,10,true,true,,,55.195622691032966,51.60332789415325,3.592294796879713,win,-0.14243064243239578,-0.006054601258478343,1.8306016722829321,0.06000523402159619,0.4339605332516365,-0.012109202516955797,1,1
1627,ccd824d3,813ecdd7,9,true,true,,,55.81846359259002,50.978651114829844,4.8398124777601765,win,-0.14056336612356657,-1.7763568394002505e-15,2.3148148148148175,1.2177507614687233,-0.7444765697295805,-2.6645352591003757e-15,1,1
1628,e8541862,e25f1830,6,true,true,,,54.67722271723015,48.82680523411932,5.8504174831108315,win,-0.3895215601642379,0.3533532712766174,1.5555555555555545,1.8391106890071374,0.13402337035893552,2.6645352591003757e-15,1,1
1629,705ef59b,f56ad808,13,true,true,,,57.223575219221594,53.768642622544334,3.45493259667726,win,-0.28731270703575995,-0.0024587213368114647,1.7979020319986558,0.06182637988946027,0.6029444390512859,-0.004917442673622041,1,1
1630,adae04d9,9c1a29a8,10,true,true,,,56.440697968777094,52.29308159619096,4.1476163725861355,win,0.06998488088448296,0,2.290123456790125,0.12987562860874657,-0.2217716668489702,0,1,1
1631,632402b2,7569b874,10,true,true,,,59.94430797913048,52.84617136373839,7.098136615392086,win,-0.1353459448925194,0,1.5000000000000062,1.2842992993435232,1.9438049121855352,0,1,1
1632,6a20aa94,03d30ee8,8,true,true,,,54.8556405921658,51.15522531753495,3.700415274630849,win,-0.4027535994850129,0.002149962708722697,1.666463827035101,0.4105809845842785,0.7049395668781786,0.004299925417450723,1,1
1633,d53c4394,76cdbff5,11,true,true,,,56.609065372500766,52.841767005990185,3.7672983665105804,win,-0.01851747265146031,0,1.2676767676767655,0.5104341691629681,0.5280578276126375,-1.7763568394002505e-15,1,1
1634,3dbd53d8,4b402ded,13,true,true,,,55.97460471691314,47.856654249861386,8.117950467051756,win,0.36170661588774733,-0.0007204435905476814,2.026550429655342,1.2661774449228647,1.2029907755535074,-0.0014408871810944746,1,1
1635,4ebdbf90,5bc47288,9,true,true,,,54.16277074983852,50.19249158243439,3.9702791674041293,win,-0.1341326674977028,0,1.9212962962962923,0.688417525179922,-0.22098648015401867,-8.881784197001252e-16,1,1
1636,e67d4f5a,df52b5c9,11,true,true,,,56.218410561770746,54.07801225535821,2.1403983064125356,win,-0.033896942887058135,0.20760313881510406,1.41098205878051,-0.6530068281702572,0.2820280567843323,0.004413324159523668,1,1
1637,4eaf449b,7fb60c04,7,true,true,,,57.92135673706733,45.58306291048755,12.338293826579779,win,0.599400050796278,1.380976346166511,2.904357201231179,0.016717146539169114,2.3015842338567243,-0.015601559085752115,1,1
1638,9497ea7a,0ae36d9b,7,true,true,,,54.606586767472926,47.860369274086295,6.746217493386631,win,-0.43141033805228757,0,2.3809523809523796,0.9300180546984054,1.4415546071509437,0,1,1
1639,b3266fc1,3ce900ba,9,true,true,,,55.44270115555318,49.03625255450186,6.4064486010513235,win,0.6161827666644024,0.7200122344442255,1.6830792734287243,-0.9163628679809808,1.6438100979466426,-0.05948718603630887,1,1
1640,6a67eb2e,67a083e9,10,true,true,,,57.04466365055646,50.932332526856754,6.112331123699704,win,0.5386955402142111,0,1.8950617283950653,0.5179648278529081,0.5122174364082088,-1.7763568394002505e-15,1,1
1641,ee72c9e3,d7a845c4,8,true,true,,,55.49747134139179,53.0910342519568,2.406437089434988,win,-0.27287563076427235,0.2829124208553324,2.0335183075163306,-1.7811164960921744,1.3509466310776403,-0.0008758007784406274,1,1
1642,61d556ca,691233c3,10,true,true,,,54.08896005047478,52.05713219091058,2.0318278595642028,win,-0.30872174774810324,0.00030217681537436647,1.3937041232969616,-0.8780596670747558,1.2768030299213629,0.0006043536307496211,1,1
1643,da395def,502f4a10,10,true,true,,,56.0664498703583,52.05316681798734,4.013283052370959,win,-0.14421861653884438,3.552713678800501e-15,1.8148148148148167,0.01969618552411312,0.8059533318513896,6.217248937900877e-15,1,1
1644,bce90650,69be6393,9,true,true,,,60.20590344786925,51.088819671086284,9.117083776782962,win,0.05147816349011336,0.0074455720521626745,2.1663754476509016,0.6895911419690446,2.9791896529513746,0.01489114410432446,1,1
1645,59283101,87d11aa8,9,true,true,,,54.47620773888524,53.69117018332145,0.7850375555637967,win,0.11873575957192406,-0.00698976701698939,0.9692486219112961,-0.9717599011585332,0.3342229156703782,-0.013979534033975227,1,1
1646,273de271,1fcb0c45,11,true,true,,,53.271268492879436,48.91097315549636,4.360295337383079,win,0.035801919595763065,1.7763568394002505e-15,1.4999999999999991,0.49814775167306813,0.5878669474530396,0,1,1
1647,47e6ecff,9c096bbf,9,true,true,,,58.19720984439311,48.74339255372667,9.453817290666436,win,-0.10005680335179523,1.4896796499064004,2.337962962962963,1.1471596881880917,0.47137127120748534,1.7763568394002505e-15,1,1
1648,977a7150,511e83e0,7,true,true,,,55.775017609831785,52.10683984268193,3.6681777671498565,win,0.0904844428614604,1.7763568394002505e-15,1.9973544973544977,-0.47449668087525243,0.5303074418813543,5.329070518200751e-15,1,1
1649,5bccfdd0,170955c5,11,true,true,,,56.470541153080106,50.62876847305063,5.841772680029479,win,0.05321243975413559,0.00015174669410811248,2.2927480244791143,-0.29754649844560355,1.6071226274344186,0.00030349338821711314,1,1
1650,f0afa576,216d2828,7,true,true,,,54.633468424318856,50.24896785693184,4.384500567387015,win,0.17608815879127526,-0.17050253963479456,1.1943351232432509,0.5095045194766268,1.0391642255100155,-0.023790314008638624,1,1
1651,a07fb3c6,d025e9f0,6,true,true,,,56.561990248465534,49.971090584878596,6.590899663586939,win,-0.15896603098189122,0,1.7777777777777786,1.4837422741569926,0.9830699195934081,8.881784197001252e-16,1,1
1652,ff497965,2ba7f7f6,10,true,true,,,56.42701807653018,51.33867965533906,5.088338421191125,win,-0.0917326585712126,-0.06272046595805669,2.041891887518368,0.09799456838673759,1.3122872508782875,-0.12544093191611427,1,1
1653,a80fdb65,1da1a00b,9,true,true,,,57.9234000135814,53.47497043695617,4.44842957662523,win,0.1188633465878528,-0.044346098049752314,1.6357514961407054,-0.9110335781010086,2.22904487674374,-0.08869219609950463,1,1
1654,733a415f,d2a7fa3d,5,true,true,,,56.011532670451786,48.22893288559973,7.782599784852053,win,0.7795476061269908,0.798537057933622,1.9999991465636402,-0.14658993433099887,0.8564727726342287,-0.0000035225933814331256,1,1
1655,31153559,28668487,11,true,true,,,57.335789256018046,50.08962610149622,7.246163154521824,win,0.16158953332057413,0,2.0808080808080804,0.9096168438496388,1.2538746478009308,0,1,1
1656,2b0dd880,68f1f069,11,true,true,,,56.854825606877746,53.829810245743744,3.0250153611340025,win,-0.024836789382377766,7.105427357601002e-15,1.6515151515151825,-1.5813006873320834,2.084761826965967,1.3322676295501878e-14,1,1
1657,3b7fb243,211f39d6,9,true,true,,,61.81894007287353,53.08376242250187,8.73517765037166,win,-0.3132157863643328,0.0001210724941955732,2.221759795619988,2.022769295882564,1.5822383168901828,0.0002421449883911464,1,1
1658,beb05d80,0c3d71bd,9,true,true,,,53.83779811434661,51.424278582959644,2.4135195313869673,win,0.049325981182483325,-8.881784197001252e-16,1.2037037037037042,-0.564727672231629,0.8289009985873541,-1.7763568394002505e-15,1,1
1659,2fc8657e,426417d7,11,true,true,,,54.12288036657452,48.89124082767406,5.23163953890046,win,-0.03174243723749992,-0.015409239982425937,2.030321785108854,0.09972379153540167,1.1911109832873956,-0.030818479964847434,1,1
1660,57b4db5f,5635a8bf,12,true,true,,,57.058436169206516,52.00513778748005,5.053298381726464,win,-0.07630758255645365,0,1.7550505050505052,1.5503431056313683,-0.3608431315509515,0,1,1
1661,4a6995df,467fd268,7,true,true,,,57.76327778657859,50.239566668658114,7.523711117920477,win,0.06287175942443968,0.5009483973274653,2.3926791340432683,0.22164533878962978,1.3092376389814495,0.013388425176327878,1,1
1662,7fbbf10b,09b34e62,12,true,true,,,57.077162587317964,46.66115343681214,10.416009150505822,win,0.6257518828906337,1.5339550609734074,2.4116132771929717,-0.097274964121417,1.3742516352265346,0.000016222581511016188,1,1
1663,7eda8f71,beccd28f,7,true,true,,,56.653777251650965,52.14049388714217,4.513283364508794,win,0.3213751186551288,-0.07689139931722622,1.9975049302978842,-0.4711311990487035,0.8908989595126413,-0.0008672575556332163,1,1
1664,0b55617b,9e02775c,10,true,true,,,56.16283710542339,48.98728862126188,7.17554848416151,win,-0.16138017731279586,-0.00005917750289263779,1.956694604399285,0.1493712959496598,2.8551655986816824,-0.00011835500578616376,1,1
1665,a1731343,6d489df9,11,true,true,,,58.19233444243932,53.54771893724896,4.644615505190359,win,0.19989349991303906,0,1.308080808080807,0.4669217466993407,0.822545868222452,0,1,1
1666,9fc6d9df,d921b3e5,11,true,true,,,58.351446794275105,52.47484502965168,5.876601764623423,win,-0.16014957938057917,0,1.5707070707070718,-0.25166040221254704,2.8946666975914574,8.881784197001252e-16,1,1
1667,05e69774,20e5666c,12,true,true,,,59.29539696489478,54.623017480639966,4.672379484254812,win,-0.2547108134445757,1.7980399746875264e-7,1.3888888843517435,-0.37355255032347756,2.5438909382887696,3.5960799227297e-7,1,1
1668,1b1ece36,10fcd9f4,10,true,true,,,57.489197113458616,51.906984325613585,5.58221278784503,win,0.23429930780399832,1.7763568394002505e-15,1.7283950617283956,0.5056965865571312,0.8595132623761588,2.6645352591003757e-15,1,1
1669,d9ff141d,a11c0f81,10,true,true,,,53.53054797697076,50.533410104083494,2.997137872887265,win,-0.3358014031281018,-0.007374994640709787,1.6695025279444478,0.06890392832534786,0.5175141128017948,-0.014749989281418685,1,1
1670,7f428aac,e592a58a,11,true,true,,,52.38424735722213,51.01666164605605,1.367585711166079,win,0.1356130537467659,1.7763568394002505e-15,1.4747474747474705,-0.6428169602827589,-0.36314123884656624,2.6645352591003757e-15,1,1
1671,6e588833,0b474c9c,11,true,true,,,57.96521126557816,52.757312330309375,5.207898935268787,win,-0.41206423812991,0.45212795938263195,1.87373737373738,0.4742953573567199,0.8233202975817537,2.6645352591003757e-15,1,1
1672,b6f56e7f,94b80c58,11,true,true,,,58.81523367758319,53.54566567469034,5.269568002892846,win,-0.08121796290533823,-0.00047837319455901195,1.5291827643250198,0.2021410847397993,1.7973876849041046,-0.0009567463891206884,1,1
1673,87f7455c,0b933d07,10,true,true,,,56.01331690502345,48.13307855585534,7.88023834916811,win,0.6223521078769614,-0.028664549246677495,1.8722246508795628,0.4535001130890981,1.8957442206203936,-0.05732909849335588,1,1
1674,dda0a641,eb66efcc,8,true,true,,,59.05456935278488,52.067257678866426,6.987311673918455,win,-0.08645460110077652,-0.015055074551199255,1.834444734061396,0.4654750055839818,2.40196991186523,-0.03011014910239762,1,1
1675,ae696c1d,d55ab481,9,true,true,,,56.97484518281314,53.51267096569727,3.462174217115873,win,-0.1559698288621072,0,1.9444444444444446,-0.20772663133902114,0.5236460741882674,0,1,1
1676,0b061f58,11b51baf,8,true,true,,,60.86687763652621,50.240224267655506,10.626653368870706,win,0.02562043648751766,0.32749416805989107,2.3710317460317523,1.6237533332446077,2.244980719152573,3.552713678800501e-15,1,1
1677,6f807681,7d0c5423,9,true,true,,,58.057930978662924,48.02978372297076,10.028147255692161,win,0.7245772656008453,1.0684081145437831,1.504629629629628,1.0357275202355085,1.4100372541514874,4.440892098500626e-15,1,1
1678,1308f63d,39a3dd1a,10,true,true,,,56.59489277024221,48.89129135950907,7.7036014107331425,win,0.05221065953277959,-0.02604278367318713,2.1010099822587973,0.9756554742838182,1.7478956573149484,-0.0520855673463716,1,1
1679,6321f6b0,c25f6490,9,true,true,,,54.40140608000163,46.82581247738196,7.575593602619669,win,0.5721359144099942,-0.039701151935235046,2.5634786420070554,-0.5461672618736442,2.1119763550864414,-0.07940230387046565,1,1
1680,acb1e1e6,551e8ada,8,true,true,,,58.18303251440508,51.43544523405572,6.747587280349357,win,-0.4831964527528765,0.40383743677132955,1.617063492063485,1.092776174854297,1.7382068517072984,8.881784197001252e-15,1,1
1681,215a8822,0328b3fc,11,true,true,,,56.33232383860172,51.81625662041468,4.51606721818704,win,0.0537232812672197,0.002138472876840325,2.495742289070183,-0.5528238564913099,0.6544696280849651,0.0042769457536788735,1,1
1682,5a3f8d5f,b62eeb5b,10,true,true,,,54.790474112867706,50.304875836097665,4.485598276770041,win,-0.24328278692528582,-0.0006798164109156346,2.0663640892791815,-0.04732410732048553,1.0757124834641152,-0.0013596328218339337,1,1
1683,ffd88372,64fd402e,8,true,true,,,58.07973309966201,50.5340736695623,7.545659430099711,win,0.45985463211959177,0,2.9960317460317456,0.5313574584776655,0.2339143679027229,0,1,1
1684,ab5dc9dc,39057e4f,12,true,true,,,57.274384081986895,52.34158173491073,4.932802347076162,win,0.08656848939274209,-0.03688818574436681,0.45919090880965285,0.9317584087522555,1.889032945865802,-0.07377637148873895,1,1
1685,60a98253,5fbd7a06,7,true,true,,,58.34342335919666,50.66999239482251,7.673430964374155,win,0.10680554486156968,0.4499625247214887,1.0978475197462245,1.6964837428973771,1.3176743252551075,0.000059330520852718394,1,1
1686,f9eeefb2,8fb29c39,9,true,true,,,56.2716857260309,49.90307270059306,6.3686130254378455,win,0.23220080272128873,0.33031946236189036,1.6667260943890705,0.5797466255252637,0.9474339297450056,-0.000585910893699193,1,1
1687,20e2e26d,a474621c,12,true,true,,,56.26109470880988,50.869383623571224,5.391711085238654,win,0.08111028945332555,-0.027460961587085997,2.0134599971272253,0.04327479454872929,1.2522755602458275,-0.054921923174171106,1,1
1688,4c94ff8f,0d885af3,10,true,true,,,56.13970400509298,48.604313184318244,7.535390820774737,win,0.13735407289824697,-0.00877885883725682,1.7701407935455222,1.2428869730776135,1.5351597961880339,-0.01755771767451275,1,1
1689,9ecaf262,4f4f335b,7,true,true,,,54.11208448851901,51.42208628114368,2.689998207375332,win,-0.5605463982504353,0.04707335635579568,1.9973544973544834,0.4729647861494275,-0.3732126944109089,1.0658141036401503e-14,1,1
1690,db4bf605,8a167f1c,6,true,true,,,58.028131298933715,52.21028108486454,5.817850214069175,win,0.6804245567304459,0.20594084614549857,1.777777777777798,0.5025745712921132,-0.07815312103597627,-1.7763568394002505e-14,1,1
1691,1e6b9b3b,f431d4a0,13,true,true,,,55.20414127610782,51.90765176807766,3.296489508030156,win,-0.10113952441698082,-0.0008229414737197516,1.4460636268921903,-0.9134700176531725,1.857154515682296,-0.0016458829474412795,1,1
1692,ccb38dd8,036c02a7,6,true,true,,,58.62590735655193,50.65160439673718,7.97430295981475,win,0.3606965046548387,0.20720176005194624,1.8333333333333304,1.4502206540701463,0.8115434766596383,-1.1546319456101628e-14,1,1
1693,6a0aab7d,d737f382,9,true,true,,,54.33703587054416,50.76991959656148,3.567116273982684,win,-0.4709574203751119,0,1.921296296296294,0.8855801103514223,-0.20843729355547236,8.881784197001252e-16,1,1
1694,329074c0,99dcfc80,9,true,true,,,56.30206385665087,52.99031153806457,3.3117523185863007,win,-0.2950778274146151,2.6645352591003757e-15,1.944444444444458,0.46102967188409405,-0.1932690644836521,7.105427357601002e-15,1,1
1695,098e21f4,779366cc,13,true,true,,,56.74567754928117,53.409933527903526,3.335744021377643,win,-0.20086422790495284,0,1.5847578347578395,0.6948837529694574,-0.14503340834745426,1.7763568394002505e-15,1,1
1696,a5400c22,a3347fc6,9,true,true,,,56.9756836488108,52.12537866483555,4.850304983975249,win,-0.027331132729164986,0,1.967592592592582,-0.15512471354703905,1.2537297276737354,0,1,1
1697,e119ec72,1c5ff3ae,9,true,true,,,56.62506662994509,50.980763247452614,5.644303382492474,win,0.09481271173504613,0,2.060185185185186,0.3382490201144215,0.9054814952543317,-1.7763568394002505e-15,1,1
1698,584743a2,91e0ab5a,11,true,true,,,57.748089483423286,50.19505534017366,7.553034143249626,win,0.2008129854939611,0.1570116535731083,1.5696869423712405,0.15391991085935963,2.807158691054836,0.002793753507019048,1,1
1699,fc88c97b,c436a8cf,11,true,true,,,54.12854919453512,48.61051023143058,5.518038963104537,win,-0.1835504448130334,8.881784197001252e-16,2.2727272727272725,0.19572834396117234,1.1694831700956292,1.7763568394002505e-15,1,1
1700,84e0a143,d00e2e89,10,true,true,,,57.07938441627286,56.81357944302981,0.26580497324304986,win,-0.0946882710928505,0,1.2283950617283947,-0.39414686751681227,-0.7880089828214638,-8.881784197001252e-16,1,1
1701,ae7860ca,1e6e361c,10,true,true,,,54.55291040919471,50.98798597783205,3.5649244313626625,win,-0.1226879675334498,-0.00016510293257443465,1.2901185198450023,1.2548969305661357,-0.41011061145886885,-0.00033020586515064565,1,1
1702,eef92223,3a4986d6,9,true,true,,,57.182553616244434,51.43202856187368,5.750525054370755,win,0.17849567581226689,-0.000025471016003919544,1.759273541086464,0.35524584106067625,1.2257220546978358,-0.000050942032010503624,1,1
1703,01b63714,9a7955dc,7,true,true,,,55.501772465087996,52.10703814654941,3.394734318538589,win,0.32919858252707135,-3.552713678800501e-15,1.560846560846568,-0.9036404883675786,1.0458082973562188,-7.993605777301127e-15,1,1
1704,30311aa2,def52aeb,9,true,true,,,55.97264354470656,52.44314447445029,3.5294990702562643,win,-0.18086046759317131,1.7763568394002505e-15,1.5509259259259318,0.008404217795648705,0.8701519085350045,3.552713678800501e-15,1,1
1705,666a3bf7,1e28a23e,12,true,true,,,56.819411738602035,51.15975519317841,5.659656545423623,win,-0.16647999268346658,0,2.3611111111111107,0.07413670164102903,1.2813900383407262,-1.7763568394002505e-15,1,1
1706,55a75870,d7602726,10,true,true,,,57.272256645251396,56.132475819915584,1.1397808253358122,win,-0.19268806985067277,1.7763568394002505e-15,1.7037037037037077,-0.5202274562145401,-0.44533821591713085,4.440892098500626e-15,1,1
1707,4f50325e,0d9a1969,9,true,true,,,58.219907754274175,51.72269209904279,6.497215655231386,win,0.19966603546729456,0.5342833162744576,1.666666666666667,0.8924556002325366,0.4009183187201355,-4.440892098500626e-15,1,1
1708,59f2272f,cc204e10,11,true,true,,,54.87974925295439,48.79727658662283,6.082472666331562,win,0.3709069670378198,-0.0037214464504176092,1.5683762025478325,0.2897456044268907,1.5014902851061631,-0.007442892900836107,1,1
1709,e0c6685e,cd67a938,12,true,true,,,54.42074552985474,50.07996875525754,4.340776774597202,win,0.10248074332999346,-0.0010222970239937013,1.717441737321387,-0.32107550723763456,1.1992703007550887,-0.0020445940479882907,1,1
1710,2f997b9a,9dea8b50,14,true,true,,,55.11397169808462,50.78180231895986,4.332169379124757,win,0.12321009000125116,-0.009467176417100376,1.3874029158377699,0.44880356237876384,0.6613034061689795,-0.018934352834202528,1,1
1711,30abf085,d50d3915,10,true,true,,,54.3493692070145,50.408380082992196,3.940989124022302,win,0.17817871743228686,-3.552713678800501e-15,1.6666666666666687,0.8092502813296409,-0.5750077599213608,-1.7763568394002505e-15,1,1
1712,ecd9b23d,1f217aa8,11,true,true,,,54.68339185488791,52.65528653565319,2.0281053192347187,win,0.37322751472323556,0,1.3232323232323244,-0.7093250476327784,0.021379676785177715,-8.881784197001252e-16,1,1
1713,cb90a527,251d845d,6,true,true,,,56.489954840763744,53.789900213569965,2.7000546271937793,win,-0.35175384343558047,0.13112179277753455,1.6666666666666643,-0.8510374045868199,1.25618922046631,-8.881784197001252e-16,1,1
1714,76666a65,37b8998a,9,true,true,,,55.41364142349531,52.041755492980826,3.3718859305144804,win,-0.034086974182244045,1.7763568394002505e-15,1.5509259259259256,-0.2376996416810755,0.8149493890563777,1.7763568394002505e-15,1,1
1715,4ef5f035,24b64c6b,11,true,true,,,60.731757915752986,51.22655128208364,9.505206633669346,win,0.12101495142937413,0.3011148574017737,1.8181818181818183,1.2133114942552377,2.53465931137225,2.6645352591003757e-15,1,1
1716,796ac115,d1a45d83,7,true,true,,,54.82228348568129,52.29352811903945,2.528755366641839,win,-0.024765319657294338,-0.001789746097502487,1.3367446431849448,-0.640462025136669,0.9614626365436223,-0.0035794921950031977,1,1
1717,56683444,6ef5bd5f,9,true,true,,,60.52010729274839,52.03133314945311,8.48877414329528,win,0.11520551572542681,0.003804787631109363,2.001199847004248,1.202406864003212,1.991882009026079,0.007609575262220503,1,1
1718,ade1eda0,9d9b5a30,8,true,true,,,55.64720722722556,50.913982639833044,4.733224587392513,win,-0.24021152417848413,0.49332607041474485,1.875,0.4485634860010279,0.14957751771846262,-8.881784197001252e-16,1,1
1719,8f95c647,42c61f99,7,true,true,,,59.25217910889824,53.24374860667818,6.008430502220058,win,0.027444310194993715,0,1.5211640211640205,0.8507559157407965,1.3689187701120256,8.881784197001252e-16,1,1
1720,42a96773,06b44de5,9,true,true,,,60.466162774483976,52.41950532719848,8.046657447285497,win,0.07944771027242226,-1.7763568394002505e-15,2.3842592592592613,0.619399454530634,1.9493185711677912,-2.6645352591003757e-15,1,1
1721,8a565711,bf22e04d,8,true,true,,,58.636020378654415,53.9493340740088,4.686686304645612,win,0.22896094419616486,0,1.7460317460317478,-0.07167826562675117,0.8949686588150474,0,1,1
1722,2ea5d150,39c6dfbb,12,true,true,,,56.831875964412674,52.37109628944837,4.460779674964307,win,-0.11096767034150101,0,1.6540404040404049,0.5714694339987778,0.6108068755733855,0,1,1
1723,2e8857cf,ffdaf3ff,10,true,true,,,55.25601387843186,49.246742424406605,6.009271454025253,win,0.07361634202288769,0.000001995722056946647,1.8333306611098772,0.422418541236814,1.4117896419554468,0.000003991444110340581,1,1
1724,0aaf99e9,db6fe077,9,true,true,,,56.82750314995609,52.900878180008434,3.926624969947653,win,-0.06386197342506694,0,1.9907407407407414,-0.040021353425156114,0.447111053962975,0,1,1
1725,5fab1f6a,fea3edbf,10,true,true,,,55.35451676217366,52.02366084300981,3.3308559191638523,win,-0.11528846937743964,1.7763568394002505e-15,1.1666666666666687,0.500012564098741,0.5097181276562983,3.552713678800501e-15,1,1
1726,259ce419,e8feea35,7,true,true,,,53.90195793830378,50.00725857023669,3.8946993680670943,win,-0.12353743259533845,0.5193554407519336,1.2433862433862437,-0.5310453860240996,1.3538454939297706,-8.881784197001252e-16,1,1
1727,84ff2e34,004c6662,10,true,true,,,58.535564175012,57.891614542517814,0.6439496324941842,win,0.05423299382717506,-1.7763568394002505e-15,1.9135802469135754,-0.46886915752130953,-1.5727799809911076,-4.440892098500626e-15,1,1
1728,222b423c,34eba2e7,14,true,true,,,56.43828057279099,54.28352355363441,2.154757019156577,win,-0.005343113670965405,-0.016059098076012468,2.1056843900718443,-0.18227090075762042,-0.9065903127683486,-0.03211819615202405,1,1
1729,a1408db8,df915c77,9,true,true,,,56.438774836810325,46.70266473387108,9.736110102939243,win,0.3316066886797384,0.8290201158590982,2.2921687394886154,-0.06264488989097661,2.5295460521407858,-0.0021204490830974976,1,1
1730,1c539bd9,40537b45,9,true,true,,,57.76020625996503,52.03178296446797,5.728423295497059,win,-0.4577971683609525,-5.329070518200751e-15,2.3611111111111116,-0.053173238646240684,1.9776311523840615,-7.993605777301127e-15,1,1
1731,71cae013,b36aa0f7,11,true,true,,,56.00124254348218,51.771921743917524,4.229320799564654,win,-0.09824699456383978,-0.014297587022992886,1.3208809858654291,0.36947618831885265,1.1556084684630719,-0.028595174045987548,1,1
1732,68f980f6,cb2c05c6,8,true,true,,,57.48995370440504,54.28213985825412,3.20781384615092,win,0.2324942885382819,-0.00018658175597074944,1.408678273703881,-0.24993560998891606,0.45311146319827245,-0.00037316351194238706,1,1
1733,fbc4d835,0959af59,7,true,true,,,56.94947466228791,54.73774457423037,2.211730088057543,win,-0.28548659373393326,0,1.2301587301587285,0.2272662947951618,0.21031404689412092,0,1,1
1734,b448b325,a5f6d535,13,true,true,,,56.858225611200226,52.4262813002496,4.431944310950627,win,-0.09226348414817931,0,1.9230769230769216,0.1274629922217052,0.754299402413575,2.6645352591003757e-15,1,1
1735,bffa073d,af7147d5,8,true,true,,,54.35343082048782,53.66222973822025,0.6912010822675754,win,-0.046828483308592794,0,1.2797619047619069,-1.0800122120713986,0.24011434262171338,0,1,1
1736,50944c19,0bedfd44,12,true,true,,,55.75048239935197,51.349472868314194,4.401009531037772,win,0.1274035456068019,0.00069242784905299,1.4888689611822539,0.4275946040714729,0.5666887520541506,0.0013848556981077564,1,1
1737,fc0b04b4,13508e20,10,true,true,,,59.29922610282952,52.299429087306144,6.999797015523377,win,-0.3539533123237417,-0.0000018305455418143879,2.1234519710425364,0.13279864148919884,2.842507843900517,-0.0000036610910836287758,1,1
1738,891f96f2,4ef4a86b,12,true,true,,,60.05182293072396,53.84659003396688,6.2052328967570745,win,0.2983228111934868,-0.003305845528567275,1.9023370772077053,0.923680232179696,0.4755877973294842,-0.006611691057131885,1,1
1739,dbbd7ba4,1b2e63e9,10,true,true,,,58.438040853251394,52.443587082784035,5.994453770467359,win,-0.15017695296945188,-8.881784197001252e-16,1.6234567901234573,0.9189269057596707,1.4328675637687471,-2.6645352591003757e-15,1,1
1740,cc6e4547,3e252387,7,true,true,,,55.58427769819918,53.56103358875405,2.0232441094451303,win,0.03419597557629528,1.7763568394002505e-15,1.2830687830687815,0.3442729798137867,-0.6806598127355947,1.7763568394002505e-15,1,1
1741,684114b4,4257dbb1,9,true,true,,,56.6596553063963,50.75669728900347,5.902958017392834,win,-0.19936225835056076,0.3628561729119415,1.619749139926851,0.7845624981049495,1.0754973615231558,-0.0008817597277737121,1,1
1742,15247dae,09194716,8,true,true,,,53.037885823566164,47.05511655061913,5.982769272947031,win,0.3699572126903865,-0.0006103501547665147,1.7459152612479576,-0.12459541538184027,1.7001699049206094,-0.0012207003095339175,1,1
1743,73152975,823e2531,8,true,true,,,56.66037307878567,51.008174870221424,5.6521982085642435,win,-0.00510955566771476,-1.7763568394002505e-15,1.7460317460317443,-0.04118542610302356,1.9711040371224957,-2.6645352591003757e-15,1,1
1744,65c112b0,9467529a,7,true,true,,,55.94397082358478,48.754938960934886,7.189031862649891,win,-0.05680508007810037,0.9368342208105442,2.1428571428571432,1.1753309223244228,-0.2451088108132895,7.105427357601002e-15,1,1
1745,6d48f48b,5c392f54,9,true,true,,,56.28804742584901,49.8643883249408,6.4236591009082105,win,0.043938506932437615,-0.00907550719272976,1.9506720078892616,0.2621858112388349,1.8431117278043985,-0.018151014385456854,1,1
1746,37e6e919,c9c50f6d,11,true,true,,,58.00302085639978,53.48426653347733,4.518754322922447,win,-0.10999653077226723,-0.00013836017680279866,2.040104355013386,-1.0118888292403243,2.1175302705419083,-0.0002767203536055973,1,1
1747,66e92729,1c00649e,9,true,true,,,55.86619246198343,54.06850762651846,1.7976848354649704,win,-0.33587681984761897,-0.01089687603995948,1.751924370788105,-0.3952755157818961,0.09894418814120254,-0.021793752079917184,1,1
1748,1471d66f,9afa827d,11,true,true,,,54.305170627139034,48.547181950788314,5.75798867635072,win,0.07983986469059445,0.2577465886892183,1.929292929292922,0.8453672969600747,0.16970548948756647,4.440892098500626e-15,1,1
1749,5b5a4284,b0075a70,8,true,true,,,56.349107954987225,54.026950615042026,2.3221573399452,win,0.024927561111995455,0,1.8749999999999991,-0.7838776368002751,0.17991911577259856,0,1,1
1750,1bbe9dd1,c757c27d,6,true,true,,,58.27856229614486,54.079466699936205,4.199095596208657,win,-0.29603614905137743,1.7763568394002505e-15,2.0555555555555554,0.41560502014629996,0.3824682629851761,1.7763568394002505e-15,1,1
1751,b60b3e67,622e9dba,10,true,true,,,55.89391175074865,46.98047051082334,8.913441239925312,win,0.1306667018237695,1.7583956298916625,2.376543209876546,-0.1602044700068026,0.8612409564066592,-6.217248937900877e-15,1,1
1752,943f4589,4e6df012,11,true,true,,,57.3293894526276,50.33113129166833,6.998258160959274,win,-0.16939611490502182,-1.7763568394002505e-15,1.9848484848484818,-0.6496719517198848,3.6966457720797097,-1.7763568394002505e-15,1,1
1753,6820ac02,ed9b061d,10,true,true,,,60.59000023903627,54.91959359673277,5.670406642303504,win,-0.19892721212081277,0,1.7283950617283983,0.8322337424207031,1.2395314082652398,1.7763568394002505e-15,1,1
1754,359fbbd5,2cf27be6,10,true,true,,,58.32756789059676,53.25737194915975,5.070195941437014,win,-0.08941340698852618,1.7763568394002505e-15,0.9814814814814765,1.0335753384657966,1.3510581526677443,5.329070518200751e-15,1,1
1755,18e623f9,405d6dc3,11,true,true,,,54.563260998324495,53.120331586982246,1.4429294113422486,win,-0.254722671748814,0,1.5707070707070754,-0.6653706101118324,0.2441720131183951,3.552713678800501e-15,1,1
1756,e2bab879,3795a64b,13,true,true,,,57.05471154371581,51.7384960522297,5.316215491486112,win,-0.13530571988983264,0.00002976758118400369,1.7589721120821036,0.1994101161997941,1.6180230543282113,0.00005953516236534284,1,1
1757,d6ee3dd2,99414145,10,true,true,,,55.41307359454067,45.94924431385708,9.46382928068359,win,0.058257403042825784,1.3160258912814982,1.5723137045585691,1.1313599516038177,1.52588694436528,-0.013023606349868544,1,1
1758,17ac152e,99a5a70a,11,true,true,,,56.39118714678415,51.210842113276584,5.180345033507564,win,0.0686092792130446,0.33885694039005987,2.136363636363636,-0.39664588106216137,0.9099470687000375,0,1,1
1759,f3c66cef,41a04fc1,11,true,true,,,58.90190558156678,56.61772265869579,2.28418292287099,win,0.2524240884814599,-1.7763568394002505e-15,2.1767676767676747,0.22186332566485767,-1.8872556814204993,-1.7763568394002505e-15,1,1
1760,8548ac51,9aff959f,8,true,true,,,57.11251799690572,54.26338177671365,2.8491362201920722,win,0.04693017977578906,0.10988756518087683,1.6170634920634903,0.01645302359787415,-0.28284708450224283,0,1,1
1761,8b3401f6,25dd9b91,12,true,true,,,56.081300923987186,49.338222523592506,6.74307840039468,win,0.4093585839150724,2.6645352591003757e-15,2.0959595959596005,0.9410466057015752,0.4041234420311133,3.552713678800501e-15,1,1
1762,e6ddf4ab,c35418e3,10,true,true,,,53.28043954982746,52.73326723827328,0.5471723115541849,win,-0.08021128628293628,0,1.5432098765432123,-1.1605534894477012,-0.06285659611079275,2.6645352591003757e-15,1,1
1763,bbe86b0f,0c538af1,11,true,true,,,58.96977446174886,52.17747169908009,6.7923027626687755,win,-0.04178792429389411,-0.0021730051153276975,2.0260053377234852,-0.4798141513932501,3.068819866780972,-0.004346010230655395,1,1
1764,987015a1,575d3237,13,true,true,,,56.649426655893365,53.11971770927477,3.529708946618598,win,-0.33239900530422717,-0.001357339361783616,1.8764174921261283,0.13331852579592862,0.5368139234765881,-0.0027146787235654557,1,1
1765,8a5f6427,27298764,9,true,true,,,54.229063141870846,50.8013537924796,3.427709349391243,win,-0.24374571102591358,0.005400868372391621,1.9844400388633527,-0.386198122716479,0.7976498602139142,0.010801736744780577,1,1
1766,e9856861,c2834a6b,10,true,true,,,57.02119476386788,50.63000735355173,6.3911874103161495,win,0.6186351166268262,-0.37484035473207733,1.476166552702737,0.6813266154513906,1.5193320958965293,-0.019493164476300784,1,1
1767,de36b116,fecfd9fe,8,true,true,,,53.64032310414704,51.133885199501066,2.5064379046459777,win,-0.02311322181475073,0,1.7460317460317443,-0.7282399736692291,0.5006081038866048,0,1,1
1768,ab5db5e9,ed830fd8,13,true,true,,,56.11452867869172,53.78472945749554,2.3297992211961827,win,-0.1324986190330355,1.7763568394002505e-15,1.5028490028489996,0.14718687945921616,-0.21960182217050228,3.552713678800501e-15,1,1
1769,09d83746,d4618de2,8,true,true,,,54.91215968415236,51.566709003336896,3.3454506808154605,win,-0.1914182884807447,0,1.2797619047619033,0.18794131635616917,0.8868426396184246,0,1,1
1770,44899853,9274fd6d,9,true,true,,,52.407709521852865,50.56719709059824,1.8405124312546235,win,-0.24657146180345446,0,2.245370370370371,-0.6631667831691708,-0.37353192175230987,-8.881784197001252e-16,1,1
1771,d6da4d01,ededd920,9,true,true,,,58.392192616064435,52.45728604363382,5.934906572430613,win,0.03701417823636177,1.7763568394002505e-15,1.8981481481481488,1.3022741840558627,0.23078270466165307,5.329070518200751e-15,1,1
1772,8ea15dd2,a56a5eba,6,true,true,,,56.14686290607409,52.71768804060393,3.4291748654701593,win,0.7805816016427669,-0.7494885390763573,1.3534923215236923,-0.9566598124878105,1.8546325505786987,-0.0910927893617508,1,1
1773,7ee79471,0576acee,10,true,true,,,59.9794245826826,57.53403362170758,2.4453909609750184,win,-0.3289415884707081,0,1.2716049382716053,0.1120285102674039,0.5467703126527175,-8.881784197001252e-16,1,1
1774,3f283e21,24fc7329,10,true,true,,,53.67372042027169,53.27789900865574,0.3958214116159553,win,-0.10481994907377334,0,1.1851851851851833,-0.40701254916669427,-0.5999152532869596,0,1,1
1775,3b2a1c6c,fc479b4f,11,true,true,,,60.072156385233136,50.81470266265462,9.257453722578518,win,0.4311558288615389,-0.04613072804535712,1.793927315857049,0.7801624447653444,2.995783284201326,-0.09226145609071601,1,1
1776,303ec2e7,0fe00a37,8,true,true,,,57.926387422992974,50.51824021569507,7.408147207297901,win,0.3200790842296237,-0.007805143164869577,1.6693926588892296,1.677553296300327,0.7232621956909577,-0.015610286329738265,1,1
1777,3f949913,92a728a4,8,true,true,,,58.21084701228564,54.720136783289576,3.4907102289960648,win,-0.2563439318447882,-3.552713678800501e-15,2.5297619047619087,0.25659950260636766,-0.6484926931188042,-4.440892098500626e-15,1,1
1778,5f780f34,2352506c,10,true,true,,,56.21014062492331,47.65290794557758,8.55723267934573,win,0.49791748181577566,1.6738428657028832,1.018518518518527,1.3216151457400214,0.06725411772894674,7.105427357601002e-15,1,1
1779,e5c8e4c9,eee919ae,8,true,true,,,53.146872726478136,46.6261464402817,6.520726286196435,win,0.15257568348811956,-1.7763568394002505e-15,2.0833333333333304,-0.12309705084935718,2.0123454446177207,-2.6645352591003757e-15,1,1
1780,7ddcb501,cfeb0c5b,9,true,true,,,53.632971267783425,53.190055672585395,0.4429155951980306,win,-0.22212184628364318,0,2.106481481481481,-0.26682301819548826,-1.772723429026347,-8.881784197001252e-16,1,1
1781,4dc2f86d,448825f0,7,true,true,,,57.96191181167798,52.87543686096994,5.086474950708038,win,0.10563228202906672,0,1.5608465608465645,0.6469436609605639,0.7489940856531341,0,1,1
1782,6e0d4242,a2cc9a88,11,true,true,,,56.701998313232245,51.9340027673657,4.7679955458665475,win,0.1125258377677687,-0.035908333471816434,1.1894080241553695,1.4881800824166964,0.05007612830772423,-0.07181666694363464,1,1
1783,07b52ed0,2bce2245,12,true,true,,,55.78991364878033,50.60479979163131,5.18511385714902,win,-0.059519870026333965,-0.012415782352614535,2.081389294761344,0.051229537106323164,1.1860598755654674,-0.02483156470522907,1,1
1784,09904e79,c83076cd,11,true,true,,,58.86633959877816,53.41824717652898,5.448092422249182,win,0.32571149019050094,0,0.9090909090909056,0.8249852197860008,1.2998640961823495,-1.7763568394002505e-15,1,1
1785,d82b750b,e78fa300,10,true,true,,,57.425711108593006,53.59063293668976,3.8350781719032483,win,0.09652186344942182,-0.005351570185245791,1.4724028918489305,-1.1121989919471815,2.158538451202868,-0.010703140370491582,1,1
1786,992436e7,68087674,8,true,true,,,58.858043924550245,52.323786035571864,6.534257888978381,win,0.17531304993475283,-1.7763568394002505e-15,1.7460317460317452,0.5100987809342756,1.6428391959656974,0,1,1
1787,47e9d2fd,5c4ff688,12,true,true,,,57.20571138603668,52.65839250256256,4.547318883474119,win,0.10547172222932044,0.0006957984278965768,1.400502769211596,0.24845543381990254,1.0547092457160288,0.0013915968557913772,1,1
1788,933d9f48,a34e266a,11,true,true,,,56.05822088726065,51.82527950651141,4.232941380749246,win,0.26074569129178515,1.7763568394002505e-15,1.212121212121203,0.5831969858134389,0.3949720349805528,5.329070518200751e-15,1,1
1789,55a9ac18,3fa3b586,10,true,true,,,55.127631659917675,50.710276983919144,4.417354675998531,win,0.2270706693719975,0,2.3518518518518468,-0.04260008245840918,-0.14798747468388207,-2.6645352591003757e-15,1,1
1790,67953edc,05f165b4,12,true,true,,,58.79781142137374,54.38417477998439,4.4136366413893455,win,0.09196731565518146,0,1.906565656565661,0.45417268304735803,0.04714522571995605,0,1,1
1791,f33e9cef,7f9b73db,11,true,true,,,55.99071418323967,51.423901840356045,4.5668123428836225,win,0.14372465594775297,0,1.419191919191916,0.6370432403742168,0.49700822119280996,-1.7763568394002505e-15,1,1
1792,dc88bf05,3e201d3e,12,true,true,,,56.11573865434032,52.805825813600215,3.309912840740104,win,-0.12531587661892107,0,2.159090909090909,-0.0069798780130057025,-0.17876860635166647,0,1,1
1793,06f13532,0379879d,8,true,true,,,56.94959327328103,51.33431622309701,5.6152770501840195,win,-0.03897115556745567,-6.29141467811678e-7,2.0321653789010954,0.4354011542604139,1.0226063196478625,-0.0000012582829373997129,1,1
1794,44efa1c0,1b86044d,9,true,true,,,54.18920152151345,47.17798831635193,7.011213205161525,win,0.42865534739235933,0.4088182344232649,1.9554930352745075,0.2956510746900314,0.9538690828537617,0,1,1
1795,fa3f4f3c,01e8c1ea,9,true,true,,,52.520414643664694,49.92132369441798,2.5990909492467154,win,0.467347930415247,-0.0014318833698538924,1.1113510415454364,-0.8793714304338174,0.7921135440008698,-0.0028637667397068967,1,1
1796,0b2fc610,7f4bea6a,8,true,true,,,55.9912346822596,52.41944764211084,3.571787040148763,win,0.5541748879100803,0.8787730708897472,1.09110227058566,-0.05690070245254386,-0.9061250364311997,-0.05399500314291128,1,1
1797,50fd4a89,447eb999,10,true,true,,,55.601967204941324,52.12635303854253,3.475614166398792,win,-0.10908435894948809,-1.7763568394002505e-15,1.8518518518518468,0.28007832538832567,-0.03071581948963864,-2.6645352591003757e-15,1,1
1798,a2170a7a,66b6511b,6,true,true,,,58.94532807420192,52.955552744447104,5.9897753297548135,win,-0.2180780286551216,0,1.1111111111111152,1.866409208055856,1.0413018868566812,-3.552713678800501e-15,1,1
1799,d89d6700,0923bf8d,11,true,true,,,58.63101814525555,52.1143983061495,6.516619839106049,win,0.20732808924459745,0,1.6111111111111134,-0.2566354737679255,2.7145642579836275,0,1,1
1800,be634cf7,7cbd4585,8,true,true,,,54.561483106587325,45.961939372169354,8.59954373441797,win,0.16607916973653714,1.1973089939751462,1.804004350355358,0.1448671171230398,1.8430795417370973,-0.07014250443312164,1,1
1801,f2b7f518,4e24172e,9,true,true,,,57.6640273783131,53.160314551541376,4.503712826771725,win,-0.3864418016995126,0.35033959720038865,1.4351851851851833,0.6764357482988972,0.7372199614901964,0,1,1
1802,2a3da51e,d10b5ea3,9,true,true,,,58.84549546279957,52.82559483526781,6.0199006275317615,win,-0.12306874191891959,-1.7763568394002505e-15,1.759259259259264,0.01324477687940373,2.3578050570687648,-1.7763568394002505e-15,1,1
1803,9e64d30f,ffb99560,12,true,true,,,57.4349764442339,52.41780040607708,5.017176038156819,win,0.04894119372109218,-1.7763568394002505e-15,1.6666666666666607,0.39724029258806226,0.9625407844585157,-5.329070518200751e-15,1,1
1804,a747f549,5cec5577,7,true,true,,,55.90014678002088,47.644041310293765,8.256105469727117,win,0.08657884956136197,0.676894051981634,1.5608465608465618,0.8404678807560995,1.9007263429800663,2.6645352591003757e-15,1,1
1805,0f7d31f4,959e2134,8,true,true,,,56.15539237149741,50.860805746324786,5.294586625172627,win,0.23828352512972728,-0.0009609754348609556,1.9544245463859369,0.18887338508299578,0.7346925600995169,-0.0019219508697192467,1,1
1806,c40cf78c,81812ba5,10,true,true,,,56.009441917129024,51.049070049440544,4.96037186768848,win,-0.11408259045326652,0.2789864719284605,1.1213249158384535,0.538783525689186,1.3242640819068239,-0.0012087108983971362,1,1
1807,cb382aa2,b7952231,6,true,true,,,60.47163793509151,55.41610202961862,5.055535905472887,win,0.4297861876452296,0,1.4444444444444366,0.6982754698107927,0.276571353173221,-1.7763568394002505e-15,1,1
1808,41534d8f,97b36a78,5,true,true,,,56.47437307220906,39.276366252022996,17.198006820186066,win,-0.6110319797553334,6.955914370304141,1.5816700471663303,1.3168247601288927,-0.2697170229900534,-0.002916174378586156,1,1
1809,598a5380,d1c953ea,10,true,true,,,55.60261383886932,50.30591380731609,5.296700031553229,win,-0.024956694770564836,0.000024431591512552586,1.7899892941900832,0.40778463682417065,1.1176630318909941,0.00004886318302599335,1,1
1810,69596c18,9357c1d5,12,true,true,,,55.72960502224886,53.316486001848745,2.413119020400117,win,0.014700735632832806,8.881784197001252e-16,1.9570707070707183,-0.7512120602658978,0.11492550515010347,1.7763568394002505e-15,1,1
1811,ec572e38,d31ab238,8,true,true,,,59.037766354447825,51.901961354352686,7.135805000095139,win,-0.06800813283091434,0.0008351589797239711,2.1799007266313133,-0.7734415913844099,3.522962848239141,0.0016703179594506068,1,1
1812,05c27f1d,bbf930ab,8,true,true,,,54.16879364284337,50.8350662938257,3.3337273490176713,win,0.1859475521631786,-1.7763568394002505e-15,1.3789682539682557,-0.37175588193823295,0.816453438623066,-2.6645352591003757e-15,1,1
1813,d9455081,31189b94,12,true,true,,,60.04528012710139,55.51605173800013,4.529228389101263,win,0.09665045091383306,0,1.5782828282828305,0.32636838590368455,0.7234996202128396,0,1,1
1814,f4529d35,29e378cc,11,true,true,,,57.38456292797052,54.109513340579525,3.2750495873909955,win,-0.01535958554176875,0,1.5303030303030276,-0.2698782292332442,0.7788302459170362,3.552713678800501e-15,1,1
1815,fecf385e,49af54ec,9,true,true,,,56.825782730447244,51.71654540062157,5.109237329825675,win,0.11357779069133356,0,2.31481481481482,-0.13051875894867848,0.7193603751497726,5.329070518200751e-15,1,1
1816,12ea2272,7a2a4e46,8,true,true,,,58.78853772134548,49.91696585152124,8.871571869824237,win,0.03901880747736808,0.4111076264221847,1.6369047619047592,0.5272431296839413,3.130392522294677,4.440892098500626e-15,1,1
1817,9fb1989d,fa039ec7,11,true,true,,,56.45195542280709,51.6626643631248,4.7892910596822915,win,0.11320903375747315,-0.007921040762177256,1.4054595058152497,0.07210848446903206,1.4629680807791647,-0.015842081524353624,1,1
1818,892c60e4,d4a76d58,11,true,true,,,52.97389876129423,52.03137024155481,0.9425285197394189,win,0.09119849830087667,-0.000022664635623392826,1.5152612532835237,-0.12058917133691782,-1.3146449869969157,-0.00004532927124767383,1,1
1819,27c708bc,6c3d86b3,13,true,true,,,58.34198915687501,51.96726612468851,6.374723032186502,win,0.3943234718760342,0,1.6310541310541335,-0.38276603319808,2.427555187771909,0,1,1
1820,d4b466b5,e8935fc5,11,true,true,,,58.035018871765274,53.32375136560497,4.711267506160304,win,-0.08508376658957806,0,2.010101010101005,-1.1369877124244372,2.416356867665395,2.6645352591003757e-15,1,1
1821,8e29c181,6bdc5d6c,13,true,true,,,56.174998521071544,50.76649560431255,5.408502916758991,win,-0.06436114745348709,0,1.8518518518518503,0.9988295436672718,0.4459730346051618,8.881784197001252e-16,1,1
1822,7f9bd215,c36dfd70,11,true,true,,,57.09104483877254,52.6234213786448,4.46762346012774,win,0.36958959699515925,0.9892660386456829,1.595959595959597,-1.2567910353489467,0.6938785417087416,-8.881784197001252e-16,1,1
1823,6fcf4994,83a3dbff,9,true,true,,,59.213541057111115,55.27791348798392,3.935627569127192,win,0.03349152657992738,0,1.3657407407407396,0.049276865732251984,1.0133177293925524,0,1,1
1824,c5e9d973,c0061ada,8,true,true,,,58.77935591399516,51.81506729539777,6.964288618597394,win,0.06872729856044879,0,1.8749999999999973,1.9445838478628152,0.1779411565187896,-3.552713678800501e-15,1,1
1825,7168a150,0af853d9,11,true,true,,,55.09418525571039,50.52058887884074,4.573596376869652,win,0.13669185663559524,-0.009736598764253479,1.7403562240753976,0.13336617995488353,0.7444046275082075,-0.019473197528506958,1,1
1826,90a08e7d,777dafb9,11,true,true,,,56.05285952194336,49.36965572609262,6.683203795850744,win,0.1545363121507335,0.9853509358306987,1.474747474747474,0.0713902004685334,1.2212482059751455,2.6645352591003757e-15,1,1
1827,91074418,8d24cdd7,8,true,true,,,61.786918868135324,56.45897674590573,5.327942122229594,win,0.24547035391955552,-0.048428063704275104,1.9427007385382797,-1.0273855221806647,2.426087777593878,-0.09685612740855021,1,1
1828,5b05d548,66b07dfb,8,true,true,,,57.72942718085726,53.041230891246194,4.688196289611064,win,0.19679962098551274,1.1740045701989974,1.3293650793650844,-1.3076785432096827,1.2892524001259353,1.7763568394002505e-15,1,1
1829,dd45859a,20c73662,10,true,true,,,56.1659891131992,54.04537051695824,2.120618596240959,win,0.49313539702500386,-1.7763568394002505e-15,1.6234567901234556,0.13666743523708025,-1.566871728738569,-8.881784197001252e-16,1,1
1830,a096bfc7,b01f9e63,7,true,true,,,53.59307214091233,48.42977473494619,5.163297405966134,win,-0.010024479132084263,0.28685462777511184,1.9973544973544968,-0.48762014503643236,1.4052844295216214,0,1,1
1831,ca0c071e,90eff117,13,true,true,,,56.764473234647014,54.26620947410101,2.4982637605460027,win,0.08507285027070899,1.7763568394002505e-15,1.410256410256415,-0.6490165011151809,0.6628384826770688,6.217248937900877e-15,1,1
1832,9af81c28,7be371a9,11,true,true,,,59.80168730135473,45.85011373222215,13.951573569132584,win,0.5427944493779111,1.79856354931173,2.2236361887358163,0.5360792691261409,3.251144737426581,-0.033219517640024065,1,1
1833,ac8aec51,74ef3f37,12,true,true,,,54.91035133131997,51.334999915935704,3.5753514153842687,win,0.2267930871805648,0,1.628787878787879,-0.1434370871290147,0.31110427009801356,4.440892098500626e-16,1,1
1834,28312a92,5c6bc2bc,11,true,true,,,59.6390108953533,52.632188034849904,7.006822860503398,win,0.2900857036142179,0,1.9292929292929317,-0.5417669919817225,2.876459140273772,0,1,1
1835,8dc9316d,a94a9d76,12,true,true,,,56.641627639016086,50.23640050104852,6.4052271379675645,win,-0.17607151282196232,0.000001924566911171155,2.133833775958836,0.2921963448432052,1.8870099688124284,0.000003849133824118667,1,1
1836,c3ce507f,798f8bed,8,true,true,,,54.96610426636336,52.06091996514276,2.9051843012206007,win,-0.205396675928478,0,1.4285714285714182,-0.295763996032016,0.9861591094077014,0,1,1
1837,655be48f,9cb00306,9,true,true,,,53.45346337628635,50.05385486619316,3.399608510093188,win,-0.136070424571185,0.3504684696812097,1.412002356446811,-1.0041561113380197,1.626051446171882,-0.0036511954600513263,1,1
1838,a1c52407,a19018bc,8,true,true,,,55.417134805908574,54.16060438008038,1.2565304258281955,win,-0.11553274738403063,0,1.1210317460317416,-0.7761236185072367,0.6103979267695907,-8.881784197001252e-16,1,1
1839,3bf5a297,55ee567e,9,true,true,,,58.51817928872663,56.40363432372429,2.114544965002338,win,-0.8944538076882833,0,2.060185185185185,0.48769269277351857,-0.2798643763149302,1.7763568394002505e-15,1,1
1840,2733cb89,1f90abd9,12,true,true,,,56.48141349149286,51.09869221519234,5.382721276300522,win,-0.011117635742387444,3.552713678800501e-15,2.045454545454546,0.8689968435248048,0.24205156845062348,7.105427357601002e-15,1,1
1841,c791aad2,f740ac46,10,true,true,,,55.90520298078221,51.97482049031188,3.930382490470329,win,0.08915132158492467,1.7763568394002505e-15,1.9567901234567868,-0.8901115456629984,1.3027872660142306,8.881784197001252e-16,1,1
1842,7bf6f5fc,8d844a7e,10,true,true,,,54.57699357164505,47.70343267893165,6.8735608927133995,win,0.18715758219223622,0.2817780589504135,1.6228781231299854,0.25837068661886065,1.937605445119643,-0.0051093645922204445,1,1
1843,8682bee2,f3b0287c,10,true,true,,,56.115989647658225,51.075324357304055,5.04066529035417,win,-0.015694594682415852,1.7763568394002505e-15,2.5185185185185177,-0.46909226651203273,1.0349972673516667,0,1,1
1844,dd1574ff,575c570a,10,true,true,,,55.10713453715744,48.8884419539903,6.21869258316714,win,0.12663552781738296,-0.04271330056098499,2.6079081744368446,-0.009016464278568392,1.1151598071284257,-0.08542660112197265,1,1
1845,b563600c,cb65985e,12,true,true,,,52.82744705156756,49.375670736144535,3.451776315423025,win,0.26710790438003174,-0.018506084030510905,1.7507572202529467,-0.8780271189497517,0.9623615863753479,-0.03701216806102359,1,1
1846,4c2a23ff,f0086502,10,true,true,,,56.12466374760166,51.49202688299812,4.6326368646035405,win,-0.17675706662859758,0.00010391622662453415,2.3951039234540135,1.5237018133813613,-1.3293381538449331,0.00020783245324818012,1,1
1847,67f83f26,610e8422,9,true,true,,,56.75600721970827,55.77569197952318,0.9803152401850923,win,-0.13032855134480625,8.881784197001252e-16,1.1574074074074048,0.5199490599697372,-1.2406955191252216,3.552713678800501e-15,1,1
1848,82ba656c,843d6267,10,true,true,,,61.10635720263646,53.561868084853835,7.544489117782625,win,0.013687742347357812,0,1.438271604938273,0.7346703191369892,2.799520562252442,-8.881784197001252e-16,1,1
1849,81ff1716,26359e82,13,true,true,,,53.57611737425499,49.723360334331026,3.852757039923965,win,-0.12197935270015625,0,2.1794871794871797,0.8017960634282613,-0.8153612841583282,-1.7763568394002505e-15,1,1
1850,99e9756a,48c5ce2f,12,true,true,,,56.83204420179132,52.80749996072771,4.024544241063609,win,-0.04115190350381748,-0.00015679518022793104,1.2498766192217872,0.21964958275945357,1.1464009347663824,-0.0003135903604585266,1,1
1851,8ccd5b26,7572638b,11,true,true,,,60.131572106348976,51.84138799685121,8.290184109497766,win,0.0923005794768943,0,2.4393939393939412,0.42905844600127896,2.274955472968321,0,1,1
1852,71b5c80e,9dc4f144,9,true,true,,,60.14878773978144,58.0016998383417,2.1470879014397397,win,0.05152659823952721,1.7763568394002505e-15,1.48148148148148,-0.4195837486006049,0.07360930612270078,6.217248937900877e-15,1,1
1853,0114cfba,4d68d535,10,true,true,,,52.79336451718554,47.0297436900239,5.763620827161638,win,0.09152389437526387,-0.0007469046127255297,1.938305768982807,0.046132708474708295,1.5303429326801696,-0.0014938092254483948,1,1
1854,f7d8bc22,87f23674,9,true,true,,,52.60895805751491,52.10152704699523,0.5074310105196815,win,0.23703304187584084,0,1.4351851851851816,-0.21634543240007886,-1.6576302683167805,0,1,1
1855,02ba98d3,edc946a9,6,true,true,,,59.48039342194096,56.526323661475466,2.9540697604654937,win,-0.4050946949669374,0,1.8333333333333321,-1.2692423481397697,2.0328186360242766,2.6645352591003757e-15,1,1
1856,c3b14a73,61cb4bb6,8,true,true,,,54.770181973518184,53.34765549130743,1.4225264822107562,win,-0.11143047768733583,-0.0038823172008184414,2.291731634477787,-1.690562437218479,0.3218201432921237,-0.007764634401637771,1,1
1857,92eee218,a79ad065,12,true,true,,,58.6231236296996,55.678370218497776,2.944753411201823,win,-0.22895632616975403,1.7763568394002505e-15,1.4393939393939412,0.8898365245609403,-0.44132863954213875,1.7763568394002505e-15,1,1
1858,6b41932d,24d745dc,7,true,true,,,49.784884313715295,47.030446269544456,2.75443804417084,win,0.0572623003642132,0.7384516069184013,1.1375661375661386,-1.1057441650647712,0.7281393117196071,3.552713678800501e-15,1,1
1859,127be79c,cbd87c5b,7,true,true,,,56.930572072238625,50.128889527734835,6.801682544503791,win,0.3855473655816457,-0.11386072265542957,1.3269009926806996,1.0376971239394743,1.563151321226306,0,1,1
1860,172d45a7,fc1ce0fd,9,true,true,,,55.906481183914835,53.03569487516591,2.870786308748926,win,0.11002175729217933,1.7763568394002505e-15,1.597222222222233,-0.1217163171696587,-0.0077640970928607445,3.552713678800501e-15,1,1
1861,9ad5b566,19773558,7,true,true,,,55.58183115266491,53.681209727950076,1.900621424714835,win,0.311044128023636,-0.4020358625418652,1.8518518518518547,-0.7595606400223147,-0.009572020131718872,1.3322676295501878e-14,1,1
1862,e66eed3a,5ccd74ac,10,true,true,,,55.682666371473374,50.494775000462504,5.1878913710108705,win,-0.15458945402907132,0.3433947861170257,1.6049382716049312,0.6370762864307613,0.6972123856193688,0,1,1
1863,9d322217,d03feab6,10,true,true,,,56.91235114793053,53.13295784755007,3.7793933003804625,win,-0.30688692643574456,0,1.3333333333333348,0.907737564201347,0.43357345298212024,0,1,1
1864,e0ce3134,29375ec7,6,true,true,,,57.12948999662488,53.544607185808914,3.5848828108159694,win,0.1454076785135201,0.44605796713790724,2.833333333333332,0.25098267163810295,-2.3142770907761445,-7.105427357601002e-15,1,1
1865,e4d1847a,73ed01d5,12,true,true,,,59.841837461880516,54.662468807309736,5.17936865457078,win,0.23082924545522365,0,1.6919191919191947,-0.3474502058917528,1.6782315833084782,-8.881784197001252e-16,1,1
1866,3cda6476,bef72593,9,true,true,,,52.95423481741622,47.18062062440111,5.7736141930151135,win,-0.5479228550377391,1.760348833938747,1.8981481481481381,-0.4595538116659803,0.6464702193010696,2.6645352591003757e-15,1,1
1867,9c4dba72,03cedfb8,10,true,true,,,57.067953815500736,54.059502097367734,3.008451718133003,win,-0.3827513064123833,0,1.9567901234567886,0.5279409767919789,-0.3747220863119738,8.881784197001252e-16,1,1
1868,0f5d58f6,471d32bf,6,true,true,,,54.58051449000578,50.71290448451269,3.8676100054930913,win,-0.013964958544863126,-1.7763568394002505e-15,1.4999999999999982,0.8794026543820816,-0.17527088294967808,0,1,1
1869,3fcae415,ceaf3b84,7,true,true,,,54.7506448391664,52.073791404337975,2.6768534348284234,win,0.39745055134249974,-0.005600515650424853,1.8555972157765872,-0.8264427276277777,-0.07905217399897957,-0.011201031300849706,1,1
1870,dba270e4,b3348b0d,10,true,true,,,52.98724612340158,49.06466370523887,3.922582418162712,win,-0.10494247581157623,0.00012629614993553417,1.852156219100828,0.13790541520289246,0.4745386570534631,0.0002525922998737329,1,1
1871,3c4b42f8,c3432127,10,true,true,,,55.549974284676665,53.293401469714226,2.256572814962439,win,0.09610726522875845,-0.26615684464259637,2.2284399294812935,-1.126091031773388,0.3689170890588551,-0.0014272477947301354,1,1
1872,5d912886,fb763185,11,true,true,,,56.86272170921727,50.762112452136606,6.100609257080663,win,-0.16139981941332504,1.7763568394002505e-15,1.6262626262626263,0.1721679707452548,2.460896510050971,2.6645352591003757e-15,1,1
1873,fdcedb54,5063dde8,9,true,true,,,58.128469741823125,51.67249428031706,6.455975461506064,win,0.3879275826127022,1.7763568394002505e-15,2.0833333333333357,-0.6465170299906502,2.22580413481891,2.6645352591003757e-15,1,1
1874,d6a95260,3e17a73c,9,true,true,,,56.52602306995129,55.159329068164816,1.3666940017864775,win,-0.01568083323630831,-1.7763568394002505e-15,1.6898148148148104,-0.43650584703372175,-0.6562988875605535,-3.552713678800501e-15,1,1
1875,ec576622,4883c672,10,true,true,,,57.03653111840866,51.51298883172419,5.523542286684467,win,-0.06142640051900883,-0.00007735754234339254,1.4568140369506501,0.6021758007120219,1.5501276550145047,-0.00015471508468234418,1,1
1876,73c79a86,53260637,11,true,true,,,57.498069293385115,51.71072704794973,5.787342245435383,win,0.19404250769905707,0.0025277106834069585,1.7732413778773886,-0.5629648039375219,2.3489035402799328,0.005055421366812141,1,1
1877,d7ff51d0,31af4b93,9,true,true,,,56.441664794260014,51.61614490025314,4.825519894006874,win,0.08565988619127385,0,1.550925925925923,-0.0727517607951329,1.4994119099457253,1.7763568394002505e-15,1,1
1878,1efaa2c5,e64ca32e,11,true,true,,,55.38288558264653,52.74921177609319,2.6336738065533396,win,-0.3325045836108034,1.7763568394002505e-15,1.8181818181818228,0.13707718847026484,-0.06615924889725466,8.881784197001252e-16,1,1
1879,1d7a23b0,7ddd3b03,11,true,true,,,54.88821075475441,51.210686047750386,3.677524707004025,win,-0.0860494975329702,3.552713678800501e-15,1.7373737373737423,0.9709092821155991,-0.6285755596681932,7.105427357601002e-15,1,1
1880,8cb1188c,fdda092d,10,true,true,,,56.919545055518526,48.211818623933304,8.707726431585222,win,0.35385192048793246,1.2750598537926843,1.3311571819060406,0.8169464796488697,1.234034195770323,-0.0021889275815123455,1,1
1881,f08a2846,cff45740,11,true,true,,,57.126273070170186,53.55244812097298,3.5738249491972027,win,-0.37680243130749047,0,2.247474747474742,-0.775995637730051,1.2817343146066165,0,1,1
1882,f9ccc464,226cc957,7,true,true,,,54.717452100452455,47.8642495992019,6.853202501250557,win,0.261080028752426,-0.4549050081738848,1.521164021164024,1.1008508587894044,1.9828437385725786,1.7763568394002505e-15,1,1
1883,b1d8b8ea,73d9d4af,9,true,true,,,56.837261212206876,49.37888844479167,7.458372767415206,win,-0.014771053798201983,0.7822825400811215,1.6666666666666687,0.8147295162616102,1.2043400708874978,-3.552713678800501e-15,1,1
1884,9d15f912,b657fd1c,7,true,true,,,53.35706906961609,53.88578755373412,-0.5287184841180306,reversal,-0.5319701370342922,0.2880438901883853,1.666666666666667,0.10569906906486892,-2.29633386186725,8.881784197001252e-16,-1,-1
1885,eee138aa,ce2262c8,8,true,true,,,55.410646255119254,48.75229500124823,6.658351253871025,win,-0.2876276133351361,0.30048975662274646,1.6170545193616626,1.4574346380526002,1.044545817200551,-0.000004861627743046881,1,1
1886,d7542c80,2853153e,7,true,true,,,56.1819592852121,49.30898617356068,6.872973111651419,win,0.21936195349463317,0.811393045386124,1.521619004869847,0.08075248774703603,1.4416297861177538,0.0008550322759637297,1,1
1887,1d9e41ed,92a4eb04,6,true,true,,,56.112510441980234,51.95774040404436,4.154770037935876,win,-0.3697747870139092,0,1.3888888888888875,0.8081242860205329,0.8703616307642399,-1.7763568394002505e-15,1,1
1888,90276e71,29d5ad6b,9,true,true,,,57.33486967976444,55.410500163597135,1.9243695161673031,win,-0.22961173159933068,-1.7763568394002505e-15,1.2037037037037113,0.33559919878453925,-0.19847391362791544,-3.552713678800501e-15,1,1
1889,d044e179,086d24be,7,true,true,,,54.20000660227251,51.21202345356238,2.9879831487101285,win,0.15533931349465524,0,2.328042328042332,-1.6836519467597952,0.9825970017681418,0,1,1
1890,36203a96,0781c2e7,9,true,true,,,54.13866295740765,50.805441017271136,3.333221940136511,win,0.061656641524340694,0,1.9907407407407405,0.5292229084914215,-0.918694237373451,-2.6645352591003757e-15,1,1
1891,afe2f386,678454ee,6,true,true,,,59.26317328387222,53.01527811788584,6.247895165986378,win,0.32686270035193044,0.9467386374496298,1.6666666666666679,-0.5370582379591378,1.1701428262888278,8.881784197001252e-16,1,1
1892,5e8a79cc,895c5fb0,8,true,true,,,54.76068320307283,52.54540483754758,2.2152783655252506,win,0.37640741062391614,-8.881784197001252e-16,1.7460317460317478,-1.4529749663661393,0.5222894696860951,0,1,1
1893,062d5103,95c9af18,10,true,true,,,54.77944617217115,50.243665391327255,4.5357807808438935,win,0.1524146712381973,0,1.7283950617283939,-0.43117528844274666,1.3822534951514927,8.881784197001252e-16,1,1
1894,c08554d6,75f032c5,9,true,true,,,54.959454375096456,52.918481591332984,2.040972783763472,win,0.1920244659111281,0.34016305319109374,0.9953703703703649,-0.22827802384636708,-0.34136873250177135,-6.217248937900877e-15,1,1
1895,5ae3af5b,28bac147,12,true,true,,,55.02515892694337,48.5819208718998,6.443238055043572,win,0.17360260394451688,-0.05132185975437231,1.8571515475965379,1.215698371566198,0.7012314193851417,-0.10264371950874684,1,1
1896,1e2574e9,53297be7,11,true,true,,,55.257794299117215,47.98817746124962,7.269616837867595,win,0.11264073958994159,1.3964717567986957,1.873845128589247,-0.24259774351634178,0.9750325584847683,-0.0006334977630171323,1,1
1897,b6db1e57,c1ff9c3c,8,true,true,,,58.09216019591531,51.203490349413094,6.888669846502218,win,-0.0966322782288116,0.35437333218652434,2.033730158730169,1.2100103119897963,0.5718430820174172,2.6645352591003757e-15,1,1
1898,31cb543b,ad71530d,10,true,true,,,56.59389696914101,50.62418480731949,5.969712161821519,win,0.1704992043962732,0.2869955195484408,2.1049382716049374,0.1834193715605963,0.7267669247923569,1.7763568394002505e-15,1,1
1899,091b461b,689cb95b,8,true,true,,,55.82966042401193,52.42419328348096,3.405467140530966,win,-0.01564494778704839,0,2.291666666666667,-0.8636002419874158,0.6041200153053641,-3.552713678800501e-15,1,1
1900,a47fdfbc,c62c570f,7,true,true,,,57.63896191844072,54.57767926773384,3.061282650706879,win,-0.5427328697801466,0,1.666666666666666,0.2835189026541247,0.6238959204571977,0,1,1
1901,9a15ef58,0561a001,10,true,true,,,57.23894726598252,54.920380080486915,2.3185671854956027,win,0.17157571091004997,0,2.0802469135802495,-1.1602520043376057,0.1296183249199574,0,1,1
1902,83dfe26c,91d7cd9f,9,true,true,,,55.93770698611693,50.36016909917044,5.577537886946487,win,-0.2187757946072857,-0.0004679472653066341,2.4313478152790777,0.3245828342603989,0.9016579514869871,-0.0009358945306132682,1,1
1903,ae2d8612,1e167654,8,true,true,,,55.328369463439046,52.27551527191385,3.052854191525199,win,-0.21685913406693658,-8.881784197001252e-16,1.4880952380952381,0.34193656108797654,0.23952484826850373,0,1,1
1904,5d7616c2,eeb3c07f,9,true,true,,,53.72400192092522,48.245806151324715,5.478195769600504,win,0.33430219561673713,-0.03995024447529083,1.6470972981492542,0.06525040465648946,1.3936344979120712,-0.07990048895058166,1,1
1905,eef71c0b,fc08ba16,13,true,true,,,57.86076028122622,49.796528782283744,8.064231498942476,win,0.34589123397295096,0.31869580066364556,2.3076923076923173,0.8594366477120179,0.8424256466933606,-3.552713678800501e-15,1,1
1906,b57c2719,15155178,10,true,true,,,55.91400306194145,51.313979172046615,4.600023889894835,win,-0.35374491120628715,2.6645352591003757e-15,1.938271604938274,0.4120668049590943,0.9401471233150387,8.881784197001252e-16,1,1
1907,17cd17bb,5fa0e895,10,true,true,,,57.92504042874555,55.12751732226035,2.797523106485194,win,0.20636049876093931,0,1.4999999999999973,-0.18480636317424715,-0.014783880769859259,-1.7763568394002505e-15,1,1
1908,5f814f39,47aa3f9c,13,true,true,,,53.678240226669885,49.75004319759988,3.928197029070006,win,0.05140880238583212,-0.005395596660520141,1.3181981624846433,-0.15751468524133472,1.3159490310464914,-0.010791193321037618,1,1
1909,2981fc4d,ae9147e0,8,true,true,,,58.86510254877227,54.01879940133603,4.846303147436238,win,0.03897893202912517,0,1.9047619047619042,0.4103925342368395,0.5170892663833815,2.6645352591003757e-15,1,1
1910,131f24c0,4aeece6f,10,true,true,,,59.660582976456396,52.78199796297965,6.878585013476744,win,0.5572258760526605,0.29351734746500213,1.6049382716049347,0.09584464436518125,1.5302294445592257,2.6645352591003757e-15,1,1
1911,c7b5cc06,d389d8ea,11,true,true,,,53.917814743529505,50.950904888363276,2.9669098551662287,win,0.160899213495026,0,1.7222222222222223,-1.05130958014405,0.9748577144333987,0,1,1
1912,068c2499,64fa08f9,10,true,true,,,60.87413065158643,52.68937156024593,8.184759091340496,win,0.07303011891119615,0.19830009299597595,1.2861867706051298,0.6975971901058253,3.167947371900317,-0.04727631935115184,1,1
1913,e3992c29,f7e0f300,10,true,true,,,55.413896222259815,50.66182718276803,4.752069039491786,win,-0.18606638057340796,0,2.518518518518518,0.2931990157542508,0.14963895285700612,3.552713678800501e-15,1,1
1914,c4e0c849,349f2a19,10,true,true,,,58.271273196991686,53.75986046772795,4.511412729263739,win,-0.009523629407432566,0,1.3333333333333286,-1.2469613026323723,3.180356113139549,2.6645352591003757e-15,1,1
1915,7f8a3b88,12cabced,12,true,true,,,55.71494438927344,51.68646544192402,4.02847894734942,win,0.03876516126228835,0,1.679292929292929,0.5333882242990198,0.05095808897723497,8.881784197001252e-16,1,1
1916,bbced8dc,6055f370,12,true,true,,,59.59947281420292,51.647792141171884,7.951680673031035,win,0.01353532554490311,0,1.6666666666666679,1.975011979488638,1.2502144322820836,0,1,1
1917,6128ac94,ecdaa9fa,10,true,true,,,56.755139398939846,48.4377160585176,8.317423340422245,win,-0.02662869474046614,1.3222934691811687,1.9423484360936358,1.26931948778281,0.11678744003402475,0.007698326522220356,1,1
1918,3c257dbb,5bdb6ade,9,true,true,,,57.383018460380825,51.943376371774974,5.439642088605851,win,0.1272483500125452,0,1.4351851851851913,1.3232051225712125,0.30006433297254276,-2.6645352591003757e-15,1,1
1919,14c580bf,dfe15980,10,true,true,,,54.69319992633138,48.938592118407186,5.754607807924195,win,0.0005309214296320697,1.4306934772471624,1.7283950617284,-0.4526432448854223,0.43030807815859706,0,1,1
1920,989d8cc6,7521fe82,9,true,true,,,58.36028027003066,50.91086637656212,7.449413893468538,win,0.002761869811800599,-8.881784197001252e-16,1.4120370370370354,0.2944670656040307,3.331657422360653,-2.6645352591003757e-15,1,1
1921,1692b3aa,19ad171d,12,true,true,,,58.05194786203848,50.49836316108198,7.553584700956499,win,0.19733888908153796,-0.006495739463143302,2.284822134657378,0.10379484448569265,2.179604527153953,-0.01299147892628838,1,1
1922,61f780ac,42411402,6,true,true,,,58.3607356620052,53.36433540000834,4.996400261996854,win,-0.4413030110519367,0,1.444444444444442,-0.01902015454888062,2.5806544821777173,8.881784197001252e-16,1,1
1923,b50482c8,399ba3c3,11,true,true,,,56.29422797114029,49.86021515145751,6.434012819682778,win,0.31765476063927434,0.31481007282828877,1.2216135111803172,0.557933435877743,1.6086295838890234,-0.14799265225212554,1,1
1924,f1da60a5,1157169f,7,true,true,,,55.81221916771316,49.89262140052279,5.919597767190368,win,0.0946309261626288,-1.7763568394002505e-15,2.235449735449736,0.5672119665452993,0.5923655096738019,-4.440892098500626e-15,1,1
1925,f3ebd6a8,80deaeae,10,true,true,,,57.05906189584049,53.02443315893694,4.0346287369035565,win,-0.15491082664618183,-3.552713678800501e-15,1.9999999999999725,0.3488349435003375,0.18144591771258778,-4.440892098500626e-15,1,1
1926,2dd3037b,b0934b78,11,true,true,,,58.15871101306171,54.06737219375469,4.091338819307019,win,-0.32305748277281743,0,1.7626262626262648,1.333079039055466,-0.40958389655272676,0,1,1
1927,133bd0f6,4cabbadf,11,true,true,,,54.875252021297115,48.11281333558395,6.762438685713164,win,0.09684130853632955,-0.0008151198847432539,1.6114353919870528,-0.145980596476738,2.9467674159917348,-0.0016302397694842874,1,1
1928,a08e0de5,9634ca12,7,true,true,,,54.681337726333325,50.612194513367896,4.069143212965429,win,0.13222545282929676,0,1.1904761904761925,0.09099459245735098,1.1304368271352923,4.440892098500626e-15,1,1
1929,d027eedc,e4626e59,9,true,true,,,54.576642872675464,50.859635892760764,3.7170069799147,win,-0.1264987804305009,-0.004669820123124779,1.9246184954790326,-0.045156262377829215,0.5028833300231352,-0.009339640246250447,1,1
1930,c738b4c6,61ba7449,13,true,true,,,59.532031295230865,55.785840282609826,3.74619101262104,win,-0.01921583573184993,0.0012229574476076976,1.3367177945900126,0.03813683517856692,1.0080393432494787,0.0024459148952171716,1,1
1931,b3ae17d8,c2c7c86d,9,true,true,,,54.6334783627453,47.37740355563244,7.25607480711286,win,-0.270979866497409,1.5180793316826353,2.1527777777777715,-0.08401195781177773,0.8512147955340579,8.881784197001252e-15,1,1
1932,5cca9106,8d4ea067,9,true,true,,,57.79180770028309,52.29069025033227,5.501117449950819,win,-0.010895931146199356,-0.014027096978056264,1.738042996162437,-0.2501409301092128,2.1813647647275416,-0.028054193956115192,1,1
1933,2dd4a427,b1a89e37,6,true,true,,,51.93685853857949,49.12179562909078,2.8150629094887165,win,0.06316383454646601,0,2.4444444444444406,-0.4428230560006092,-0.699706314719406,2.6645352591003757e-15,1,1
1934,67db78b4,404adb58,8,true,true,,,58.007497254315155,53.58787129356345,4.419625960751702,win,0.10028989173925584,-0.05895650886797732,2.02377393937925,-0.22162084446001007,0.9030999806716205,-0.11791301773595553,1,1
1935,cb53dc86,b88f921d,10,true,true,,,59.41748578417254,52.407007941285066,7.010477842887475,win,0.022627620884196897,-0.009015668024758838,1.2274772375289684,1.8537493895701864,1.293369631098197,-0.018031336049517677,1,1
1936,e491ca75,5fdc6ca9,9,true,true,,,55.3663557307149,53.193772189139324,2.1725835415755768,win,0.0953413365391147,0,1.412037037037038,-0.7967305586866402,0.5837325775920732,0,1,1
1937,6438136e,d763fd8b,12,true,true,,,52.44785237345657,50.05932856274634,2.3885238107102325,win,0.1521893685198934,-0.000020255023292392593,1.7297881256752792,-0.6959081061593579,0.10130564070154957,-0.00004051004658389701,1,1
1938,25e0a20f,c3f28976,9,true,true,,,56.71829175454207,52.645858328330526,4.072433426211546,win,-0.30836804411459084,-0.005072348279006711,1.2481201214835798,-0.15253456509292818,2.1099968990747193,-0.010144696558012534,1,1
1939,38dfb54e,d021d417,10,true,true,,,58.19848015334451,50.317894581912924,7.880585571431588,win,0.2139240751283289,0.8689508751589301,2.0185185185185217,0.952938927767538,0.3679410562206238,5.329070518200751e-15,1,1
1940,1c2fdee2,53084e8f,11,true,true,,,59.48100869078317,53.82578480403262,5.655223886750548,win,0.0796559278575164,1.7763568394002505e-15,1.8333333333333313,-0.5205809646758528,2.3149397967007435,2.6645352591003757e-15,1,1
1941,bcc72a90,2b239c0a,9,true,true,,,59.65988027180128,53.77747288913576,5.882407382665519,win,-0.43813025142275963,0.00021942212655545745,1.6666234895176686,0.11799253631583007,2.77170903323906,0.00043884425310913855,1,1
1942,218bab1a,fa71aa53,10,true,true,,,53.055171936155396,51.17374924909814,1.8814226870572597,win,-0.4152441640812108,0.0008540406564581104,1.4993701675594133,-0.525238344888793,0.7579662078240323,0.0017080813129153327,1,1
1943,be6bfe9a,d5acd508,10,true,true,,,57.634968220279205,50.27377933329085,7.361188886988359,win,-0.1583697327750122,0,2.290123456790125,0.32810825691914136,2.3212079563305226,0,1,1
1944,13e94622,de087207,9,true,true,,,54.95405033981715,50.72888470874447,4.225165631072684,win,-0.06906087598173061,0.8932476481575442,1.8055555555555545,-0.7070038972854,0.42045167523708926,2.6645352591003757e-15,1,1
1945,69bc565c,6e67752a,8,true,true,,,56.068672808941514,51.60431655854413,4.464356250397387,win,-0.04624961736362909,1.7763568394002505e-15,2.658730158730158,-0.20895409530589237,0.141568957562912,0,1,1
1946,e7ee2b66,f5c1aede,9,true,true,,,53.52615950331042,51.04919534754673,2.476964155763689,win,0.18219665271514218,0.3203907097451424,0.9259259259259256,0.2034267197912154,-0.41537533662710313,0,1,1
1947,ed5fad91,321e178e,9,true,true,,,52.422841173168884,47.58599068446392,4.836850488704961,win,0.1445291056191509,0,1.8055555555555554,0.23868590170068416,0.6809912392968718,2.6645352591003757e-15,1,1
1948,3c414495,35afdee5,10,true,true,,,56.29566514821082,53.22177098867471,3.07389415953611,win,-0.1598927096218259,0,1.8950617283950644,-0.3430035275261307,0.4739139072360352,-3.552713678800501e-15,1,1
1949,c2152ffa,5ffe8055,10,true,true,,,57.455636040593916,55.30360057128894,2.152035469304977,win,-0.28204529366756503,0,1.4382716049382678,-0.11606747743689372,0.31149096496977435,8.881784197001252e-16,1,1
1950,6a2feee5,7f3de143,8,true,true,,,61.95754842480012,55.01407543540332,6.943472989396803,win,0.23091888721893028,-0.08922989130481973,1.666666666666667,0.37731464612181664,2.2627192370987803,8.881784197001252e-16,1,1
1951,538f882f,d4fc0d28,9,true,true,,,57.20771339707233,49.18871150474446,8.019001892327871,win,-0.11467928679467043,0,1.4814814814814792,0.9654003948932539,3.0233244283118124,0,1,1
1952,3da5ba2f,a1e669cd,9,true,true,,,55.92665328291221,48.90005488942272,7.026598393489493,win,0.8074372280746516,-0.05847146223464428,2.2459816656845284,-0.5646710489543505,1.810831058643533,-0.11694292446929033,1,1
1953,11cf1cb9,81d7bf57,14,true,true,,,58.809494920727985,52.25817617449647,6.551318746231516,win,0.028601037988223776,0,1.6575091575091596,0.4131750228579598,2.13933967444194,0,1,1
1954,85bb9a13,9f3eb328,9,true,true,,,58.088652703328016,53.83165243431441,4.257000269013609,win,0.06750055376330488,0,1.48148148148148,0.2831111469962355,0.7510517031007753,0,1,1
1955,1ac63074,b8e7a4ba,8,true,true,,,55.18421446461253,47.791141737084914,7.393072727527617,win,0.3074894398198409,0,1.9543650793650773,1.458709659696816,0.6031149655048473,2.6645352591003757e-15,1,1
1956,ba6dbe2f,91e382aa,9,true,true,,,54.93374398055063,51.45060171315059,3.4831422674000407,win,-0.32494309881897854,-0.00016217168780841007,1.5520465077749535,0.6230300619496649,0.3062321258414018,-0.00032434337561682014,1,1
1957,7db31590,f34d07bf,12,true,true,,,56.90301383387593,51.02347107202729,5.87954276184864,win,0.012623619918544549,0,1.1994949494949436,0.41049646873876355,2.276170519605527,-1.7763568394002505e-15,1,1
1958,3afae8e0,2234414a,9,true,true,,,57.57057453014676,53.19559170202248,4.374982828124274,win,0.3141422469016346,0.000019515864106978142,1.347629062205045,0.17459502496187618,0.742525631189082,0.000039031728213956285,1,1
1959,e68b5f62,c8d8f524,10,true,true,,,57.31606963291331,52.33977269671083,4.9762969362024805,win,-0.1322442885701185,-0.008654926712247324,1.5851427864836802,-1.2879638120905659,3.4750256797071026,-0.017309853424495536,1,1
1960,d13c3f39,be826c64,10,true,true,,,57.51294748666205,52.06354697419726,5.449400512464791,win,-0.4179453785953493,0.00006727863804822931,1.8520286870108356,-0.2318283498809608,2.603838034096782,0.00013455727609912316,1,1
1961,08d0ce0d,913acbd7,10,true,true,,,53.72973310306349,46.68573971997311,7.043993383090381,win,-0.09892345459518692,-0.000855916181836669,2.062155303800651,1.2230682395782928,1.1720595056482046,-0.001711832363673338,1,1
1962,d34dd2d5,e811344b,12,true,true,,,57.412362985026704,57.39858805753183,0.013774927494871747,win,-0.021019106531086962,-1.7763568394002505e-15,1.4772727272727257,-0.47328417666808065,-1.3327287090222404,0,1,1
1963,92d5aa4d,0991902b,8,true,true,,,57.607350845027135,57.07882339372304,0.5285274513040932,win,-0.07063969985216012,-1.4539982578798174,1.9047619047619033,-0.6542439809655303,0.9732482449091053,1.7763568394002505e-15,1,1
1964,05157f19,0dfbc895,11,true,true,,,58.731654200695644,52.81875328750213,5.912900913193511,win,-0.15973432435690915,0.23241043375176318,2.025252525252525,0.8749175613093252,0.55830025622231,-8.881784197001252e-16,1,1
1965,38fa00b2,f5760e55,9,true,true,,,51.61116153726721,48.71592789318594,2.895233644081266,win,0.15249415349564766,0.000542890986727329,1.413944063916273,-0.26123295121794854,0.35692207474209425,0.0010857819734573226,1,1
1966,d63b3a62,141640a8,11,true,true,,,55.054288637497336,50.76160464601159,4.292683991485745,win,0.2123315596908535,-8.881784197001252e-16,1.4595959595959611,0.7379035914660435,-0.0028803746642847017,0,1,1
1967,215360e4,bf802a7c,8,true,true,,,54.682931049559436,49.824409263673,4.858521785886438,win,-0.10918431698698106,0,2.1626984126984095,-0.3106646309301384,1.3305981061245875,-8.881784197001252e-16,1,1
1968,49f19c69,c6768047,10,true,true,,,55.959974183156376,50.81673966672134,5.143234516435037,win,0.0528693640910336,0,1.5000000000000027,0.5250956500827568,1.1129407179044373,8.881784197001252e-16,1,1
1969,27425cb3,58a52f25,9,true,true,,,57.182823416024476,48.36707607635599,8.815747339668484,win,-0.3075917302497815,1.7763568394002505e-15,1.666666666666675,1.2742272726825092,3.3094570754256156,1.7763568394002505e-15,1,1
1970,ec849a4b,b370bf6d,9,true,true,,,58.39110818885926,53.05958439635644,5.331523792502821,win,0.38059445338537845,-0.0000031956152088952194,1.5740685434029498,0.7886541578963717,0.2797525870060582,-0.000006391230419566796,1,1
1971,8b986b96,ac249a59,11,true,true,,,58.46029255309246,53.7992467800106,4.6610457730818595,win,0.14805398882474297,0,2.1363636363636296,-0.2694057593175483,0.7373000324322438,8.881784197001252e-16,1,1
1972,b9f33a71,00656482,9,true,true,,,56.64268821332031,51.429343929169804,5.213344284150509,win,-0.0588652859633938,-1.7763568394002505e-15,1.9907407407407423,0.5402740092491385,0.678453523836124,-4.440892098500626e-15,1,1
1973,ec83da9a,ed3b3c56,8,true,true,,,55.58805168530428,52.64625141770495,2.9418002675993264,win,0.561305306952733,-0.007117199847135325,1.326903873157728,-1.5543689173244797,1.4659489377649724,-0.014234399694267097,1,1
1974,9d3eb5a7,4651853a,12,true,true,,,57.41049640094853,52.304614086113126,5.105882314835405,win,-0.2127538358787886,0.001012419309772028,2.0045849863444962,0.2705416658439175,1.1700071405643238,0.002024838619539615,1,1
1975,857d3a61,c5ccdaba,12,true,true,,,54.25715210721791,51.66195485304459,2.5951972541733213,win,-0.1521934190394738,0,1.4772727272727195,0.48878596953379194,-0.38062579258507867,0,1,1
1976,0819b120,4e0b8775,13,true,true,,,57.33326332529537,53.111901884606425,4.221361440688945,win,-0.03762418362703057,-0.0018266838516947104,1.241604434759478,-0.14358627463165963,1.7582183683937913,-0.0036533677033885326,1,1
1977,36024c56,0b89657a,10,true,true,,,56.66469822649493,52.012215131244304,4.6524830952506235,win,0.18213011175026628,0,1.746913580246913,0.9264258523753215,-0.301438287277513,0,1,1
1978,af6cadbc,264a1e6c,12,true,true,,,58.9570721514354,55.018930548714174,3.938141602721224,win,-0.4162929502137538,0.0005596329287005375,1.6160552861515916,0.3608544679900989,1.0399404204213356,0.0011192658574037395,1,1
1979,aa77f6ec,74295828,6,true,true,,,54.5444633192204,52.66309478222857,1.881368536991829,win,0.054558430834006355,-0.007350029188399887,1.5381994479902694,-1.3887730447286568,1.0271794808428534,-0.014700058376799774,1,1
1980,a74f4677,d0a44270,11,true,true,,,58.117547444748084,53.10354919825923,5.013998246488853,win,-0.3117027122571643,3.552713678800501e-15,0.9646464646464548,1.4791760314828384,1.1448378797464205,4.440892098500626e-15,1,1
1981,4049603c,5da5d65e,11,true,true,,,57.60690242170432,53.20399036915343,4.402912052550889,win,-0.13401083825832538,7.105427357601002e-15,0.9090909090909092,0.751355086623791,1.374220366109399,1.5987211554602254e-14,1,1
1982,dcb90e55,5a4ea173,10,true,true,,,60.66182938169134,54.83361236244993,5.828217019241414,win,-0.6376865956525952,0,1.0617283950617296,0.9625596015587714,2.8151363951546085,8.881784197001252e-16,1,1
1983,1a87b53d,938e9b83,7,true,true,,,61.014943688109796,54.08597175106536,6.928971937044437,win,-0.01418729327168311,0,2.1825396825396837,2.1571909978332346,-0.38616721577498936,0,1,1
1984,1911efa8,99546137,11,true,true,,,54.36887991344905,49.18026366504848,5.188616248400571,win,-0.025688797628266036,-0.0034824812534015592,1.8721697129994856,0.6428812050911272,0.6448965024111875,-0.006964962506801342,1,1
1985,bc0a5dd7,3dbc2185,8,true,true,,,54.59664476829384,48.177276843253,6.419367925040845,win,-0.14437367397322864,8.881784197001252e-16,1.8749999999999982,1.5607784127040647,0.6041757178559264,4.440892098500626e-16,1,1
1986,9c0e5263,eeb8af56,9,true,true,,,57.296642508104384,53.89392348297784,3.402719025126544,win,0.012571891415147363,0,2.152777777777777,-0.882783375192715,0.7641949651068431,8.881784197001252e-16,1,1
1987,0540e845,0e3e434a,5,true,true,,,53.869149718065614,50.89693373724771,2.972215980817907,win,0.1599743846537387,0.000016170688919459053,2.0835363605378827,-0.916239442630661,0.32974032169492684,0.00003234137783714175,1,1
1988,153cef53,38bd9ead,10,true,true,,,55.45602830666364,50.15301646514483,5.30301184151881,win,0.12486297427747739,-0.00875000593850217,1.1857903737161388,0.5862747243486401,1.4815067047681687,-0.017500011877006116,1,1
1989,a39e5108,feb38a25,12,true,true,,,58.082453416453326,52.44343726536946,5.639016151083865,win,0.16743201069233704,3.552713678800501e-15,1.7297979797979819,0.46728194191198824,1.059709028371695,4.440892098500626e-15,1,1
1990,14d6bb29,a6945471,12,true,true,,,58.98125843156613,53.39017095599423,5.5910874755719036,win,-0.16268162822755383,0,1.2878787878787872,1.46219096646273,0.919541228474718,8.881784197001252e-16,1,1
1991,c2cf5e1b,945e44e6,11,true,true,,,59.85417065373472,54.23404971655644,5.620120937178278,win,-0.01454919213594641,0.000029744274643306312,2.080843163255911,-0.3437948890297582,1.894536183899005,0.000059488549286612624,1,1
1992,7c1ab169,18d96713,10,true,true,,,56.222865453331046,51.72220374803093,4.500661705300118,win,0.2933017286760391,8.881784197001252e-16,1.62345679012346,0.02054204990087083,0.696373448640978,-8.881784197001252e-16,1,1
1993,51cb0496,8c3ccc32,9,true,true,,,56.73328684351405,50.11352982430343,6.619757019210624,win,-0.18048335434172724,2.6645352591003757e-15,1.3657407407407405,0.14911978901414802,3.258235964388837,4.440892098500626e-15,1,1
1994,44f293dc,b073c29b,10,true,true,,,56.62077863939972,51.595433446738056,5.025345192661661,win,0.11238907226509443,0,1.580246913580245,0.4533994144654816,0.9079486211989201,-2.6645352591003757e-15,1,1
1995,33e976d4,a535ddf1,8,true,true,,,55.93924464724207,52.11016734774922,3.8290772994928517,win,0.10599635113719286,0.004709564915487796,2.1739781632833646,-0.7221917351425642,0.6851208125282433,0.009419129830978257,1,1
1996,a9c9d84c,8a8e4c6d,11,true,true,,,56.263621953889924,51.030590925205615,5.233031028684309,win,0.35628889244519635,-0.004122550746419762,2.742012517250529,-1.2687804393672293,1.2732849625521592,-0.008245101492839524,1,1
1997,ba149ac1,55aa11a1,8,true,true,,,52.797554443789096,49.793460321209054,3.0040941225800424,win,-0.021988005109793818,-8.881784197001252e-16,2.113095238095239,-0.37032894943789074,-0.06483186354493142,-3.552713678800501e-15,1,1
1998,4dbeff3f,070eb074,9,true,true,,,59.77899716803408,51.96260674721225,7.816390420821833,win,0.2549244822654697,0,2.0370370370370354,1.0337837345119016,1.4291396276513346,0,1,1
1999,bd358cdd,20e0e3ec,11,true,true,,,58.23403582644943,53.44328963690779,4.790746189541636,win,-0.12024475506701027,0,2.1363636363636385,1.4398383752772324,-0.8548152503134858,-3.552713678800501e-15,1,1
2000,56fd9f21,a914c594,9,true,true,,,55.08697614823297,48.397674514515,6.689301633717967,win,0.5416076732888615,0.24359509869066187,1.9958999394678072,0.35635157588532884,0.7580558563754765,-0.1543881650020129,1,1
