seed,sourceStateId,twinStateId,elementCount,structuredTotal,randomPositionTotal,delta
1,86a3677c,a357a25b,8,64.54261784090068,59.29177736642532,5.250840474475353
2,a081e956,ae9ec30e,9,66.73434129622152,59.901415670229866,6.832925625991649
3,77c0bf1c,28189ebc,10,69.8282754198337,64.62264420490104,5.205631214932666
4,035be253,134cc6c2,9,77.19677541604531,67.92414271498492,9.272632701060388
5,2f12f441,cc5060bf,10,71.28318081344932,71.24422494884857,0.03895586460075151
6,4b9c24a9,95d4cd46,8,68.5480375638925,63.09829917184062,5.449738392051884
7,8509070d,5be23d3d,9,68.14757757217804,58.25171402251228,9.895863549665755
8,df52700e,574d8ccb,11,71.60809304361983,64.97880691523923,6.629286128380599
9,591a5317,8304c8e6,11,73.69849479546448,72.22164106007111,1.4768537353933766
10,68a8f53c,d75772f3,9,70.69355023262278,62.43540877276706,8.258141459855722
11,43a61854,186501a2,10,63.26708443052527,61.74373307279235,1.5233513577329205
12,e810d9e8,686b14a1,10,69.61361298801353,60.339960018780694,9.273652969232835
13,0b7f84b9,87e5d92c,10,64.70846548294317,60.33777999323255,4.370685489710617
14,bc72164c,d4c592f8,11,64.16187594783835,62.63199828717713,1.5298776606612208
15,bcd51945,cce3af57,11,75.48293420479891,66.3436870031355,9.139247201663409
16,5c09b529,9d0f9f7b,12,63.91351656733691,60.84875033391711,3.064766233419803
17,71db5c14,18dc9837,8,70.32256261145592,60.973901927726075,9.348660683729847
18,d2944b50,857e1c6a,9,68.48956535405188,60.309018607139436,8.18054674691244
19,6a824f4c,868fbb1c,11,76.367156479598,66.0535358533511,10.313620626246902
20,a073bae4,3f7d06ba,10,68.70308544440222,65.22084394677005,3.482241497632174
21,5015895b,38f5ebe1,11,71.32428810397829,64.00325573526474,7.321032368713546
22,809c2124,6210efd7,13,62.5737690719843,60.287075734950115,2.286693337034187
23,7da191be,27bfb5c8,10,65.8018687229554,64.5233828231133,1.27848589984211
24,16ff2b22,61d9bb73,8,65.85032265160416,56.74203531104218,9.10828734056198
25,3ecf01e7,9b5d0c46,11,69.82480447873408,68.35806533856545,1.4667391401686274
26,57d2ea6a,7e6c9214,7,63.922697681837064,64.43412613076273,-0.5114284489256704
27,8b3cfa39,dedef774,12,72.21901279143478,62.77366598162378,9.445346809811
28,7a17105c,f4ee265e,11,65.4899753427825,61.41392844632476,4.07604689645774
29,9626d4be,3c031310,9,66.74280682825152,66.81445222342974,-0.07164539517822277
30,e4bce30c,59ec1309,10,75.7340574421721,63.27089121570066,12.463166226471444
31,b7e618f8,3e5bba83,6,71.42862847713198,65.2959275730984,6.132700904033584
32,0127fde1,0cec2e1c,8,64.20029644087944,59.14275252670642,5.057543914173024
33,f944b3fb,9aee60b4,12,76.53278411553843,66.92242958139279,9.610354534145642
34,a9dcc04e,68f22244,9,70.8886347583648,69.06419384184174,1.8244409165230593
35,a52e3d43,5ee27174,7,69.86866312335799,63.30126352127523,6.567399602082759
36,b5d3a5ae,0b2c899b,7,66.33649289605282,52.731640983665535,13.604851912387282
37,c82a31b2,b65aca6f,7,60.59311849379932,54.770364189935954,5.822754303863363
38,166cc91a,5bbf396d,7,69.30045275835127,62.328785135415956,6.971667622935314
39,a4c529d3,59d7d214,10,70.99831849836919,61.57749796343968,9.420820534929504
40,85663ac1,8151c3ae,6,58.76809189939266,52.48151863378961,6.286573265603046
41,2bbe2b10,41b392b4,11,64.91238319629514,65.7255345991706,-0.8131514028754623
42,52ecbd1d,af5be76a,10,71.8904865538718,61.53347513280137,10.357011421070425
43,58104b35,a9edd163,7,70.9771244798595,63.62160267136019,7.355521808499304
44,91694093,af20547c,12,76.02613149024556,66.6789716044429,9.347159885802654
45,ea88f5e8,f774787c,12,64.02706031674632,61.937323821469846,2.089736495276469
46,4964482f,12951812,12,70.97386875962611,64.35495108399789,6.618917675628225
47,4bf4082a,d6d1d7e2,12,68.48284324740706,62.490088552884146,5.992754694522915
48,ac09c991,f10ef3a4,12,69.61610497130354,64.3060292670563,5.3100757042472395
49,39b54b9c,b5c0c5cb,7,66.50456617705873,58.342963804645585,8.16160237241315
50,3f6eddd8,17940cca,10,71.71268291891457,63.00553402425065,8.707148894663916
51,3ff5c0f2,95b7811e,11,69.31273459069737,68.04324140423729,1.2694931864600818
52,c0ae750f,e819d087,9,76.70370737602278,67.63639336339948,9.0673140126233
53,53f9ebc3,a9d10794,8,66.76774659270538,59.60889381592721,7.1588527767781684
54,cd6ccc10,1d140095,10,69.01649350178322,65.78489270969884,3.231600792084379
55,e659d2d8,85de1e47,9,63.649976376913585,56.14563912048615,7.5043372564274335
56,a91fc802,8a346d5f,11,72.35857420381964,71.24755450479641,1.111019699023231
57,6243729e,750c73bc,8,69.19492119162388,56.41872379146071,12.77619740016317
58,6431535c,72d75a4e,10,73.14096514032636,64.96025553381318,8.180709606513176
59,9c4852ff,791cf85b,11,70.63989778870004,68.5189427757121,2.1209550129879347
60,65fdc0f4,6c33f78f,10,69.78621001844357,70.1082930924399,-0.32208307399632474
61,cb6466af,7a7efe63,9,60.560229373977066,56.414958435252835,4.145270938724231
62,9b018f4c,b25bc4f6,5,60.90964509253596,51.8376205751425,9.072024517393459
63,27327c6b,087dfb9c,8,68.489712126507,63.91909715721228,4.5706149692947236
64,7714240c,0bcac801,6,64.94033714282266,56.49599741912988,8.444339723692778
65,6285225c,6136e43a,7,71.92006936894077,63.76611832321021,8.153951045730565
66,8046a87a,ac28a782,15,72.68433339302759,64.31265717926337,8.371676213764218
67,6b793b63,3fd50b95,9,69.68361125119961,65.61510166694542,4.068509584254187
68,97c9eaa6,d477721a,10,61.312759730499906,52.93432690922448,8.378432821275425
69,a370ef22,93c6983e,8,77.44058792128604,70.85922513758561,6.581362783700428
70,d7d77178,823d343b,7,63.06528588496035,56.381931949843526,6.683353935116827
71,9082f43a,463fba55,10,69.60964640405216,65.95072203202366,3.658924372028494
72,4d5f91c9,bf21bdff,7,69.9859295181875,66.98453363865247,3.001395879535039
73,9a21908b,793609db,9,68.78624765385482,67.31459851569043,1.4716491381643806
74,d706e316,aba33cd6,12,75.74050872445835,68.83810544031773,6.902403284140618
75,fd352f52,d4a6fa18,11,67.33290178227398,62.011128170001435,5.321773612272544
76,1f8847f3,5eaa6c6e,12,62.80607650755278,62.24417775223558,0.5618987553172019
77,978a3bfb,0cf9412c,11,72.02448670887259,66.14764794549302,5.876838763379567
78,cb9d3924,a7864707,14,71.41026601784915,64.61319187194219,6.7970741459069615
79,01429124,bcec9fe9,11,67.08229359371425,66.36163400475509,0.7206595889591654
80,20ad7ef0,704ca043,7,69.8625745163888,62.79616839957499,7.066406116813816
81,d0d70fd2,f1979f2d,9,68.05927894988696,63.277742592572935,4.781536357314025
82,b859c887,69a3cb49,11,69.42772439158362,67.73583767773297,1.69188671385065
83,7e817933,0da1e71f,7,61.55979181791871,50.22316533497266,11.336626482946045
84,ac9fab22,73a3f249,12,70.85184565134432,63.02718027354872,7.824665377795597
85,a9c986ba,ed413a15,9,64.03450742412689,66.4963569660052,-2.4618495418783084
86,1524d409,ff9e121e,9,61.66652518655258,59.411402138802245,2.255123047750338
87,ef331627,1a76f6d5,11,66.46512574459447,62.80425604089001,3.6608697037044635
88,f17e2e3e,d52a02c1,9,70.20564627324592,61.77321129248511,8.43243498076081
89,d0b12a14,5e3731e8,9,62.24398591582738,64.91190776647527,-2.667921850647886
90,cc624a4a,ea890f6e,11,74.43066913967198,69.82226476271833,4.608404376953644
91,599bfb5a,ec2dcfa0,7,69.0227297869618,62.25267427677416,6.770055510187646
92,54bc0f69,ac03d8b3,11,70.41921541050611,67.32340823619319,3.095807174312924
93,a6ab6012,5c7d14bb,10,76.60835929407999,63.02618199718008,13.582177296899907
94,708fe780,9dbc8d0b,13,71.75655970187262,69.0262272607892,2.7303324410834193
95,843d7645,8fc1cb80,9,69.72330296850386,66.58442884224843,3.1388741262554305
96,e45c02b9,4cab3e10,8,59.280113245383305,57.590112444923854,1.6900008004594511
97,ab342118,ffd59175,11,74.74853689558913,69.06298116609457,5.685555729494553
98,6e305262,98784c0c,9,67.59526554793769,58.70838711820113,8.886878429736555
99,c1ad112d,d8dc7edd,8,61.45295558659298,59.599872276807844,1.8530833097851342
100,6b6e40e6,6cdd8cf6,9,70.93559959464787,68.27059413018152,2.665005464466347
101,930b1fa3,bb0d08ed,9,67.77194265166085,66.43804007530699,1.3339025763538643
102,ff6c8e7c,b93976c9,8,67.31863011773433,65.34452774214478,1.9741023755895526
103,d2d12308,e88d2d23,9,68.25923041569374,58.03850777137214,10.220722644321597
104,b7d89f8a,213eb211,8,62.20166881943012,57.95706535561539,4.244603463814727
105,5bb0eca3,cb376ad4,7,68.2435460373073,64.5595441221626,3.684001915144691
106,83ad0ee0,0f58c352,13,70.95864463638989,65.39229480774387,5.566349828646025
107,267fc97e,a85f5ae1,8,75.07489062857724,69.51019183701487,5.564698791562364
108,586b6a6f,9c0902b9,9,66.22306034644231,55.17647880187958,11.046581544562727
109,bfcb24f6,6dcaef44,7,70.62668753036967,68.90818358087336,1.7185039494963092
110,1d434de1,7e8bfb1e,7,69.26468036486882,67.8387244843076,1.4259558805612187
111,606c443a,91cd26e3,11,68.28171893079701,65.66451053127966,2.6172083995173523
112,915fb257,4ecb951e,10,76.33429353152871,67.87848905803128,8.455804473497437
113,d638dcd0,d7637ba2,7,69.87499713284546,63.2655592185666,6.609437914278864
114,859354ac,1ebed685,11,70.61945248216928,63.84046884128807,6.778983640881208
115,82242519,4142c01f,13,72.06599435156383,66.64163983596286,5.424354515600967
116,07dd0ad1,d9bf7ffd,8,68.42176787412384,66.28571797254294,2.136049901580904
117,8ba9deed,55ac9d95,11,71.44120800169311,69.8813178783437,1.559890123349419
118,bfbb6f69,06faa31b,12,70.17372107328258,62.28765164040762,7.886069432874962
119,5b255e60,df3278e2,5,60.14145966245699,51.872484046502414,8.268975615954574
120,6788e0b7,2202f12d,9,68.9005888483988,61.527798499314876,7.372790349083921
121,f1835468,3d7e6e76,9,69.37163582206986,65.48355162881036,3.888084193259502
122,77420831,e1a8cae4,9,69.32429772764705,62.08609033846557,7.238207389181483
123,7d3aa81d,f75f9008,9,62.36583512329549,57.96668228555093,4.399152837744559
124,ee294047,3645a033,7,70.39385414740437,63.75895419436315,6.63489995304122
125,f6a62f54,a9f064f2,10,67.83886064918866,64.72877547091245,3.110085178276208
126,c79eee9d,08ec3367,9,67.76379898498334,61.05603625159432,6.707762733389018
127,3c524182,e24ec2c5,11,69.82134118222032,64.83269415883349,4.988647023386832
128,d6ea4675,ed1f7c76,10,68.84325149243374,66.79451118904953,2.048740303384207
129,590ff370,6f43c0c0,10,71.09857931286889,66.8840099593958,4.214569353473095
130,041a13ee,368480e2,11,68.41272219244468,67.6918012314012,0.7209209610434755
131,fd6f2fe9,9b3902c3,7,64.59089828987851,58.13148217234536,6.459416117533152
132,e8cd5d8f,f2c25bce,12,67.6859540587291,63.18424227840866,4.501711780320434
133,03e6a95b,57e2cc71,9,67.07124850695497,61.89766098565924,5.17358752129573
134,0f6f361c,d0bdc28e,10,70.2098271791917,64.1269955008465,6.082831678345201
135,5e79fcf3,a2937e7a,12,70.89092957683336,69.58311710873299,1.3078124681003658
136,887aafa8,88bbbf30,8,72.5783037340543,65.01500628382148,7.563297450232824
137,7ea51462,ec6ff39e,11,72.9739753397885,68.41906790504261,4.5549074347458856
138,be551c9f,ed5057fe,11,71.35350844542512,66.26281600901663,5.090692436408489
139,fb0e9ab3,a5b7ac37,10,69.07860804152986,69.1794204891595,-0.10081244762963593
140,a1406f90,fd62d96b,12,71.70825940809476,71.25578595261034,0.45247345548442297
141,73dc5c47,1e4e424c,10,67.73223584944705,55.22987136572644,12.502364483720612
142,40ef6aeb,c4b178a4,9,68.99218082486675,59.797097655756986,9.195083169109765
143,fd40834d,ecef8800,9,62.36193602258592,60.75998628202932,1.6019497405566057
144,25fa1694,20de2f9d,10,63.637377987308795,59.07561396120471,4.561764026104086
145,ce204297,601dc8e8,10,65.95602207882374,62.29862144978068,3.657400629043053
146,30c86203,10823426,10,71.70485703299158,60.82025623330303,10.884600799688556
147,fa75beb8,1de96f41,10,67.9938074756356,60.5886082106812,7.405199264954405
148,e6a3091f,8265147b,12,69.63169047874662,68.86434975529083,0.7673407234557885
149,93f30bba,309b4ea0,8,68.14516400010102,61.31563006029046,6.82953393981056
150,37680ade,5b7a4965,8,69.52936727933711,61.01694394461706,8.512423334720047
151,da252da9,52ee2299,14,65.28995819674415,63.16300180961785,2.126956387126299
152,67c96d11,c45bc7ab,6,69.11965892447687,65.8543165753319,3.265342349144973
153,f8976ed1,ab0a665c,9,69.89402361961699,71.52132547799921,-1.627301858382225
154,4f8ce4f2,564b06ee,8,68.43627775803276,63.17460704639453,5.2616707116382315
155,e8a0da47,0ab77d7e,10,63.27078580811593,61.69434822741978,1.576437580696151
156,491d50e2,a0048571,10,69.36416043160318,68.70805914698968,0.6561012846134986
157,4730aebc,8af317be,13,70.17326490355222,69.69878890017314,0.47447600337908113
158,0e44b551,41976199,9,66.33201888957922,59.05127020089104,7.280748688688178
159,3b9cae85,27eba9db,9,68.4040068705139,66.06134155753894,2.342665312974958
160,e3f9f35b,5183a180,7,66.2295470279878,65.64916010217914,0.5803869258086678
161,8e5f220a,1399369c,7,61.01837152953797,64.12478863396386,-3.106417104425887
162,8a81b7cc,626ca6f1,12,70.65671585935512,61.96761929960121,8.689096559753906
163,b56493e1,c82b777d,11,74.54355874695952,66.10826540031394,8.43529334664558
164,4507f3ce,f72202b9,13,68.72984224107273,68.63332686396109,0.09651537711164337
165,7ca29556,6de94b69,11,70.10330688646397,63.86122115392425,6.242085732539721
166,8b5c38d1,0e99e045,11,76.13608449653572,69.07313568428555,7.06294881225017
167,cb853038,fb1ab377,10,68.88790267936616,61.49388967713597,7.394013002230196
168,28d36fef,5dcd4bff,12,65.31074311839464,65.02601778995535,0.28472532843929343
169,74c94169,bfe1c668,9,65.42516922297652,58.06856583274845,7.356603390228074
170,bf0d46d2,a4029321,8,71.78223403296141,57.547505227447225,14.234728805514187
171,600efb1d,292cda28,7,59.414580850664876,60.44979978062993,-1.0352189299650547
172,17a1750b,93d41eed,8,69.54274790451358,60.76858459079347,8.774163313720102
173,d3270f4d,bc9cc077,10,64.99326374132063,62.99576493093866,1.9974988103819697
174,fd7563ae,a95d8e5d,7,66.67512286820357,59.85941784116565,6.815705027037922
175,9c0d0bba,90d3fd8f,8,68.06474522126416,66.20069313706173,1.8640520842024273
176,c3738146,a2d356a6,10,66.58961893115516,66.21339258675773,0.3762263443974234
177,3789b90e,8f9304d4,11,71.06678728363802,67.3940120055229,3.6727752781151253
178,e12441ba,b11b3e49,7,71.67313679443637,63.49826719402539,8.174869600410986
179,90387fa4,f55ba42f,11,71.241105640398,66.05239142774741,5.188714212650595
180,cd8e38f2,ca616b2f,11,70.81348485757572,65.15021704562459,5.66326781195113
181,d598acf8,c93cdebd,7,60.89873551071959,56.72071828691994,4.17801722379965
182,c4c95672,3979a742,7,68.63981157390027,62.92670035576785,5.7131112181324255
183,8056cc41,338e5e86,11,71.70106496272767,70.60339412030343,1.097670842424236
184,9d78ebf6,abbbc531,11,67.73476640105977,64.24380431004748,3.4909620910122925
185,03e96cd3,1fc938d6,13,71.71635262144302,68.42606285366352,3.290289767779498
186,639aa9c8,b6c869b6,8,64.93236339039042,59.00264093702059,5.929722453369834
187,2f360c5c,e5fbcf83,10,69.95524236760718,61.998390457675036,7.956851909932148
188,1e16ac0a,a29ecca6,7,61.84656799173774,64.58334247750493,-2.736774485767185
189,79211468,b8269b1c,10,69.2165153986197,65.28053774942657,3.935977649193134
190,3ecebc57,7253eb63,13,72.47651570748829,69.00500888138278,3.471506826105511
191,aba7f4eb,ab91e388,11,72.15580035850965,74.291619052815,-2.1358186943053425
192,5e6d4649,41e858b0,10,70.62363446407458,65.77008974809233,4.8535447159822525
193,e18307a8,d7e19f10,8,71.73362349717495,68.84762285011381,2.886000647061138
194,da276a9b,f03d6a16,7,64.60440954089117,61.982629312819036,2.621780228072133
195,0defc2ff,a59bc6c6,10,71.26339334152165,66.5903969079857,4.672996433535943
196,f231b591,1de52639,7,70.49256138021782,71.64642618166503,-1.153864801447213
197,9be10d6f,f3b61851,8,71.7155132760867,53.315487158479314,18.400026117607382
198,b92e8f5b,c8018711,10,64.85111404327944,57.988495493341205,6.862618549938233
199,f1e6c44f,6f1380d1,10,71.02013106522112,70.5644798589835,0.45565120623761857
200,fcc8c441,645ae486,9,71.34755001768166,63.22658672386912,8.120963293812537
201,20af8297,e3000d09,12,71.29631523456112,63.791344786901156,7.504970447659964
202,730dcc54,cfbb3458,9,67.71165999397358,61.96255456959349,5.74910542438009
203,ffc8af34,23226627,8,74.85311301140582,70.53888668723665,4.314226324169169
204,8bec72e2,6ce97074,9,75.73007813560858,59.993692233769735,15.736385901838844
205,5993da4d,cc1ba726,8,67.60673399398785,55.88716441999711,11.719569573990732
206,e8bf53a6,4b11df6d,9,72.14544556291763,67.00570514218268,5.139740420734952
207,7a97b851,c95b6dd9,10,70.21412166665273,62.87676433702526,7.337357329627473
208,fdc5ad25,a8fe58d0,10,70.15207260026354,60.22195444694045,9.930118153323086
209,004dcb9e,c4dd2cbd,8,62.45653374559659,60.08267034703362,2.3738633985629676
210,ea47e143,8eac4d33,7,63.92481031272744,61.918323924916194,2.0064863878112433
211,7f75f5aa,53682668,8,69.93885945427664,67.23383754317352,2.705021911103117
212,1147f863,3cb63651,13,71.49213847724545,63.849773179442835,7.642365297802613
213,6ad73a52,0c3af5da,9,67.39023920642063,67.76358180716139,-0.37334260074075587
214,e2c55df4,139e3268,15,69.68341033192443,63.072709829759205,6.61070050216523
215,28438ce6,52862192,12,71.76821859874046,66.40574179050493,5.362476808235527
216,90aca2af,44d9a0e4,8,71.47089670774238,67.88174583068955,3.5891508770528304
217,f5943961,ba178788,12,77.72523540198816,68.63223300908983,9.093002392898327
218,76a91b6c,cc35a90a,9,71.74536928540508,60.8396467270762,10.905722558328875
219,12d8a9aa,e024989e,12,69.76363274798474,64.16039093277645,5.603241815208293
220,31b6ed6c,9db056d1,14,70.6767125053892,71.97577315021638,-1.299060644827179
221,1474be0a,e962a2e5,13,73.00512838500902,68.78423967282426,4.22088871218476
222,49c5f698,f5d62788,12,74.98398978928726,64.98880230732797,9.995187481959292
223,8f33c005,6c3c63fb,7,66.4461764251911,58.837095706282014,7.609080718909084
224,693e27c5,133c865a,13,68.2292825802073,65.00217280841765,3.2271097717896424
225,426adeec,8b403bad,12,71.89165370655974,64.75581763047168,7.135836076088054
226,f3587ff0,c6d68d0d,9,70.56654894282667,59.852560031540634,10.713988911286037
227,958fb42d,a35aeb85,10,69.64216287032522,59.897565327061166,9.744597543264057
228,ccf96fcb,c38a6d7e,8,62.15333645924545,55.6794691004848,6.47386735876065
229,33f9cccb,679d97a5,8,63.6487107520566,60.12210882280975,3.5266019292468513
230,62371b6a,9c6590e2,13,70.77532523570763,63.6752261421693,7.100099093538326
231,e1442f88,a6520ecc,9,69.96888280858188,64.42275373115362,5.546129077428262
232,331acc01,386f5fae,9,69.9379927352009,68.04438065063108,1.89361208456981
233,4f2847d7,4fed8e7d,11,69.66232056603883,62.20486686867108,7.457453697367747
234,89dc38d3,368eb537,11,70.84608577941074,60.85331155036158,9.99277422904916
235,e733b686,fa246741,8,63.096547894896275,63.757413371543024,-0.6608654766467481
236,3c8fcfaa,aa4239df,9,65.73811670597493,60.69173863055696,5.0463780754179695
237,95fba4ad,dbc6dff6,12,71.56178974063835,57.762361892319234,13.799427848319112
238,7e8b6a92,63fe58df,8,67.73939482623017,62.8125085116647,4.926886314565465
239,7cdc17ae,3a7c5271,10,71.01872710814303,68.07436465618491,2.9443624519581135
240,6357609e,e2803e69,9,74.9091238458934,61.55294406346697,13.356179782426437
241,f825cee2,7f07afea,9,68.54100749397499,67.46108696199873,1.0799205319762564
242,d960d767,e6529d56,8,69.28445782299836,63.865794702643335,5.418663120355028
243,96a4d4cf,5076e5cf,13,71.54374610713974,64.79420122379777,6.749544883341969
244,00e4c8dc,220b5fd0,9,69.45002556171399,62.61412180741607,6.835903754297917
245,78fc932c,da58f54c,11,71.71242709140739,63.09681709125138,8.61561000015601
246,b488c333,1453e7db,10,65.67770008516376,60.0587828508165,5.618917234347265
247,2b92c6c7,53585199,10,63.009492707457454,59.749202438248915,3.2602902692085394
248,3a0e7d56,da39bc20,9,72.764300373487,66.22392376721523,6.540376606271778
249,7f9014b2,31751389,12,68.42287098795674,58.13498679404625,10.287884193910493
250,b6167f49,1dd09836,8,68.85105936596946,62.8737743400161,5.977285025953364
251,48f8d7da,7d619d9a,12,75.214574115992,67.04034512101914,8.17422899497285
252,b1060df1,a5b30dcd,7,62.43471400316508,59.133285107069106,3.3014288960959703
253,294001e8,289f86fb,9,71.9102683896578,66.07244575232657,5.837822637331229
254,b3c88cb7,2dcc1ae7,9,62.83563036139418,56.28887006816787,6.546760293226313
255,d79e4bfa,112ebe92,8,69.41066907671053,65.4840772984611,3.9265917782494313
256,b8efa045,7f1a04f1,7,69.95730837463289,60.868660285671574,9.088648088961314
257,8b26c995,3476f54b,11,63.79914715981996,61.425240698896104,2.3739064609238554
258,12d1b521,f0252f1e,8,68.24618998864352,61.41264359036828,6.833546398275239
259,d29e2495,e6f4c464,11,69.18606973751729,60.049858629632375,9.136211107884911
260,2ccaa7a9,35a8295d,11,70.82420981464283,62.11028284308527,8.713926971557555
261,de9869a1,3aabe011,9,68.0823219232278,62.56183941573644,5.5204825074913515
262,72676438,f747ed8b,13,77.67403097518076,63.39828976313777,14.275741212042988
263,295e020e,baaa5c31,8,67.76224908462711,57.64438283548235,10.117866249144768
264,7105c190,e3187179,7,63.42354851198827,62.17161527778878,1.251933234199491
265,72fffdcf,fcb7b4c4,8,66.14069207948097,63.466601079396256,2.674091000084715
266,d0ce1a1b,d353ed15,9,69.21898368767435,64.16712501656218,5.051858671112171
267,c027adc7,2f4202a0,13,64.42044426139904,55.30253789950458,9.117906361894462
268,31df10b3,d9d586f7,11,71.05524671737093,59.89742424114101,11.157822476229924
269,b14f5506,80920cfc,8,69.37845901810954,62.92051159092288,6.45794742718666
270,a4b2065d,088d6f5e,10,68.66980827470516,57.334137402747054,11.335670871958108
271,2f6e80b5,ce841edc,12,70.07479813781734,67.6823242719516,2.392473865865739
272,6fa03551,e4f96294,7,73.00132710544113,69.95038788507749,3.050939220363645
273,c3cf4a49,13ee5e29,8,64.13045331725675,62.79936064593012,1.3310926713266298
274,5881523f,d18b6d5a,8,65.67621014875185,60.54458015926428,5.131629989487571
275,54237e05,14c7d763,5,69.24450260966009,59.13411653410147,10.110386075558615
276,5fe9b77e,97e68113,10,67.11440656529668,55.37719981814979,11.737206747146885
277,265ef3e2,735621b2,8,70.61953910995587,61.01854226855295,9.600996841402917
278,1de1bf5f,896c9f2a,13,70.32674316589807,65.95155389428064,4.37518927161743
279,4a94ff6d,8bdf304b,10,68.74058648382128,58.95070191226539,9.789884571555888
280,6c97afd3,b4590972,7,68.74935042009906,61.88174867767,6.867601742429066
281,426a2209,3ad4c1b0,10,68.88957140158153,68.06821952938974,0.8213518721917978
282,2a0365c6,eaa21d67,10,62.92620087713552,57.65171717059397,5.274483706541552
283,80c0154e,191f86dd,6,62.91577496452737,52.1436006125647,10.772174351962676
284,e2173b1d,7c62b146,10,73.99004988414588,71.19470346419834,2.795346419947535
285,0a2ea39f,4de8f3c7,10,64.99543586270582,62.345843425245434,2.6495924374603845
286,0cceebf6,aa3469d0,10,77.80374157545046,70.60372805259072,7.200013522859734
287,eb268fe4,458c8d90,9,63.897777991155856,64.28628807017475,-0.3885100790188929
288,2be09a2b,e2dbe312,11,68.15973077880143,69.59545166555495,-1.435720886753515
289,c54511a5,e7d825f1,9,66.97357354885983,60.54856657014301,6.425006978716823
290,c22728d6,8e6f91d6,4,70.45498984225382,58.404649198128794,12.05034064412503
291,13609a50,1bca1858,11,67.17801493152398,61.799490887740035,5.3785240437839406
292,8cb74dcb,4ab4a4d5,8,67.86974829078126,64.16668347975195,3.703064811029307
293,31faed9a,2c0a1c57,9,60.96442524610666,61.79160014624028,-0.8271749001336204
294,7b69396a,7f1aa6ca,10,67.84250534918742,62.59148001590491,5.251025333282513
295,1c717f4c,21f52a42,9,73.4302573941286,71.1574818421931,2.2727755519354957
296,050db810,af663038,11,70.11945114997035,71.74647258837643,-1.6270214384060893
297,831bdd45,317bb87c,10,63.71299461764376,62.585419404765915,1.1275752128778436
298,79b40bbe,9757afe3,9,61.99441225947869,63.69961460778032,-1.7052023483016256
299,44bc872a,0b61c3ad,8,69.52936281801728,59.24956714520996,10.279795672807317
300,d2b82df8,48844e59,8,65.17129003474781,57.034762260334375,8.136527774413437
301,6bbb6098,b5f70ddb,12,65.71397250445683,62.665269926818816,3.048702577638018
302,e777f904,ddd44f1f,5,56.72903303247886,52.29270289564208,4.43633013683678
303,1bc045fe,e032f206,12,70.98403075856396,61.03367095022661,9.950359808337353
304,04998bda,c604eeca,12,64.41683835987745,62.67379748949218,1.743040870385265
305,bf903dcb,8290b217,7,67.50810301712212,61.934573140910665,5.57352987621146
306,3a2f062e,914a5be4,9,68.46693381600537,64.00507452144217,4.461859294563197
307,eb5e97b5,7ce351ba,9,66.22487705978698,65.82269635700919,0.40218070277778395
308,e95fbb9b,cd71d262,9,69.94624371043899,72.1906438295897,-2.2444001191507112
309,b66c546c,29dcf8c6,11,66.90973588878609,60.8239778213394,6.08575806744669
310,916e1121,c3b3717d,11,73.99620329643619,70.30446153804691,3.691741758389284
311,da99cb5b,a64853dc,9,68.6438369214141,60.320745402334175,8.32309151907993
312,773472d2,7cc1eec5,15,70.11112416290776,62.297659516430954,7.8134646464768025
313,bf2d8111,d1a46217,9,67.92560102707341,63.48212732634303,4.4434737007303795
314,7c6a1b31,e0940774,4,72.2101025155844,57.0037584355736,15.206344080010794
315,af0ac194,0ce64420,8,70.62558202702606,64.54164280270035,6.083939224325704
316,3c5d8e81,176670f2,8,68.20822276240315,60.50241615641275,7.705806605990404
317,6db74bde,1925710f,9,69.01057850843144,68.07328109911815,0.9372974093132882
318,d1513b4c,6724295e,10,73.49825386780985,67.35417517919508,6.144078688614769
319,7e5baf8d,f83dd03f,10,61.37486629468575,62.830463731536256,-1.4555974368505034
320,6d6f9969,a9b4c3dc,12,71.19689253827801,65.21692241165044,5.979970126627563
321,761b4504,792b577e,11,71.43191375944465,61.21230663905226,10.219607120392396
322,e016faa6,e92bad9b,11,69.43713692266711,69.80228625945084,-0.3651493367837304
323,ad750bd0,a9f9aaf4,8,68.06057973433964,60.7772830684084,7.283296665931239
324,729f1814,6556ff44,8,68.972625168152,65.30668213211041,3.6659430360415968
325,aa7ba7ea,08823c7f,8,71.16081032127431,65.68073372486532,5.480076596408992
326,276ff1c6,60a22f8f,9,68.95116463219125,70.86086823402243,-1.9097036018311826
327,185e2cd0,97090185,10,70.90817050616067,67.33928507229676,3.5688854338639118
328,15dd653d,f9b53389,9,70.67886697597862,59.60450604352612,11.0743609324525
329,c068498c,5a8e3bff,10,63.50035023688836,58.576943897376296,4.923406339512063
330,9e7615fd,514e433d,12,75.86499905167797,68.25141410088534,7.613584950792628
331,b9facfa5,2a64f5d3,10,64.07056648360438,61.85485605460766,2.215710428996722
332,47095623,2603237e,12,68.62080891992021,60.64125251822741,7.979556401692797
333,77329b1c,9dead550,11,64.63964102833357,63.64465713257118,0.9949838957623882
334,1237ca96,9aa4619e,13,71.53031013443518,69.82569801208635,1.7046121223488342
335,bbc396d6,5d8114a7,13,74.66579490512294,61.374809584054375,13.290985321068561
336,0cb45220,4a005a8b,8,68.18186268996443,65.4263117469719,2.755550942992528
337,4f897d03,17eaf5a8,9,70.63487279173401,59.35824220495232,11.276630586781693
338,170260c7,a551b4c1,12,74.49725611275812,64.26160503352381,10.235651079234316
339,10ddc93e,dadb57ad,11,70.312423814288,64.13307860167622,6.1793452126117785
340,f00abc5d,7ab64875,7,59.62953112454605,54.59000299030748,5.039528134238566
341,6695715c,6ee9d029,13,72.78614136488105,70.31301290247188,2.4731284624091643
342,f96a43a7,a23bd414,6,66.29148506521065,65.43828609789996,0.8531989673106892
343,eab93e1d,0dd6afe7,9,73.96217030340536,67.22012267440539,6.74204762899997
344,9897b1a6,a7e493e9,7,58.77483393768975,55.04332630717718,3.731507630512567
345,a4231b0c,a5eed059,12,72.68610154304108,63.754211358185906,8.93189018485517
346,e5c49fb3,824c58b8,10,72.99470405802558,65.06744633415921,7.9272577238663615
347,57e62930,d3c531d8,10,69.91964758926568,61.82499850222656,8.094649087039116
348,1c0fb584,652b8688,11,71.84010216767913,65.12785528724038,6.712246880438755
349,7fa849c7,c3eb5b06,10,70.67011743233562,67.91214526835722,2.757972163978394
350,fe111c79,d5dbc58e,10,72.1327655030719,68.3558249091544,3.7769405939174874
351,260082c1,ae5bc695,13,75.84055215331342,69.05263548985852,6.787916663454908
352,e52afefd,c3bbe8ab,10,67.71503020415471,61.58940035795014,6.125629846204575
353,324b8e5e,b47b1a2a,11,70.5729770727175,65.1985407792499,5.37443629346761
354,8256fa6c,b68d94a9,8,73.56527962589115,67.26897361919015,6.296306006701002
355,b1c5cd01,bddb3a74,5,59.59953005884384,58.02688865550698,1.5726414033368599
356,bbbc15a2,2da9de2d,7,68.54560314235621,62.25517516503544,6.290427977320775
357,afd6bd95,13673f32,12,62.15078947739633,62.04467260495352,0.10611687244281143
358,705a67c2,079fdd15,8,67.19099236684245,67.18950562099997,0.0014867458424845381
359,1dae8cec,64a33097,10,70.19685564644098,62.610057628936,7.586798017504982
360,bf50f077,7b8cde42,13,71.21887624637614,69.60031114678824,1.6185650995878973
361,e2b72a7a,8e588200,12,68.88833221795346,70.88935967456264,-2.0010274566091795
362,2ecc18e4,c58448a6,7,62.67277905228334,61.07742875590272,1.5953502963806159
363,5e2c2acc,8da470dc,12,72.85058480686865,70.7420753942007,2.1085094126679564
364,41b09a96,73bc4123,11,72.6505482367485,68.54649904680288,4.104049189945627
365,e94a4b52,b1606987,7,70.84671333332271,67.2733033177908,3.5734100155319055
366,8a77663f,32508f61,7,69.28142509958502,67.71394699373525,1.5674781058497729
367,e1a1c46e,96207baf,10,68.48489231266828,68.99502135875919,-0.5101290460909098
368,8c03d736,3c71f0eb,8,68.6398461067722,63.44564007525709,5.194206031515108
369,377ae8e7,d1eab48b,8,74.90206100190443,62.932577177522845,11.969483824381584
370,69031e9a,aae2b18e,9,71.3309927784251,62.82771612703115,8.503276651393946
371,20aee932,f2642b52,8,65.7779252213592,65.15813692166446,0.6197882996947328
372,ced9649e,fcd87e40,11,70.38044091434043,63.37807787585519,7.002363038485235
373,07ee758b,732e31fa,12,64.1457851956201,59.571064606560455,4.574720589059652
374,b360d267,93c8943e,10,70.88264180951651,68.10176302587074,2.7808787836457753
375,eb672056,5db23b0a,11,73.03445251029034,65.93687846015033,7.097574050140011
376,3f66649c,843cf89f,9,69.794803973995,67.93862627520011,1.8561776987948946
377,41420cb3,2ad38025,5,65.54893611649436,56.14096596679131,9.407970149703047
378,79d0baf4,2cab9ef6,11,65.24481044369739,64.17574291783663,1.0690675258607598
379,6947cdd9,ac4e808c,12,69.0441022053781,69.18498758010334,-0.14088537472524365
380,2cacb1a9,8956f9d3,13,68.4846976894455,63.008929018493575,5.475768670951922
381,4143f1db,f3f41291,10,74.11784392285914,70.06914431362499,4.0486996092341485
382,b4c3e72b,3646c045,8,65.19125199983277,63.4727968716889,1.718455128143873
383,7e3c9e13,651b80ef,11,69.98778869693483,64.4151868065298,5.572601890405025
384,d35e8701,c2f5d50c,10,70.56562604690872,65.83629045362098,4.729335593287743
385,fa4ae8eb,a5833d5f,9,70.698494185995,63.398385995170834,7.300108190824169
386,8d650bcf,e1cabb7e,9,67.43015104807421,63.968427906047225,3.461723142026983
387,838ba42f,4c1a8475,12,71.81680996406163,65.0872455744244,6.729564389637233
388,e96a9316,72dd9c16,9,69.80419240305895,66.6567314540664,3.1474609489925456
389,6aa9ee3b,09bcf7d1,8,66.03497186819031,60.69901255390207,5.335959314288239
390,1033ca68,3d8629d4,8,69.62756475200017,65.83047289940357,3.797091852596594
391,728517d5,cb4ff275,8,66.84530082279721,60.29199466397102,6.553306158826196
392,3d0eeb29,455b8268,8,67.71901706601332,59.05666291285645,8.662354153156869
393,cad0de2e,18a255d7,9,77.32750044339768,70.75100073934647,6.576499704051216
394,b737a8e0,15313a27,8,70.797198069032,64.65800365098283,6.139194418049172
395,f7c7551d,60b440e6,8,73.18842053696828,62.55695095472409,10.631469582244193
396,615bb6a1,65bc5e0b,10,72.17136006607413,63.96639656308112,8.20496350299301
397,f3898e99,5bcf338d,11,68.09556027969884,58.7454937138643,9.350066565834545
398,15fb58a7,cecdf2c4,9,67.79112159997105,65.14829992300528,2.6428216769657666
399,049316a4,9ce3f812,7,64.69806179092173,57.798177445587044,6.899884345334684
400,94781e66,a548486a,10,69.81379150627745,66.63768156255458,3.176109943722878
401,bfbea693,942b1cea,12,71.57269900677557,70.98716756412425,0.5855314426513161
402,3041295a,43b0cd85,13,72.74681260981576,68.76393730455621,3.9828753052595545
403,c3a20585,ec7e055a,6,67.26411293906465,62.31604375092088,4.948069188143762
404,a40b7da9,f70df24b,13,71.01289179765479,60.75999156202186,10.252900235632929
405,8bc28058,4d9fc272,9,71.37873176716656,62.01077824051126,9.367953526655299
406,d7052683,6b2895dc,11,65.0116902750105,59.45239677291687,5.559293502093624
407,93fb55fb,910fc51e,12,71.46557978324196,71.03451646073398,0.4310633225079812
408,8d83b985,14a27110,10,68.87942028629064,65.83114646740913,3.048273818881512
409,2b62f580,ab5d13b3,11,72.81209782924059,68.0634089400451,4.748688889195492
410,33e6ffb3,addabc8a,4,75.72236596654635,66.54926579480264,9.173100171743712
411,e59098ad,4349ca90,8,64.71377214869283,60.14953697658805,4.564235172104773
412,7dbdd7e4,d059ca73,9,62.965944423801965,61.3032234821971,1.6627209416048672
413,6f961465,8280642e,10,74.98175577764188,69.80195911124586,5.179796666396015
414,f526c414,5dbb6d08,7,61.53943362951707,55.934001877713655,5.605431751803415
415,4cbc95f0,4b5f3965,7,66.2007583072757,55.11737116875632,11.083387138519385
416,acf9066e,97e876b1,10,64.6492663430023,63.60167121342252,1.0475951295797756
417,af45a55a,65350f1f,7,70.20673899772324,61.70028801395396,8.506450983769277
418,a4316a4d,ac8a6924,12,73.95862858972373,63.49957132957145,10.459057260152278
419,730a1187,f7849f24,9,72.10337192958931,64.43666655446071,7.6667053751286005
420,967b4292,159981aa,6,66.24654631766907,57.34585297042895,8.900693347240122
421,975aa544,ff70b19b,7,73.81292848897115,55.76707010315674,18.045858385814412
422,dacb31a6,eb87f9a0,8,61.89797199233078,61.336131153247706,0.5618408390830751
423,da6a9e67,d37f3548,8,69.9045582596292,63.055573138883,6.8489851207462
424,b1199ce5,74b61236,10,70.98843838656286,67.42148611867566,3.5669522678872028
425,df7bb23f,75d00dd9,12,71.7542941345137,66.84512666666483,4.909167467848874
426,7270d969,08e09fb5,9,73.01590061136207,61.590207674249925,11.425692937112146
427,e5c13e49,076d1413,9,78.093180364088,65.07001430602625,13.023166058061747
428,f6a7b45f,e77354af,11,69.77379990413004,59.63034647513135,10.143453428998697
429,93bc4046,474da5ff,8,64.43779331224077,65.30863518241867,-0.8708418701778982
430,65a32ac7,e41b94bb,9,72.63376091417753,62.507285173516735,10.126475740660794
431,4d6ce9ad,fbf61df4,9,69.11297814337584,62.44090823673243,6.672069906643408
432,c852f78a,a99cdc7c,9,69.94638315479338,61.63295876294043,8.313424391852948
433,2fc6c88c,12979538,12,70.02714998230527,63.021584345482225,7.00556563682305
434,22d57586,ef450ba2,12,71.0447774574074,62.46245882323058,8.58231863417683
435,4707f15d,29e3cf6b,8,68.2509015166003,63.14673763616345,5.104163880436843
436,8d79d0f5,d507c796,7,72.58915593476641,64.38045069251514,8.20870524225127
437,46efc94b,db832560,12,69.78922192479426,63.37227531873506,6.416946606059199
438,f7f7ffd5,0e94f7cc,11,70.83118722415645,65.49576346444653,5.335423759709926
439,51af48bc,b626fdfb,8,70.70089772993148,67.4320946245904,3.268803105341078
440,57db4021,adae93b2,11,72.0828442211448,68.16392689469163,3.918917326453169
441,ee5b07d6,0a6555c7,14,75.28751934055046,65.80328801723016,9.484231323320301
442,c90ab703,dbd9905a,8,72.44287016305286,69.02275072927564,3.4201194337772165
443,166ebf65,f11b8662,10,70.74890212706273,62.28196959220172,8.466932534861016
444,713f71ee,b472da06,8,65.11737008447128,60.26919502300005,4.848175061471224
445,a0a07c53,13312de8,10,69.9106900819537,59.84366656304186,10.067023518911846
446,466574a5,207587f8,8,63.25076019036325,59.952950059925385,3.297810130437867
447,eec312e2,1d280c6e,9,74.91075533733743,62.083108220751015,12.82764711658642
448,8f092be3,3df19a83,10,71.93424429626589,61.73984499192227,10.19439930434362
449,aced06ae,937fc727,7,69.77729213417885,70.36669584307495,-0.5894037088960999
450,a00c6175,2e313665,11,69.14107556395888,63.11672485901839,6.024350704940488
451,3415bea1,cfd704cc,9,64.84275902631887,61.670806779424026,3.171952246894847
452,49647685,04a635bb,5,69.18809664654036,59.443671304656135,9.744425341884224
453,61ecf70c,673bbe4a,8,75.43206639192024,57.270246814381736,18.16181957753851
454,b5ed68f4,5526c7e3,10,67.92278460921636,63.510978814067904,4.41180579514846
455,59d09ae4,e7d75e9f,11,71.48547607757038,63.946123237889374,7.539352839681008
456,ab87f79f,9b6c9309,4,66.01882652754728,48.58856096073011,17.430265566817162
457,eed2d90e,a35f9efa,11,70.40027735123572,63.500947128476646,6.899330222759069
458,55f74add,bf02703f,10,70.8568491939132,64.77012062861631,6.0867285652968945
459,bc34004b,bf85a413,6,66.7361873973151,69.18704486902331,-2.450857471708204
460,ba86c2be,839f66d9,6,67.17557098420558,60.902421106418394,6.2731498777871835
461,a5661887,0ac448b9,8,70.51369148959103,63.31883747174692,7.194854017844108
462,9cf3c18a,c4367486,10,68.28254624747272,65.31518162814928,2.9673646193234475
463,be6ad602,2f77fda6,10,66.88271054255232,61.30517153615049,5.577539006401828
464,30ee996f,7c8d058f,10,72.49456170143903,64.8408955804918,7.653666120947221
465,35a21890,661ebbce,8,66.7830677501835,65.79354838470923,0.9895193654742798
466,cd075a98,6e81a5dd,9,65.83990922956524,61.226775715757086,4.613133513808151
467,2d51328e,1776ed36,11,70.79518697754386,63.68005988285266,7.1151270946912035
468,c7ef56cb,0d4c9b5b,13,70.5338748781737,67.32940082616024,3.2044740520134667
469,8b9310e6,ecf87e17,9,73.01065219057354,68.14785797522256,4.862794215350974
470,2c7dda47,d7e96cc4,9,70.49051138654006,71.55359854150294,-1.0630871549628722
471,f3217c8b,419d4837,9,76.12177370590042,62.6787249226006,13.443048783299822
472,edbea64a,f8ce6b7e,9,72.96910230259782,66.70438176368305,6.264720538914773
473,6fb4ef5d,709a5e86,7,64.97272199568785,50.7145984371087,14.25812355857915
474,dc8c0cf3,fe5ebeaa,12,72.21391780474247,75.18515912757125,-2.9712413228287886
475,ed730911,5965b4ab,8,70.2402598870968,67.38584408705323,2.8544158000435687
476,c04a9ee1,e9200aaf,12,71.13626056788857,71.54401525533017,-0.4077546874415958
477,6f2a0867,4e0de78b,9,68.40507690694048,62.53313123982675,5.871945667113728
478,a62a991a,dc71a1fc,9,68.28433432894784,63.96637625305551,4.317958075892328
479,31bd8c3e,15eb3c53,10,67.56482130870754,65.93304867971304,1.6317726289944972
480,325933af,a351a960,7,70.47466992566248,67.24579298752724,3.228876938135244
481,266520e9,653bf417,8,70.44526238303598,69.69322212650997,0.7520402565260156
482,252eaa6c,89c1f3e2,11,71.27224353661882,69.42761473625234,1.844628800366479
483,02788e6b,d56f1014,10,76.02811265052408,68.53235288377368,7.495759766750396
484,5616e050,23e47134,12,69.14170663698408,67.02585419143702,2.1158524455470626
485,b8cc5df3,059922a8,8,69.4509334343883,62.77662395994305,6.674309474445252
486,e4016ca1,f9359212,12,74.05856063413944,72.02233566619503,2.036224967944406
487,6f88c8f4,43d84988,7,70.15583554564876,63.19244223165978,6.963393313988973
488,478f424a,62ed42d3,8,63.59616909738854,60.53946232461199,3.0567067727765505
489,55761884,07da7ca1,11,64.5519565995493,62.61816318333125,1.9337934162180517
490,caf398a5,fb03758f,11,70.14611642556542,59.614271910450086,10.531844515115338
491,df9588c4,6dca0e9a,7,74.44957737701458,66.1652849345541,8.284292442460483
492,0860eb73,edd3e600,11,71.25207792530739,70.47693564195252,0.7751422833548673
493,d4290fa0,a06d2a45,9,72.76041668237562,61.16272682359525,11.59768985878037
494,06ea3c96,ebe23aea,6,63.795872113935,61.482287416800034,2.3135846971349636
495,1d5e104b,095dfa8a,11,70.71374501148959,61.05906803857218,9.654676972917414
496,7028e88b,bcdc086c,10,75.9574816999259,69.71580262167339,6.241679078252517
497,0d88ab15,4fe371ce,8,72.43492698081029,61.58170162156957,10.853225359240717
498,468c1872,9894e5e3,7,68.44341956338891,61.38210845964633,7.061311103742582
499,5c2b3ab2,273844f1,12,72.44207992448759,72.80429688573533,-0.3622169612477393
500,2fa813eb,07b98763,10,67.78102458335994,63.60913343461057,4.171891148749367
501,2806745f,50702583,7,65.55548652736881,53.20131151246579,12.35417501490302
502,c1b2aa7b,8822ba2a,8,75.15261276002248,70.486649506145,4.665963253877479
503,c5c7fb50,56f1de77,9,65.37005726222299,61.31098992760403,4.059067334618959
504,d64fa527,ae0b85d1,9,72.19079211625751,66.13193946205574,6.058852654201772
505,f54730e3,79347a73,10,69.8641894250159,62.87378071367961,6.990408711336286
506,be382ea8,c24ff18f,13,62.60778135733147,62.8211953956457,-0.21341403831423378
507,f37dfb4f,3f120ec0,9,69.21062682982587,68.03061756189166,1.18000926793421
508,9c61a1e2,005edee0,9,73.96605350181693,59.29528304551233,14.670770456304602
509,050a06e6,668caeb8,10,72.76693703892568,71.08266526408211,1.684271774843566
510,e661b5bd,8c7a0951,8,69.85860799264597,66.85667809731724,3.001929895328729
511,aca7b5d6,3af78b88,9,65.27010872776708,58.94693518849161,6.323173539275473
512,5654393c,41752538,10,68.82773881842681,62.16926324050875,6.658475577918061
513,11148fc5,762651bf,9,71.68128058247804,64.05427413119654,7.627006451281503
514,90cce7e1,01a14061,9,67.82873288601293,62.89162300869705,4.937109877315876
515,33a7dcdb,636d236a,10,63.941509920502845,57.515819641681254,6.425690278821591
516,e1722934,88f4b337,8,65.32519582482304,62.312301977936926,3.012893846886115
517,70abf033,bc96e131,7,68.46600241516569,67.8606234821915,0.6053789329741903
518,bc47be37,a299d548,13,73.72234545499565,62.89673167694143,10.825613778054219
519,47df2264,81ab785a,9,65.60691619500417,60.68888715406892,4.918029040935252
520,b1c43272,bbaef027,8,70.8611010472184,63.244510392160166,7.616590655058232
521,805957c2,8ca7c0cb,11,70.83089527931256,62.90053541709257,7.930359862219987
522,d3b247ea,4ab190fa,8,69.97834894460874,64.04067578445135,5.937673160157388
523,e7de0190,954e6111,9,74.4235924291846,64.4073577247899,10.01623470439469
524,75019600,757e184d,9,62.26303998676565,57.22431698385044,5.038723002915205
525,b25835bf,c414cad6,8,67.36457264585857,65.36613485836332,1.9984377874952486
526,b6174e07,ef323a9e,10,69.74192206745548,63.26833946218427,6.473582605271204
527,8905e905,3c7703d3,7,64.4752642934206,64.61146150035876,-0.13619720693816362
528,f936bd06,57fbb7ae,9,61.77810502733057,62.85776425909483,-1.0796592317642606
529,008b76ab,ed1c1103,9,63.82981978738783,60.22476658627102,3.605053201116803
530,15028fc5,acc25e74,9,70.05485899595784,58.329067952690856,11.725791043266987
531,7c92e151,4cb875f3,12,71.23884841902311,66.67714294683046,4.561705472192656
532,3b7401f7,cd29091f,10,72.34748665243734,62.98711471224833,9.360371940189012
533,3c35d41c,2b38144e,12,72.69304470277653,71.26364768462197,1.4293970181545603
534,0de4948b,7716deef,9,62.86257836802293,59.07012013030858,3.7924582377143494
535,e2f0b9ec,83cb89d9,12,71.96833897280172,65.3175375998794,6.6508013729223165
536,4113fb83,efe37f34,11,65.4329702805055,62.69877963914009,2.7341906413654087
537,a27bfada,a11cbc43,9,70.05039974083024,61.2622218378566,8.788177902973644
538,e5a8bfc9,079f6b5a,9,70.84250657235813,63.206806716658505,7.635699855699627
539,61fe60cd,b24ca882,8,71.15366694279173,64.47057668912528,6.68309025366645
540,3384e42b,335f68fb,7,67.06412513638246,59.193996354951366,7.870128781431092
541,ad964ad3,c82b6fb5,10,70.06464352994676,62.604138091553956,7.460505438392808
542,d07629fb,f22b1e2c,7,63.11760290666727,54.70868031221076,8.408922594456513
543,f2f2f907,9450ac96,8,78.34771689413165,63.96125364383208,14.38646325029957
544,a7d5aac1,23bfedd0,9,71.13542303281311,63.62813226205519,7.507290770757919
545,1e212071,2e0b72db,12,69.84567931546788,64.60780361571793,5.237875699749949
546,1b74f98b,0ebdc6bd,8,71.36249715639828,62.23897328594877,9.12352387044951
547,bd72b46b,0147a126,11,67.83488787662115,61.775711750114475,6.059176126506678
548,39c48ff4,7f8a78c9,10,76.90518001498519,69.6909347028557,7.214245312129492
549,d47bbb97,05ce1c39,13,72.31160666704788,69.13795558198643,3.1736510850614508
550,1a8e7cab,b2f8d065,9,69.17535799944311,61.94983419390364,7.225523805539467
551,9d85ce74,d9bfbde1,5,69.16234517553647,60.41895026264565,8.743394912890821
552,17e031bc,848f6f5b,11,70.24242546987227,64.1133486515943,6.12907681827798
553,a9575001,7bbe992c,7,75.57460144131778,66.44418496844439,9.130416472873392
554,aa21510c,1877a17a,11,70.6414303357588,68.37403282891222,2.267397506846578
555,c9bf76c7,9cfc2d69,4,64.60952223364339,53.352134386371034,11.257387847272355
556,302f5367,40cdda50,8,72.45233587590555,66.29629392315158,6.1560419527539665
557,c079761f,cd2a7458,11,75.59407963516479,68.47125868285097,7.122820952313816
558,f3a8e8db,b03b01ff,11,75.68603810701997,65.30859134573289,10.377446761287075
559,9b4675be,bc88dcaf,8,69.2378632579244,61.537395498387504,7.700467759536899
560,0ca83e34,e6c3af54,9,67.10058443884633,63.06901304233193,4.031571396514394
561,34cc40d6,befd6a54,9,73.62763665892264,67.86681656061836,5.760820098304279
562,cd8f8569,d32bdf4c,15,71.96300105717961,70.10415206540928,1.85884899177033
563,2385c108,f2df428c,6,67.36069351635744,58.21825690128003,9.142436615077415
564,0638628e,a2d716ee,11,69.8465609744693,68.95929599803974,0.887264976429563
565,0cb2ba01,264591fd,7,60.78075231524384,60.470565727022944,0.31018658822089407
566,0b63be86,2f5633fe,8,73.21710143516187,67.03691894039316,6.180182494768701
567,06ad93c2,9ca289d6,9,78.51669146357078,70.64294858760708,7.8737428759637
568,863beef5,599c62b1,8,75.9374379342494,61.05314195676756,14.884295977481841
569,aeaed802,b1cf4ed2,9,67.10824514612514,64.80124946930174,2.306995676823405
570,0ccda6cf,bb1827f4,11,70.49548599931495,61.07279978031212,9.422686219002834
571,c500e7c3,99ff3514,11,72.96815261738485,64.84818200121681,8.119970616168033
572,b549c027,93c22028,11,69.93535306540707,62.788618256098694,7.146734809308377
573,69b93759,deafda60,8,69.30374846375656,61.06961369788679,8.234134765869776
574,783c2f71,9a539f65,9,68.77298033937222,66.0979644013397,2.67501593803253
575,64a6661d,4c7ad7da,12,75.75919916715395,69.13708290295126,6.622116264202688
576,28b43439,08ce879f,9,68.11159633327745,64.87410039463214,3.23749593864531
577,6756f223,4c78306f,9,65.68367137754602,65.54249484810529,0.14117652944072745
578,5085c3a6,9a661f6d,7,61.92190944769714,60.19853456562288,1.7233748820742605
579,535af735,68914a20,8,71.74217829207406,68.58845614072789,3.153722151346173
580,81275ade,f66fc486,8,67.18674488884473,58.535266683137586,8.651478205707143
581,c01bb9f9,b8be8337,7,67.71363615434743,60.722081328443466,6.991554825903961
582,77dc5ede,75e6a431,8,67.70632640916345,60.625228695048534,7.081097714114918
583,ea05a289,d61c0b63,9,66.24371012144712,63.649150399273054,2.5945597221740684
584,bf73cad6,e20ea609,9,68.45859979776328,68.27983390718454,0.17876589057874526
585,4f429893,5cfdd56c,8,65.36728941053576,58.61924162817638,6.748047782359379
586,f92fdf34,2cef765f,11,62.286583913691985,55.27102355196916,7.015560361722827
587,37a176b9,c6c63d00,13,66.21319847142293,66.08150804763362,0.1316904237893084
588,f0ebcb1f,1800b846,10,69.59071330626968,62.69574270051603,6.894970605753649
589,2d646f6e,888b6805,9,66.46947339545692,58.55003264149139,7.9194407539655245
590,c57f9b3f,1aec054b,11,71.47073956167978,66.35463071805255,5.116108843627231
591,76a9c1c4,96d09797,11,69.37002749221833,66.03077456583279,3.339252926385541
592,7e092534,17583b80,10,66.75411003057485,66.93107124756966,-0.17696121699481182
593,ba465a89,1c2cb8a8,11,67.11320506677352,58.389856306868865,8.723348759904653
594,5e3b0c9a,708026ec,8,67.8899937208714,59.34450651867464,8.54548720219676
595,47a64af0,e490504f,10,68.92611754899775,62.457356510527504,6.468761038470248
596,27ffe857,a4969812,6,69.82937519671728,61.64441674679917,8.184958449918106
597,20100e91,505d939a,8,59.84882018174859,61.364065291565666,-1.515245109817073
598,a1e2eb87,6d86eb24,10,67.14809760782956,61.700419241282596,5.44767836654696
599,0cf23f22,33ea1566,9,76.81999964394652,72.2357368869955,4.58426275695102
600,a6abc736,16561807,8,66.17804717060903,61.821815516744216,4.356231653864818
601,51c62ab7,949b4e7a,7,61.9660102452157,59.58216298519236,2.3838472600233374
602,631215ea,4bc6c23b,11,69.06402591414104,65.10681671290189,3.957209201239152
603,17c47a1a,e957befe,10,72.83045955959354,61.07416892685453,11.756290632739002
604,83ef7114,68ab8498,9,69.99935001117164,63.158734943095055,6.840615068076588
605,a5872e41,380ad2a7,9,71.86926734124746,61.86834544253567,10.000921898711795
606,ced8c1b6,e82c5155,11,68.09399138735323,68.25520874219065,-0.16121735483741872
607,44581a8f,d63c4804,6,65.67699464067212,62.70326027977496,2.9737343608971614
608,295c0924,66ab85a7,9,69.43944978691047,69.20667096111227,0.2327788257982064
609,7f6a0cbb,03e4b5f7,10,69.31662067177457,71.85394513526688,-2.537324463492311
610,ff86290c,b4a7dfda,9,62.422278352282234,60.69393742857989,1.7283409237023406
611,95c68599,d0fcb70a,9,68.96328094720155,67.15761238500015,1.8056685622014044
612,07058a69,b19f68c3,10,68.97705626995263,66.58064978713016,2.3964064828224707
613,f09dfb50,d40db69b,9,64.79941971469573,65.837476353409,-1.0380566387132717
614,bfbac85d,5313bf25,6,72.96376269899024,69.9335738707321,3.030188828258133
615,503193bf,f990174e,12,66.66815243374495,64.17380168152458,2.4943507522203703
616,7a526323,8b5b5772,10,73.75345024070685,62.92602549229075,10.827424748416107
617,bffae523,0d61d495,10,70.93384411828949,65.60316434941339,5.330679768876095
618,aff68148,45c287cd,9,68.15690594535862,62.18015818925249,5.976747756106128
619,d8705478,f0e87bf8,7,68.12750322428188,66.80577461796173,1.3217286063201499
620,6e8d4031,e58a0c56,10,72.08877981307185,70.09670547860304,1.9920743344688105
621,e0d4f6af,60af3b2b,8,71.26736878809517,66.44239367781955,4.824975110275616
622,0e06bd29,9999fc02,5,65.82059657705125,66.42056636138543,-0.5999697843341778
623,75820716,16eebc3e,12,70.63988840352658,66.84966076040732,3.790227643119266
624,d8642089,de092ee6,13,74.06271692495751,69.72280585297854,4.339911071978975
625,618096cb,1dc7dd9d,11,70.38043775577597,61.03808218157515,9.342355574200823
626,31560582,47925885,12,77.81995751134203,62.007112762936174,15.812844748405851
627,ccb23edd,faae188f,9,62.20411610867076,58.98568104439882,3.2184350642719437
628,efcc3343,4afb34be,9,69.47714162508453,68.04591671018935,1.431224914895182
629,a7e2f30f,474d1cc1,10,68.90333496096855,63.90765744024364,4.995677520724911
630,a4bb5f47,aa56da87,10,70.10475525225948,57.44383768145481,12.66091757080467
631,5ae84e57,53e47498,9,67.59682857162423,68.01441802354864,-0.4175894519244139
632,cd25a61f,36533f05,12,70.82585372026898,58.35275534891697,12.473098371352009
633,3937c9c9,89d8263b,8,61.83266190842927,54.6389242719513,7.1937376364779695
634,81895c77,cc0edc07,11,81.85525449001312,70.94084314608976,10.914411343923362
635,056846bb,5b91ec3c,12,71.94880047410956,64.40376918823003,7.545031285879531
636,b9d53ee5,b3e97950,5,59.893355432089464,47.48128907811294,12.412066353976527
637,f22423c6,4919f072,11,63.74734920562695,63.42133372457024,0.3260154810567144
638,244565b4,d4372f0d,9,66.18408269007104,59.70581381518302,6.478268874888016
639,7e4998c6,b656c88b,7,65.84586925938618,53.3513219247265,12.494547334659678
640,b35c6017,0466885a,7,73.0387749679526,65.45949462096968,7.579280346982927
641,221984a9,396dbeea,7,64.42091052369275,67.13964163228805,-2.7187311085952928
642,9c540d27,5812e99b,13,61.40694894120528,61.747537303892656,-0.34058836268737736
643,2630232e,19c8d30b,7,68.74631951324704,59.3759774616348,9.370342051612248
644,73d3fbfb,9542dad8,8,79.79566342959113,63.87258065261389,15.923082776977239
645,b0835e39,5eaac0c2,8,67.98549679296066,63.353759722951054,4.631737070009606
646,3601ad2e,8d434e60,12,71.34667575162668,64.96125605536241,6.385419696264265
647,43f500db,87de711d,7,61.21620233940621,62.169434218619905,-0.9532318792136962
648,ab920190,c95bb7aa,11,66.64893321054714,62.462632174766966,4.1863010357801755
649,85e5566e,588d41f4,11,68.39743501406599,62.57046523924931,5.826969774816682
650,c6c007c2,4b002324,9,76.34975006083974,69.42321194280517,6.926538118034571
651,bc597428,af050fa5,9,67.96893398327556,59.88165859597874,8.08727538729682
652,cb4b6962,1e654b1d,8,63.08038324803006,60.68700938468957,2.393373863340493
653,230596ef,afe9edd5,13,76.09651558045782,66.37696522919978,9.719550351258036
654,7e76a2df,ae9a41c8,10,73.39780192248078,69.09774728148014,4.300054641000642
655,a79be235,59ef2750,12,69.87217120975755,66.87783730884676,2.9943339009107888
656,8f9fc80d,2058f461,7,59.48997217065012,61.867681177210756,-2.377709006560636
657,2f3483c9,6ebf981b,6,66.80981318111346,58.65423796042032,8.155575220693137
658,8e70c486,50d266f7,10,69.7826137261871,66.47971779438068,3.302895931806418
659,53ff9616,539a4750,11,68.70863115583842,65.21093382373174,3.497697332106682
660,13bd4d50,9f1a3d02,12,70.4621264490871,69.24884855498773,1.2132778940993632
661,640483c5,9001f523,8,68.09949363035864,60.66665851556561,7.432835114793029
662,9d85c779,f6bc64c4,11,71.4389415023739,64.8084941112185,6.6304473911554
663,ae4e00cf,6a9f1d0c,10,71.38876316869465,63.473224675877304,7.915538492817348
664,624aac4c,b214ec00,9,70.10903147766805,64.37061148719577,5.738419990472281
665,ac98ad98,eb49275a,11,77.76594564269385,70.58899739507821,7.176948247615641
666,bdab2565,c8454988,7,61.65211962236404,61.49136872795232,0.16075089441171997
667,4b4c9176,a9e56731,9,64.75254585827308,62.36426832829319,2.388277529979888
668,b936c2fd,ea51bd8a,13,72.0905394680344,71.59115530470396,0.4993841633304328
669,17dc796c,8898f387,8,63.18253877623307,54.65576750871882,8.526771267514256
670,ae33042e,d2e6d8dd,7,59.9440121309355,60.6498085196757,-0.7057963887402039
671,07c0080d,113eaed8,13,73.52674217680284,70.5955230739753,2.9312191028275407
672,29e564a5,c313b873,9,63.97195810276439,60.695279733983234,3.2766783687811554
673,739e6276,57daf077,6,68.18034996501903,59.704465345163264,8.47588461985577
674,29082c69,8066c803,10,64.78417596681042,58.59120047272189,6.192975494088536
675,49174d58,59552116,10,70.00131275337203,62.123283096173985,7.878029657198049
676,b52bdd76,bdf9fb4a,11,66.1787210807122,60.12789957436109,6.050821506351106
677,39eaaafa,77efcc47,10,68.76046495904274,69.48299454147347,-0.7225295824307381
678,0c32ff54,5bb914a4,8,69.24238493519505,64.84607453250261,4.396310402692436
679,9fa72538,5986fc53,8,68.31858083914041,65.65101382745513,2.6675670116852785
680,ddbc76ec,af8bf4cf,10,70.33701357350691,61.944221349680475,8.392792223826433
681,644d71d5,f85762ab,9,70.29530914446617,67.44582543400264,2.849483710463531
682,329486c1,a29e9395,12,70.68048594098735,64.91329096558742,5.767194975399931
683,1e8d1d67,cd60487d,9,69.27040725511603,64.7375545162989,4.532852738817127
684,2cc78c37,4604f979,12,65.73245800078314,62.034616271701864,3.6978417290812757
685,9b513e29,225ed657,11,72.43882726673874,67.94043832689508,4.4983889398436645
686,e73434e7,6cfc2ba9,7,60.835665264769496,60.96802612850126,-0.13236086373176192
687,00b98dae,6611f6f0,10,63.46947780294152,60.65526920049212,2.8142086024493977
688,dfbfd60c,8c156e91,9,68.95215054214886,62.42730461259275,6.524845929556108
689,cfe31d14,86c8c22e,11,66.56771710558084,56.51845665991084,10.04926044567
690,3ff30b8c,10f4cb2c,8,70.21339200810375,66.55779848207929,3.655593526024461
691,262bf11e,4e41ef2d,9,63.74153258198302,64.19615087908713,-0.45461829710410484
692,a520cb02,282eaef1,7,59.23358445677168,60.3687157525243,-1.1351312957526218
693,1ca047b3,1dcecdf4,11,65.66087520380704,57.51982749741808,8.14104770638896
694,0c5f61ec,9f7d3fba,9,68.84876462394739,55.80337004643652,13.04539457751087
695,7aee8c7f,53e4f7e1,7,71.62524945521139,60.57124331603369,11.054006139177702
696,c2d78e97,48f0edf5,9,72.21622651420142,71.50042442938356,0.7158020848178666
697,5c6296cc,4af5643b,8,76.44535077795541,71.91691655299206,4.528434224963348
698,84d13bfc,6905d1aa,11,71.70069916949043,69.29577867319955,2.4049204962908846
699,f21cf65d,3cc5f37b,10,64.16847296399767,61.70572674483468,2.4627462191629945
700,fa07e401,f6c1ff52,7,71.74696209526948,58.81917594185718,12.927786153412299
701,530b6e2f,59d7203c,15,71.41668779730078,66.96877160774181,4.447916189558967
702,80c16d8b,eccbdf04,9,68.38161331167447,62.007890701654034,6.373722610020437
703,27f499de,4f40be91,8,67.1763157482168,59.1300701379419,8.046245610274894
704,6d98412e,3676acbf,12,68.17941612603364,61.34471062276077,6.834705503272872
705,4539471a,73359473,10,73.51678310907778,56.16340168517088,17.353381423906896
706,b8bfe610,a3111d5c,8,65.05137430375177,54.792893424818054,10.258480878933717
707,30828656,f52ac7d4,10,70.50759715950761,63.17979473344793,7.327802426059684
708,6d641c25,0cfba04c,10,72.05963453991434,66.02066739587336,6.038967144040981
709,cc53c21e,97d36a56,10,62.769474476963595,54.09545281602489,8.674021660938706
710,c64d5024,17e9902d,8,63.21371088062718,62.420297521678634,0.7934133589485484
711,698e5a58,8fe784bd,8,72.28153778201842,55.46267687517043,16.818860906847988
712,6d604f40,5ef6faa9,9,69.24188672730054,59.527443330569405,9.714443396731134
713,940ef30a,ec2ff02e,8,76.24450263903698,60.07111214638958,16.1733904926474
714,3fe8cab2,0158e92a,13,70.78919784147816,64.43400173130782,6.35519611017034
715,63475dd4,82b748ca,15,73.01006295292697,70.85315508944839,2.1569078634785797
716,711af9b4,16eba081,8,66.88366803034684,54.878768517597756,12.004899512749084
717,041d58a4,6c529b4e,8,66.14104777447083,59.76540918052584,6.375638593944991
718,035e4ccd,baa80966,10,60.61744439290436,60.58047508937469,0.036969303529673425
719,1b0791c1,0889a1e7,10,74.58864059132385,71.67747333331722,2.9111672580066283
720,2ce1fe5f,b7afd003,10,73.59917499211844,68.76261466933175,4.836560322786681
721,a76c5894,1497effb,8,69.54857116954321,53.81176418646299,15.736806983080221
722,02bdeab4,771f137c,8,69.99185181595891,61.796989372954144,8.194862443004766
723,94df1c57,e95cfd69,8,69.4605886324951,63.30409222701508,6.15649640548002
724,800efbf5,b6822763,8,60.408103369369854,58.10815775921925,2.2999456101506013
725,300ff0d0,44b91c24,13,76.49497104049195,67.33068648264043,9.164284557851516
726,4d17428e,853b4b43,12,71.27325432371768,68.25664597670848,3.0166083470091962
727,ad8fa5a8,582f2c59,8,68.667486036468,64.80563078660131,3.861855249866693
728,267a187a,8315c7bb,8,73.140704701244,63.218509541370196,9.922195159873809
729,dd1781a0,aaa0719c,11,70.16467250123975,67.12233847150284,3.0423340297369066
730,64a3f515,1aa264c9,8,70.49640174413966,69.8190913934896,0.6773103506500604
731,39546c54,33d0f8be,11,75.28984244627297,66.12303783938479,9.166804606888178
732,aba16e47,de530001,8,69.31914593260508,65.11203309909115,4.207112833513932
733,87f85ed6,5f93c32b,12,72.98439571119286,70.13139716521083,2.8529985459820324
734,8efc886b,e81cf9c2,10,69.56999838651016,71.63046131549712,-2.0604629289869507
735,e20b2171,b9dad9fb,7,70.55411859186097,71.41991328648206,-0.865794694621087
736,a5082db1,1faa3ea9,11,64.65190603448332,63.80019800758604,0.8517080268972776
737,7e6051ae,71625292,14,71.39691223633051,69.24204781197632,2.1548644243541872
738,f7e4ab5a,90159c75,10,69.09589736509292,63.065525559999784,6.030371805093139
739,12d375ab,726d1d55,7,57.9001164018863,56.3546556404765,1.5454607614097995
740,5221cc2d,4790cc4d,12,74.21189025855429,66.68279855571433,7.529091702839963
741,9ec6ad43,6a18d3ba,11,71.27791111016433,67.17421937186413,4.103691738300199
742,27d617bc,858ea237,11,67.85619692245929,60.99943024099606,6.8567666814632275
743,5325204b,f4c93115,9,69.52735433568,62.92724704880964,6.600107286870362
744,1757e1f5,57e6fc99,7,72.23450574589377,62.0284738305153,10.206031915378468
745,a8814505,8cc6f56b,12,81.11791584246504,65.59995230552897,15.517963536936065
746,9c5beb36,fc0c69c4,10,71.67761124291074,67.8366060148966,3.84100522801414
747,c2f6f6f3,58d3cd26,8,75.98755119131731,69.55523504165595,6.432316149661361
748,b39ab66d,19a937ff,8,62.87377967314426,57.62164038071525,5.252139292429014
749,2d562c18,030a3530,10,71.4094809986428,69.00035689079563,2.409124107847177
750,0edb87ee,d59dc987,9,68.25194581084608,68.24178702093947,0.010158789906611787
751,7a903b13,3fe396d3,10,70.81808957829266,70.41954193301339,0.39854764527926534
752,35c9cb12,96f5e21f,8,63.425283097129885,60.29336915556222,3.1319139415676673
753,3d6af1a3,f369c429,12,69.34964014095402,65.719025298227,3.6306148427270273
754,fcbff1fd,e42a819d,9,70.74326595841873,62.24792845357106,8.495337504847669
755,a38ab02b,466c6ae9,12,70.54197394080413,64.64030475368159,5.901669187122536
756,866aa3bb,ae4aa8ca,11,68.91714292348628,63.535768554443884,5.381374369042398
757,259ac79d,df174d31,11,75.08956837217615,70.52848153355093,4.561086838625215
758,bbee8cec,9513375b,11,70.21613110596277,64.432214652954,5.783916453008771
759,76ee8c95,360330cc,9,66.25837291995926,64.84235678283457,1.4160161371246858
760,8e59644e,0ebc0cd0,10,68.50389312906741,66.13771189599191,2.366181233075494
761,b998b1f6,09e84309,8,70.16399373575767,54.07449177855207,16.0895019572056
762,e66c0567,0a9992fe,8,64.35686346859197,55.622192366608665,8.734671101983302
763,02d706ec,15c2f25e,13,72.62589130929003,71.17157033457303,1.4543209747169925
764,ba38a5a9,b6fc7ab6,8,69.82152795276869,65.60898917075978,4.212538782008906
765,ffbb7da9,aa26ada8,10,71.8346188009773,64.64122590153258,7.193392899444717
766,3fadfa72,72b48ed9,9,62.080598437109,56.79985567303386,5.280742764075143
767,d237ebd6,2b78937e,11,71.33520372705419,66.01831501983797,5.316888707216222
768,1a763e4f,feaefa5e,9,71.51383264100653,62.73347196939223,8.780360671614304
769,9437ae92,17365f19,11,70.3161246592543,62.36018975557364,7.955934903680657
770,ce3b7641,cb0e63c4,10,73.12189858777431,63.59871789273092,9.523180695043393
771,9a92fd74,316aef93,10,71.98213265002809,65.61195580702685,6.370176843001246
772,506b095d,311ce898,8,65.61144555560092,66.37261584396424,-0.7611702883633171
773,084a05c6,b379530a,9,69.65744310666548,61.25001317655424,8.407429930111242
774,b19fecf2,d392b841,13,63.96841567642727,62.32708102064687,1.6413346557803976
775,80b7e887,e0e094bf,9,64.01230028492606,62.91616368932655,1.0961365955995035
776,7e2d56e7,3bf1c6fd,7,68.5133873119588,67.07925116497925,1.4341361469795402
777,d1e6027d,7f2ae0e9,9,71.17491215517724,66.26908958435628,4.905822570820959
778,99937db8,c340cd19,8,77.81229712043823,71.36657447711814,6.445722643320096
779,c3b8c5aa,2ce41cae,12,73.49372993027956,69.76554776385922,3.728182166420339
780,0dd16725,5c78c6ed,6,75.75072918427217,70.04577511210601,5.70495407216616
781,5704b99b,30274e48,10,71.32325366164493,64.35756657351749,6.965687088127439
782,dc3c0a58,075e11cf,13,72.57251743486441,69.59539942784103,2.9771180070233783
783,9334862d,b6ca7ad3,9,75.66243145509685,67.3783861871084,8.284045267988446
784,af276493,6965dd82,10,74.6096390256824,68.85034964772994,5.759289377952456
785,3046ac33,b02c4bf2,8,67.09356687264376,61.120599750774325,5.972967121869438
786,3b325d58,379a626c,10,68.12395856133327,56.58711164449605,11.53684691683722
787,2a1dfbad,d3735157,10,65.13960340756438,52.26124258363096,12.87836082393342
788,06415def,f8ad5e76,11,72.75787915358727,65.88030263162963,6.877576521957636
789,87b6870c,f4e3f8b5,9,63.15373526271596,62.36707384560677,0.7866614171091939
790,c58b0d5d,e3b3732a,10,68.13033542164968,63.714599100400655,4.415736321249021
791,cc716f42,c6fc0834,14,71.97364501535354,64.4569909342396,7.516654081113941
792,8967988f,29b05e42,7,72.34435512433086,59.94020174010856,12.404153384222298
793,dd71d30d,8e412c0c,11,68.05686450833612,61.91203343840121,6.144831069934909
794,fb1a2582,dfe4ace4,13,72.59625923898368,68.99837143953819,3.5978877994454876
795,513dc67a,2e415866,10,63.78272460594988,62.17897835421583,1.6037462517340515
796,1cb431d8,c5c42fe6,7,59.86883171978762,58.818312111093604,1.0505196086940174
797,0b73f72b,402a4af6,9,67.96853959163022,64.04180394410166,3.9267356475285595
798,3de8bda9,081621d4,11,65.0007371268721,63.74467236952336,1.2560647573487387
799,89758745,d8325b98,5,56.05183581419646,54.522417668330256,1.5294181458662024
800,a9341832,234d75ab,10,64.10512526688917,58.09600708662323,6.0091181802659435
801,e702160b,cff92642,8,62.61747496595855,60.84520686510679,1.7722681008517611
802,71fbe06a,27d57d99,11,63.02906797759138,61.19664581535942,1.832422162231964
803,84c616a3,6f81eb9b,8,74.37398149242193,66.94280279720394,7.431178695217994
804,2cc77b49,1690f2a2,7,71.65562592557565,63.37395465878289,8.281671266792756
805,88c13094,36af5f3e,8,68.52285769337242,63.046612984781305,5.476244708591111
806,1169132f,c54d6f64,10,69.89182953025094,59.74962850287807,10.142201027372877
807,97259456,2593451a,9,73.50377994207268,63.47899667364683,10.02478326842585
808,d78bb723,20bc38ec,12,65.05233656893289,59.977291265957945,5.075045302974942
809,0b1584ae,90bff8cd,8,73.86940478760354,58.94923394614758,14.920170841455963
810,7adb25fe,b9b345f2,8,62.536053185031015,57.43324477651701,5.102808408514008
811,6c6e5a30,8821cb89,6,61.456245955466606,64.95870494540338,-3.502458989936777
812,bb4940c0,5f8fda9d,11,74.05509944858225,63.27427261612647,10.780826832455787
813,30144270,b026cd9e,10,69.41689864154255,63.740894304375416,5.676004337167129
814,bf166f18,89ee19fc,11,77.04173642056223,70.67303440618052,6.368702014381711
815,e0e23330,40d128ed,11,70.2335979783513,67.96165569534733,2.271942283003966
816,606a9025,453525f0,10,71.71401383801938,64.31511112791623,7.398902710103158
817,99ab3bfc,eb271238,11,65.23313730773398,62.81350979863763,2.419627509096351
818,0b4cd2bc,4773c6b5,9,67.46655132462867,58.458046436805134,9.008504887823534
819,7c9ac3f7,8f3b77cb,5,61.392946980080865,50.8763891276719,10.516557852408965
820,6fdec01b,0128c4e8,12,71.5059201558237,66.462764670326,5.0431554854977065
821,ec13ff06,5827e51b,10,63.11836707777006,61.988737932537546,1.1296291452325136
822,f378984a,af6ba993,12,72.1256269934551,69.20090707600374,2.9247199174513554
823,b4eb0825,0f2e4e1b,10,74.05650239924748,67.7803899810955,6.276112418151982
824,2c045b31,1dd53ba5,12,64.64134078590044,63.57773550767021,1.0636052782302272
825,e5374887,2ffb8487,8,72.68124579153879,67.0277670300874,5.653478761451382
826,cab5828d,62c5639b,9,67.45388849776162,62.18184464573808,5.272043852023543
827,56657235,68db02f4,12,71.95109371587685,70.47275013960031,1.4783435762765436
828,d07b2712,ea996e8b,7,71.4191209624031,63.55961083186198,7.859510130541118
829,1363375b,0511f99f,7,72.91785865170982,61.89128402801649,11.026574623693328
830,73b05432,351f7a4b,11,68.69511571086797,61.452618893890474,7.242496816977493
831,ef235ffd,10ac04a8,12,70.67690998446272,63.07397253694569,7.602937447517036
832,c7acd8b2,165da2f8,10,69.68678426418683,66.52016372627054,3.1666205379162875
833,3c6edb7a,597c0877,9,72.05423156748334,70.3068561939165,1.7473753735668396
834,064ae4d5,8f12a254,10,73.55269967236649,65.11082522710124,8.441874445265242
835,82e33fc4,0368048e,7,69.32191935233287,61.43567043701657,7.886248915316301
836,e44cc22e,bb629671,11,65.41940912258423,60.98088957647276,4.438519546111465
837,355be624,b55c8742,11,69.11095028698023,61.959597589972276,7.151352697007951
838,c8918e2a,cb96333d,11,76.62703032070655,71.13553946443949,5.491490856267063
839,4ab4009c,df3c5016,12,69.90016066011285,68.49960104717489,1.400559612937954
840,7416b0f8,8fd74c3a,11,68.75986845917333,63.79580932651563,4.964059132657702
841,c53a2f3d,c0a37602,10,75.53347192483984,66.79387733019459,8.739594594645254
842,ed63fa38,69da69e1,9,73.10721998947031,61.81809899389904,11.289120995571267
843,d2058210,a344bd43,11,72.67126958225253,64.08987650096438,8.581393081288155
844,f1480ffb,d4ae7b8a,10,64.19654986911442,56.43105144859081,7.765498420523613
845,5353ab02,919f8f38,9,65.68514208734007,62.63489589469438,3.0502461926456874
846,16623aac,a1d03318,7,59.973900813155296,53.80351542035072,6.170385392804576
847,18abf00a,8a0db2e7,13,72.94234983428512,61.4704757960386,11.471874038246526
848,2aea3b9b,46de6255,7,68.43101627173266,63.88038902442929,4.5506272473033675
849,a77c3ee3,a13b64dd,9,66.04797885085837,61.23609164549929,4.811887205359078
850,7ad2a75a,33a7abbb,12,69.9051772046516,67.09393439190828,2.811242812743316
851,a1b69b90,0bb9e2e6,6,69.76183231293643,63.37773694752633,6.384095365410104
852,116c1ade,495fc117,9,69.83546620504512,65.3157564353958,4.5197097696493245
853,231e6022,d078c9eb,6,62.895677825203755,62.56099967308338,0.3346781521203752
854,17c954a9,67a04305,7,65.97184801050301,60.42158067197626,5.550267338526751
855,b80f0ff4,3471fed1,3,54.916726001176414,51.286402416847935,3.6303235843284796
856,6133e1ea,0b5f303c,10,63.129739550527226,61.19335131735218,1.9363882331750446
857,c3a56c5e,3c720141,10,75.20119285992632,62.48036490958995,12.720827950336371
858,4bfb4470,86dbe076,6,64.08681725680067,64.32508507260263,-0.23826781580196155
859,150e24b2,2b3cc252,12,70.72727127551138,69.028697109028,1.6985741664833824
860,e3b516d5,cc852797,9,61.88831873705979,65.5521323963396,-3.6638136592798105
861,a080fb37,96437912,11,75.27850828263531,64.07193773398339,11.206570548651925
862,673a628e,f73e639a,11,71.05140225345116,63.92848059677935,7.1229216566718065
863,37a8cf07,f9dc670f,11,68.94375269080219,64.57258780203044,4.3711648887717445
864,2881a482,2e150266,8,68.0350397328997,65.1129820998419,2.922057633057804
865,f5ba56cc,18e93771,9,66.25420250698097,63.18015267252711,3.0740498344538665
866,9c444263,382e3e9a,10,75.0960517375577,69.08118862289696,6.014863114660741
867,387f4fe4,da01a702,11,68.03326317450637,61.47215470142871,6.561108473077667
868,9419933a,6b1e0909,12,71.55933065630087,63.21657659050526,8.34275406579561
869,72688c60,6a703c86,9,73.06030233828933,69.09529864853727,3.9650036897520664
870,af10c49d,72e0ffeb,9,68.20723145610975,60.74670303010006,7.460528426009695
871,961cfff9,9145bade,10,72.07545878207041,65.21166002600489,6.8637987560655205
872,d7e3c9a4,87ebc550,11,70.44337353104186,67.87366153988243,2.569711991159423
873,1dffad7e,868086e1,14,72.76282981794458,70.47290461647826,2.2899252014663176
874,8e8211d9,687204e5,12,65.20744832111905,58.95312728313145,6.254321037987594
875,2a20a33c,61c8fc7d,11,65.73888637158805,62.96525211451004,2.7736342570780153
876,5b2c123b,b1fe63d9,7,70.69925141827058,64.50133300906698,6.197918409203595
877,9d63325c,2fdcabf1,9,70.1730976942729,62.867035829109156,7.306061865163741
878,fbcb36ea,91bc65ca,12,69.14169782090306,63.13209363253926,6.009604188363802
879,0732dd30,f17431a3,9,70.03345128704942,65.27318803909506,4.760263247954356
880,f58e9ff9,1ba7bec4,12,73.6911177494049,62.060906787186084,11.630210962218811
881,b28adca0,87f2ed45,9,74.3736832408986,71.13966496941427,3.234018271484331
882,7a986bca,6d88dac9,9,72.43856155870164,64.45988184677392,7.978679711927711
883,a8f0275f,677eeb6c,10,63.43061580280104,56.04120704459699,7.3894087582040555
884,6a46b079,16e0e830,8,66.937944650844,64.57560478735273,2.362339863491272
885,4ec9fe05,c1e8c69a,7,71.76610418071664,55.120614338361435,16.645489842355204
886,35f5f6d9,a4dcb710,10,69.14610740788842,63.20272345586381,5.943383952024611
887,b2f73f71,bb0e8062,7,80.26482111928742,67.64426562972609,12.620555489561326
888,e46cf005,ca121a07,10,68.8555560640974,62.88797786485035,5.9675781992470505
889,490c0edc,888eba5b,10,69.60016056105087,56.016466702223354,13.583693858827516
890,46f377d5,21b85a09,11,71.42189033782313,63.228628483415925,8.193261854407204
891,3dfd1e97,8206df1a,12,69.71313302450172,63.728141070453944,5.984991954047771
892,08cd6c02,253b0b95,9,69.60464271651969,69.59488859927717,0.009754117242522398
893,32f78dfb,426a965e,9,68.97420773123329,61.81257377628108,7.161633954952215
894,25744e05,4a14f9aa,9,61.37791995051315,65.19306894289547,-3.815148992382312
895,7d62c4de,2ab56fee,6,63.315191168635835,56.289334182450176,7.025856986185659
896,24593a25,9cb77c67,4,60.68658791480651,70.39357562230909,-9.706987707502577
897,ef908209,58de9fe4,7,67.72476899367868,65.57238772223977,2.1523812714389123
898,3af4ead7,2ac88c8c,10,69.70818771112465,63.24758944044751,6.4605982706771385
899,cf9b863b,182f6ae3,9,71.17293489049223,63.256405861119624,7.9165290293726045
900,e337934c,0b10a52a,12,69.5362727161449,64.56699249124833,4.969280224896565
901,d5ead5cf,9a6eb6c8,6,61.38804727327421,59.0869075255716,2.3011397477026136
902,40880c21,20d06f30,7,74.63885690906245,64.01558518405095,10.623271725011506
903,a8b225b7,d5ef53ab,7,61.12704405367714,61.82114315625222,-0.6940991025750805
904,339a40e5,c5f3c409,9,71.29919960114184,68.51599094483947,2.7832086563023637
905,321cf4ca,8dc5c592,12,65.5894533118528,59.91553518413039,5.673918127722402
906,19ede2fc,0a85197d,11,64.39058560703376,61.538774118503454,2.851811488530302
907,47e8e28b,213b916e,9,68.12477334326017,65.34835486443606,2.7764184788241124
908,5b7cbe66,236809dd,11,73.70431545285095,68.9839468519666,4.720368600884342
909,ed4b4ff8,2f752840,6,64.30112815364572,61.49802292722016,2.803105226425558
910,9371de67,67180c0a,9,71.91877794008062,69.90433278847847,2.014445151602146
911,4761b4c4,6542de9c,11,68.68977516005337,66.04333294593447,2.646442214118906
912,8462e5aa,0367e977,11,64.97519816490359,65.80375495772037,-0.8285567928167836
913,67cae8d5,8efaee8e,13,70.24337160499365,67.09330239253066,3.150069212462995
914,4261fb7d,a947bcac,7,70.54855404363377,73.66211922766526,-3.1135651840314864
915,4a7e3f48,bb638617,11,78.91196445798118,65.05380568790184,13.858158770079342
916,18de9101,ff63e5a5,8,68.88427806017448,64.70832693329587,4.175951126878616
917,a5be76c5,de05853b,11,69.96033152681844,63.77056127103033,6.189770255788105
918,e2ab4c86,8a09a687,11,72.0242958128147,65.67425777129887,6.35003804151583
919,fbdbacfd,b75ddb61,11,68.76509772221789,59.67010821861041,9.09498950360748
920,d7ef429d,b81967e0,12,71.56432556335383,65.58750698168289,5.9768185816709405
921,b1b7d926,767ba0a7,11,72.61326571277257,66.6085337295844,6.004731983188179
922,1e57729c,3d6ad211,8,69.91341767010883,62.45867358883011,7.454744081278719
923,eac8085c,e11de638,13,73.46410914505492,65.75248457623246,7.711624568822458
924,abdd0261,75817155,7,69.06164559487746,55.62928685096452,13.432358743912943
925,d866f020,9b8d4616,5,55.32307489664201,51.07378161026435,4.2492932863776645
926,f4e1b6a4,47ea1e37,11,78.15314550467515,68.8201675597297,9.332977944945455
927,9847a8f8,67d50b6c,9,71.74902490139145,69.5159996951915,2.2330252061999545
928,a9d0badd,045de385,8,77.08124837853526,65.36019430553137,11.721054073003899
929,d6a234d1,437f4f38,12,70.16442956716983,68.30065163253066,1.8637779346391738
930,79ec3de5,1859c33f,8,67.38312277117016,58.1644657606123,9.218657010557862
931,0e0983c2,2d0c5d96,13,69.03326204212516,68.7542542050632,0.279007837061954
932,c080c557,b1372e91,12,71.6028589621279,68.65056251952775,2.9522964426001437
933,53e74052,fe092b56,9,71.64073651012116,61.35459272692714,10.28614378319402
934,8d594c29,40c2cdc5,8,63.37888068817008,62.29564746338846,1.0832332247816154
935,aafdea1e,59cf323f,6,63.384304815596835,60.353163544866284,3.0311412707305507
936,972f2aa1,73b0a393,9,62.38922078247089,61.79920288277421,0.590017899696683
937,9c155c93,345b6c44,10,70.88020045751301,62.90946836487876,7.97073209263425
938,e5e31e0d,afd8e9c5,7,65.75458924920858,55.31760177060433,10.436987478604252
939,4e951c02,cbf2e401,9,63.834526065539514,63.2686467334247,0.565879332114811
940,f2aa93bf,a27b00d7,10,72.53700332752169,66.1559078673746,6.381095460147094
941,00491ce0,0f0e2633,12,72.81611885184182,63.71658910557546,9.099529746266363
942,89f9aebe,1b94af98,11,70.10639996233424,64.60132514678244,5.505074815551794
943,e10cf5a2,f943c052,11,71.3921854925522,65.07778428603629,6.31440120651591
944,b916a6df,2762fab7,11,70.10951371388286,62.55459454894252,7.554919164940344
945,ce371d3d,1775687e,9,72.86333225025788,63.79122749679641,9.072104753461474
946,f12594ff,5d1197c9,7,69.74513400997168,66.3740852620158,3.371048747955882
947,bf643e59,62506674,8,62.90342792760497,65.19205619883591,-2.288628271230941
948,e12de6b2,2f4f3918,10,69.31281845559118,68.76009778038905,0.5527206752021385
949,7d297c36,0df8683a,10,73.75643070319937,73.85441616944678,-0.09798546624740823
950,33e1d659,7513474d,13,72.85567135547115,65.56447424164264,7.2911971138285026
951,1f44621b,d384c45e,11,67.24813352741278,62.52420395700696,4.723929570405815
952,b432a6d3,0edde878,13,70.20773842332885,67.03711053906913,3.1706278842597158
953,d42f9834,1e7c8f36,10,62.737310322165065,60.53615509744166,2.201155224723408
954,ec767969,ec0a8334,8,68.96676869556514,61.683703804790106,7.28306489077503
955,b33fc14d,43406746,10,66.94342617064356,65.05498559413057,1.8884405765129912
956,bf0a3392,bacae2ec,11,70.23059434817188,61.009830271617716,9.220764076554161
957,15b98da2,d6d7be2b,9,66.39219792703149,64.40721310746918,1.9849848195623139
958,27adca84,c98453d5,7,67.04977897593497,65.75038463336807,1.2993943425668988
959,f124218e,3626a4e5,12,70.60415207960959,67.87352300683233,2.730629072777262
960,d33c549e,4ce628ba,7,67.54920362576465,67.4210159269897,0.1281876987749513
961,4bc9cddc,56fa9a5a,10,66.4750386549001,58.77572696482483,7.699311690075277
962,0d08dc52,a8574c3c,9,69.3634729943977,65.27184759928336,4.091625395114335
963,e79b9eff,fb8cf79b,12,68.57687031652857,64.85607603907974,3.7207942774488316
964,b565ed16,096b23a1,8,74.9768523354266,72.97918288222122,1.9976694532053756
965,03feede9,c1b90a05,6,60.369446778940336,58.511439319998075,1.8580074589422608
966,62628182,a8b809a0,10,68.01221696685818,65.05876735780829,2.9534496090498834
967,b721d841,c8c24057,10,76.64698985274111,72.96521901432853,3.6817708384125893
968,7277c407,50e08707,12,75.32637100721466,67.3200105768226,8.006360430392064
969,c530e9dc,52dd9cfd,11,69.69804651582268,66.72556998086866,2.9724765349540263
970,cad4ab09,4a0cd494,9,65.61075428382708,55.73004317864626,9.880711105180815
971,edf49a23,5947bf49,11,72.79551953161649,63.08851150025845,9.707008031358043
972,aa1633f1,2cfc5e90,10,64.00060579967987,66.9743728741195,-2.973767074439621
973,047d0c1c,e2193e44,8,68.14286950696409,62.77904682138647,5.363822685577617
974,69690d35,8708cf0e,6,58.41621994993753,59.973647913776524,-1.5574279638389967
975,f6f25364,8685eba6,8,71.21882841849872,61.19446497966912,10.024363438829596
976,1a6418fb,af38d3a7,11,72.61637634787313,64.7606659322948,7.855710415578329
977,39d1411f,dd639e0d,10,69.36468396844953,67.55984705091717,1.8048369175323558
978,0ec37387,3855f901,9,72.06733595170842,63.574076040734326,8.49325991097409
979,f4c1c5b7,1eb05d5a,13,71.059434579971,66.09376087400419,4.9656737059668075
980,3468a82b,7ece136e,8,67.39160988496889,66.51759387375567,0.8740160112132145
981,be40c60b,14cc6189,10,63.16530475537328,62.393838668780916,0.7714660865923619
982,0bfbad69,aebca34d,10,72.43927081794835,66.9457650297096,5.49350578823875
983,1721f759,9c55718c,9,69.0363335267799,63.58704219449607,5.449291332283828
984,95f0e1ff,21d0f059,11,63.221807145139394,61.1647400770204,2.0570670681189966
985,f49774a3,96482481,11,71.3544262667262,70.24308294992464,1.1113433168015519
986,1c21aee3,4614dc54,8,66.58480805537327,57.8966604699698,8.68814758540347
987,46af82b1,fc6b5f1c,9,72.85418165980245,70.6601977159221,2.1939839438803546
988,11597ee8,0517eefd,10,72.26491109746877,65.07328791190898,7.191623185559791
989,3d725c1d,03ee30dd,12,71.40420710834593,68.25236522683772,3.1518418815082043
990,30648938,eb99bc59,8,71.29343916695909,57.45302884723172,13.840410319727368
991,06b93147,d8d6c9f9,12,66.05484546083045,62.0617419298292,3.993103531001246
992,69a101eb,079659f3,12,70.23898465282512,64.75251838390007,5.4864662689250565
993,452076f2,8f72561b,8,62.794241263026585,60.766368261773934,2.027873001252651
994,1c4d39c2,e8acaed3,8,68.96429572810139,57.62621097814965,11.33808474995174
995,f5e3c509,2fca8c14,8,68.40465375509723,59.415585952584884,8.989067802512345
996,640ac90c,5ea925ef,8,68.06606270228247,62.38917023097204,5.676892471310424
997,a453e6bc,fe472ec1,9,76.94775891049854,69.91074908155329,7.037009828945244
998,4ca26f69,840f0157,8,64.00716930790148,59.625888525093686,4.381280782807792
999,e18474b8,d0dfcc33,10,71.44648908585273,68.50720730365482,2.9392817821979094
1000,2c1a1b1e,0fe6c254,10,71.224098614176,63.46920167827158,7.754896935904419
1001,7391e99d,525e766f,10,71.47781875243683,67.31346534654875,4.164353405888079
1002,48474268,4b746444,10,68.88451913726999,59.847580389206236,9.036938748063754
1003,b668e9d9,357e0bc2,7,70.49420589185621,61.0850361445808,9.409169747275413
1004,e749eca8,11bb635f,11,72.56580240254347,63.449575189430156,9.116227213113312
1005,b6529ab2,0bfbcb52,11,63.06451239175704,56.267896776663946,6.796615615093096
1006,48d7a9c7,ecee20e9,7,70.18195177195506,63.22186693716739,6.960084834787665
1007,f674e156,b8099c71,13,72.14862716853901,66.89888678570377,5.249740382835242
1008,8c014cc3,387dad2b,6,59.273578124635236,54.59345261477753,4.680125509857703
1009,15c584de,366a4b27,9,65.0761814609959,61.185118958466866,3.8910625025290315
1010,938b6adb,c9a18b26,9,71.23566520575552,63.7702156174025,7.4654495883530245
1011,d5b44ea2,e7a9d8ed,7,55.44460882277966,59.79854991948352,-4.353941096703863
1012,2d5c61a0,bcd3e73b,12,70.75343034898673,64.20452074555713,6.548909603429593
1013,1be287a1,97d62f5c,8,64.36238592611717,63.4276363582136,0.9347495679035731
1014,d046e8ad,6356fc99,9,70.68607636654528,62.541248760404116,8.144827606141163
1015,b5aca836,61eeb078,12,69.78374808858979,59.18531379498181,10.59843429360798
1016,4884a681,207127d2,9,73.31804677607964,68.33110363459775,4.986943141481888
1017,1b561e34,3690b937,6,66.4796001506687,64.26658327448341,2.213016876185293
1018,935249cc,9a369d8c,10,73.93970476447015,59.47187423788126,14.467830526588891
1019,17cd35c0,ef99522b,8,67.95515321689108,59.41621481014945,8.538938406741629
1020,d04cee14,be5ef907,9,63.405583562169134,53.36818583523963,10.037397726929505
1021,8cf61b2f,d737cd10,10,68.29643860278301,63.367762162118055,4.928676440664958
1022,cd9c5cc2,e4574e64,12,70.15784350727475,67.91165399859018,2.246189508684566
1023,29f0c9cf,4ef6b049,9,61.50143579548663,56.512039927425725,4.989395868060903
1024,8ea30f64,c9d6879f,12,65.32618613589408,62.144784136046596,3.1814019998474805
1025,8303234c,e16c3551,12,73.92388081689401,69.29996616064507,4.623914656248942
1026,4b466ab7,c574095d,12,70.01616758640678,67.45882131390147,2.5573462725053133
1027,2b84e30e,335150cd,13,71.31576368427078,64.84765418839699,6.46810949587379
1028,aaad5e57,7ccf2608,8,66.85627534255666,64.67998006093752,2.176295281619133
1029,ee105613,e6bdf0a7,7,68.6317232922276,67.93848270795866,0.6932405842689491
1030,ef73e5cd,41ff3fb7,9,64.33127414154514,61.1293796191963,3.2018945223488373
1031,c9ccb8f1,757c1f3c,9,67.53742699535988,56.666449258982226,10.870977736377654
1032,27faf5ba,eb5ab4c3,6,67.55240297090505,55.998099962314,11.554303008591049
1033,bea6d906,45334ddd,7,68.47552794479834,60.84505694409855,7.630471000699792
1034,3e57b7d1,f48e256d,6,61.97837416797107,48.80680772357027,13.171566444400796
1035,a1b27abf,66997b27,14,74.46220048223529,65.94500799861689,8.517192483618402
1036,b259c083,5fd05bbb,10,68.8648793331933,63.89936352565678,4.965515807536519
1037,9c1424b7,8b533877,9,71.33980482095046,69.0953335264979,2.244471294452566
1038,58a2cdfa,6ef1d437,9,70.8967932959043,67.18693376240141,3.709859533502893
1039,e13346e6,5523e387,13,68.24857637369645,63.3249672366123,4.923609137084149
1040,85df1107,c8af6a61,8,62.14827523888253,52.501533367888,9.646741870994532
1041,6f64e948,f1b61a21,12,69.0921821361571,61.828395455938356,7.26378668021875
1042,de5e77b8,b069f956,10,71.56392284505199,71.28050563746619,0.28341720758579925
1043,7f3df44e,f53352a5,10,71.18073295893808,67.6680370358354,3.512695923102683
1044,3a0c2bd9,10431ac8,9,69.79489568111143,66.50267146717705,3.292224213934375
1045,e9075425,a33c53ce,15,72.58464204258517,65.67070899392995,6.913933048655224
1046,9d36497a,dd1c845f,10,72.69173199571901,65.38082734721479,7.31090464850422
1047,386775f4,05551cb8,7,69.11702773564816,69.46545109366106,-0.34842335801289437
1048,eb61f6c7,ac3aa1d4,8,68.7838304524438,69.13897662532749,-0.35514617288369266
1049,aa010670,675370a5,9,75.4774198065172,66.4366425220938,9.040777284423399
1050,2b302842,1e9d8da6,7,68.49747381746798,59.78026584491616,8.717207972551819
1051,81b4798c,98f83cbb,7,69.08473054245333,64.800418945681,4.284311596772326
1052,fada60e3,5bf25dbb,8,70.03971146830136,63.87593844790505,6.163773020396313
1053,ae40536e,0aaf7928,10,72.55689865546911,70.89166212718948,1.6652365282796353
1054,0e137ec3,45bcc3c1,9,67.50104023864382,59.81506550533883,7.685974733304995
1055,2eabbe8c,1bd05198,10,73.49695950196548,63.872847339390475,9.624112162575003
1056,3f321016,4efb9f19,5,69.36031213989801,65.06502996995044,4.295282169947569
1057,b0ba649b,20d624f6,13,74.47016985215105,70.57672419111418,3.893445661036864
1058,cfaf33b4,f651f53d,7,65.4327664727389,60.361157369618226,5.071609103120679
1059,a7f46cdb,341245fb,12,71.52635672469465,68.77403266308721,2.752324061607439
1060,ca5d7c44,94daa282,6,72.07842494994624,59.87798754403993,12.200437405906307
1061,361aa6bd,808552c8,9,69.50472477405941,65.25171531128277,4.253009462776646
1062,18d039d7,86cd7ba4,12,67.50171621665524,63.76763163472024,3.734084581935001
1063,fbdbc18b,5d35c9ef,11,70.53503946617047,69.99406871760553,0.5409707485649449
1064,ddb68f1d,11929c1f,10,72.62280278552608,61.51084699003231,11.111955795493763
1065,e0228b03,761ca5f5,10,67.50435952481628,64.03851596204638,3.465843562769905
1066,d61a0165,cb8562e4,6,65.67423908826628,69.7578681417956,-4.083629053529322
1067,51d3fddb,b296611b,9,68.07072241835948,62.91145652922867,5.159265889130808
1068,84f11611,484e0d7a,10,70.72321486286354,67.98561019410977,2.737604668753775
1069,0f63ee20,5723361f,11,68.14139516919525,62.579247093671185,5.562148075524064
1070,8db6c142,410ca3d1,11,72.83830035555314,71.68533130450956,1.1529690510435842
1071,eabbc008,ac98a995,7,69.05322377046454,58.56181023929112,10.491413531173421
1072,9cf6b8c2,053736f2,11,64.72674116945335,59.3036501324709,5.4230910369824485
1073,2a0be506,0d602ba5,10,70.48292047589233,68.14259675942837,2.3403237164639563
1074,af31847c,f92d4e72,9,64.95058305853195,64.60878602235105,0.34179703618089263
1075,a8e01e92,2a8f888e,9,72.67590822713157,64.62796029920236,8.047947927929215
1076,0065702f,aafd3661,11,74.17094402047073,67.21945844987405,6.951485570596674
1077,127ba318,12db917f,9,69.34253241555409,62.60065830979093,6.741874105763159
1078,abae533e,db9ec8ab,6,71.3493585367682,63.2416124854319,8.107746051336292
1079,bd74dae2,7af49663,7,67.69929833562117,61.861816417193296,5.837481918427869
1080,0f5a9ed1,bca78aea,8,64.64144693397415,59.715197175182546,4.926249758791606
1081,928f1387,92da8718,10,65.91286567535323,66.44393909298293,-0.531073417629699
1082,b3b600c8,8f19450d,11,62.42973875898387,63.3615284137452,-0.9317896547613245
1083,d6d7ec81,b7d38115,7,64.93960755649422,57.1632606204298,7.776346936064421
1084,d54b75d9,46425bd7,11,70.59983916378287,66.78494267777404,3.814896486008834
1085,daba6bdf,3699f188,6,63.537154425200065,62.44059691320467,1.0965575119953925
1086,e76e6ab6,92211d2a,7,74.70536447770066,61.7213208985649,12.984043579135758
1087,aa7d757d,7ce043b3,12,62.039107713211024,58.96913703672642,3.0699706764846013
1088,32be2d50,c129272a,9,67.67579123230746,62.56796753821902,5.107823694088438
1089,f683c0a7,158747cb,10,67.48047932480893,66.71975093043044,0.7607283943784893
1090,f968148d,5b978a21,11,70.62971156531542,64.90975480262256,5.71995676269286
1091,a0d2a3f5,b112a1dc,11,69.45771169327456,72.071231176625,-2.6135194833504443
1092,d3ab062b,3aec919a,9,69.05234816939655,62.07435714253499,6.9779910268615595
1093,8d2d58be,1fb8d635,9,71.61359168780632,72.64442813433914,-1.0308364465328168
1094,f7f51fed,7f3f6361,8,73.62412280950669,69.72623764030676,3.897885169199924
1095,b074a6a6,dc1cbe2f,6,67.34271694322823,58.173306372995256,9.16941057023297
1096,2f3dc73b,1e2d776b,9,72.43587832722709,64.72106234530285,7.714815981924232
1097,eeb7270b,6af1ece2,8,67.45216603105044,69.37164980027853,-1.9194837692280942
1098,6b146a26,a4a7eccd,11,69.81969063058511,63.87585025042107,5.943840380164048
1099,f3d46084,ec818c84,12,64.94923828276063,64.05224993783557,0.8969883449250631
1100,19e57a3f,be84a7fc,8,67.06785156426817,61.75559383642708,5.312257727841086
1101,985747e8,32b407db,12,67.39885767023051,56.87405038569425,10.524807284536266
1102,209896ec,7486df39,10,68.08401337574197,64.86696818603002,3.2170451897119534
1103,1b28f582,84ccc61b,11,71.70528189212459,64.30662153686093,7.398660355263658
1104,43b9e690,606fb4b9,7,67.36914374181109,57.08552026909157,10.283623472719519
1105,4a7cf909,abc6cb7b,10,64.1362795633694,60.006347976702145,4.129931586667254
1106,f31f4857,1d7a6359,11,68.40659281336222,67.93609764580039,0.47049516756183607
1107,a3b12ba1,d6a61718,8,60.33730164898529,58.83287198615062,1.5044296628346672
1108,63405462,0467bc84,8,69.97797238368821,61.81930881270503,8.15866357098318
1109,874b717a,d4ea8490,10,64.86453340593833,59.52400043077937,5.340532975158965
1110,c15e9191,7a4c3876,8,63.56199758140355,63.515904816819315,0.0460927645842375
1111,1feb0d1a,ee05658c,9,71.02251953402289,64.90962367689278,6.112895857130113
1112,71000fe8,f28303d1,13,69.30908071266815,67.04550096151848,2.2635797511496634
1113,4f696d84,a5905687,10,64.30398278897142,64.47555213697264,-0.17156934800121348
1114,ed1361a7,3bb0c68e,11,69.3917378467973,64.1558471007854,5.235890746011904
1115,d528b8cd,289a6519,8,77.9022129517797,65.55328519377332,12.348927758006383
1116,ffcccdb0,88797814,13,76.11237518604055,69.98391908606024,6.128456099980312
1117,43bcceef,53140291,7,69.28849502124807,64.35754250280637,4.9309525184417
1118,274c66ac,c4ca0431,12,72.33078890659702,64.82569078581486,7.505098120782165
1119,4615dff7,69e83bb6,9,69.06604027821606,64.45275845362357,4.613281824592491
1120,7fbe6615,1aae4e8c,8,67.84984810400468,59.174287574710725,8.675560529293953
1121,84e09614,30ec3e67,10,73.02439333325555,65.8430682393181,7.181325093937446
1122,4e02d586,41fd422c,12,63.94878593250578,61.40595429731774,2.542831635188037
1123,958be8cc,7b0762ac,11,76.75877058751746,68.59901820583178,8.159752381685678
1124,4e7ccf09,02766f1b,11,73.09529445588339,71.40248843821013,1.6928060176732629
1125,4b630019,3bf9f38a,10,71.5011955235017,67.20176724186965,4.299428281632061
1126,ba4bb58a,07f7b27e,13,64.60777562099138,67.77435538284054,-3.166579761849164
1127,adccbf06,880dd35e,8,67.87852051111288,61.719541923648656,6.158978587464226
1128,2798ffd9,5da9a8b4,10,70.70547923112898,69.6037696932471,1.1017095378818738
1129,c6ddfcc5,5fb50c1b,11,70.9000509559609,68.66515642966655,2.2348945262943403
1130,49eef296,03985551,12,73.72416146865679,69.04863894253103,4.675522526125761
1131,2e9d4d03,8d9ffaf7,9,70.59049180700036,63.264239618635415,7.326252188364947
1132,ae2fc726,8fbf9aa3,8,79.74804330707626,72.66617415300095,7.0818691540753065
1133,db661261,5d2228bf,11,68.88213808292973,68.07460711125142,0.8075309716783039
1134,fe340e05,e3b1ece8,10,62.79862838920275,56.07545943911476,6.723168950087988
1135,cb9ae9cc,8181e26a,8,58.94556302735108,60.090134811367555,-1.1445717840164775
1136,00ac2dcc,07ba5c4c,8,69.10898949680377,63.4155464984892,5.693442998314573
1137,b9728b4e,03bb1f3e,7,69.54248077275562,67.88741200319328,1.655068769562348
1138,fdf91515,49f898e9,9,70.46025213963856,60.7796442670863,9.680607872552258
1139,49071615,851971a8,7,66.75822704219843,67.73268525295566,-0.9744582107572342
1140,9916339d,8a6d7c04,8,62.84244253112877,55.00429269326532,7.8381498378634475
1141,fab3d052,2441bccb,5,65.52166671490211,64.29422189989248,1.2274448150096333
1142,2469a689,dc71b303,9,67.09003659224685,63.724871939191665,3.3651646530551815
1143,2d5d1bd7,4e2ded9b,12,68.82405988785496,62.78959260311642,6.03446728473854
1144,8c7ea4f9,b79e886f,13,70.1766090801614,63.5305242604555,6.646084819705898
1145,223ea916,2153d885,11,71.17630912778964,59.67269306864027,11.503616059149365
1146,324ea0d2,d3f6c8e5,8,71.27000400211678,58.45312322295828,12.816880779158495
1147,31a5ad53,e33e993a,9,71.23846062511856,63.26280517910233,7.975655446016233
1148,67b81cfa,4b75148e,11,74.57826808097278,68.18388487522273,6.394383205750046
1149,ea794418,0ea4c7af,7,65.55638439538457,59.33994168227709,6.216442713107476
1150,67456229,27375191,8,70.31525928013903,67.48387322481285,2.8313860553261776
1151,2ed0635d,a62fad6a,10,64.58767896885975,63.17090715247147,1.4167718163882768
1152,e4721833,b12e8c87,12,77.79089044020739,64.52281496369869,13.268075476508699
1153,4d625062,304316a4,9,69.51571260688894,65.88962138898016,3.6260912179087796
1154,b7128c62,d0003a9d,6,69.06288884511213,68.22441607542035,0.8384727696917764
1155,8a236659,a08f62b0,10,70.69773875536643,69.84188717919808,0.8558515761683481
1156,4b837270,44340308,10,68.04518500630861,62.39228079023459,5.6529042160740275
1157,c3a548d9,fdc808ad,8,72.62496120201911,68.96911342401182,3.655847778007285
1158,7d1d1d30,604f5c13,10,67.07476365399498,61.21104301801243,5.863720635982546
1159,3f542d4a,5734c6ba,5,73.75694364181194,65.33469458776341,8.422249054048535
1160,e42996c4,aec60532,8,73.60831372543522,64.0765956318177,9.531718093617528
1161,396dff61,495623cf,11,64.47285140691724,65.25559484982993,-0.7827434429126896
1162,3be25c29,98553c9b,10,63.40744129740892,59.93077140803051,3.476669889378414
1163,79b013c4,cccd343e,11,68.76310142511585,70.89436207269024,-2.1312606475743934
1164,2df68db4,d07aa01f,10,75.92541756320146,71.41161304971646,4.513804513484999
1165,c5df886d,75d21f71,9,70.2226971114202,65.01903442641019,5.203662685010016
1166,93c05e19,1c492061,8,61.35488850352837,58.898487597743866,2.4564009057845055
1167,33c87980,2bf488e8,11,68.92862111513939,61.82423032277551,7.10439079236388
1168,7571b09a,401f2867,8,61.52401269580848,53.063381184527074,8.460631511281406
1169,a608c537,aa0e3799,9,64.88730496995285,59.67790550047827,5.209399469474583
1170,4416f2cf,2b012240,12,69.26561019415666,62.17373906604462,7.091871128112047
1171,a5e8ec37,46455926,8,68.82642703380391,58.734988587119986,10.091438446683924
1172,5690c7ec,02eb1759,10,70.78862047431083,63.929119425833704,6.859501048477128
1173,aa9da74f,e3cff732,10,71.00481493324345,61.610341351293336,9.394473581950116
1174,978b92f2,5be209e7,12,71.69083751303549,59.43707370251775,12.25376381051774
1175,1c37e1f6,13f05d9c,10,72.31320938233071,58.08810456389424,14.22510481843647
1176,e9d0a3c5,3d4325d9,10,76.99207546929534,67.62097346065408,9.371102008641259
1177,01ded493,10efffb6,10,70.98674000894889,65.25151055357135,5.735229455377535
1178,9364c011,54e57cf5,10,68.96200378724066,61.86250118221391,7.09950260502675
1179,03695ddc,b7235d0f,10,61.264029486048415,61.25731883697733,0.0067106490710813205
1180,31beda43,c6be67f2,8,64.09624555669875,62.60079639018169,1.495449166517055
1181,d953ad45,8a88cb94,12,77.53190527174331,71.27247114664907,6.259434125094245
1182,5efba069,5ea94b07,9,70.0703499332638,60.81917482305215,9.251175110211648
1183,18812c91,8860be5c,9,69.46042966310783,69.65119102845327,-0.19076136534543764
1184,87a6f0bb,4681cdb0,12,65.40994350614642,60.27949202717501,5.130451478971409
1185,044cb7b7,40186556,7,66.22884687140335,60.400673646206414,5.8281732251969345
1186,8e378893,309d0560,11,71.01200347156377,64.14297823168187,6.869025239881907
1187,4a5d7836,95cd497c,9,68.82588341624717,67.22456998813392,1.6013134281132437
1188,8c10d05a,b9aa2d80,12,72.38147946774347,69.99935242048934,2.38212704725413
1189,0b8ab998,3c5ecde5,8,69.4018029988875,71.07426187738376,-1.6724588784962577
1190,b6228daa,48d13ee8,9,71.16247488962287,65.65680688965816,5.5056679999647145
1191,53bb4528,c930b7b7,13,69.26427239553757,63.865717026378164,5.398555369159411
1192,ec8d4194,6d1d841d,6,70.86100747357696,61.016360658874554,9.844646814702408
1193,32a6aad3,3fd0da62,11,71.61559177450299,71.44493417050495,0.17065760399803764
1194,f96e6bde,29130651,8,62.69364341156192,65.21613765547636,-2.522494243914437
1195,2f605d63,c5b6ac16,13,64.18183883676136,59.06412976312426,5.117709073637101
1196,46722296,9b091883,13,71.6025040768661,65.9748475616138,5.627656515252298
1197,1160f74b,0bfb91c4,12,67.50351714284035,64.69398443785431,2.80953270498604
1198,05b7e146,0a5c90e0,6,65.75049684668076,60.77468450536813,4.975812341312633
1199,5d0856fb,4e67cd30,9,72.3111987055874,66.4127387533358,5.898459952251599
1200,7fdfd2cd,ef27c105,10,63.51158807921482,64.27073813784106,-0.759150058626247
1201,ccaa5398,21c04919,10,74.47140158754983,66.5037163579669,7.967685229582941
1202,eb45c091,5c76d6ee,8,68.69647010515925,66.51549183593359,2.180978269225662
1203,7f9d13a1,736abcfb,9,69.55302523352455,65.49154440239525,4.061480831129302
1204,07293515,e5204d75,13,71.14180339280504,69.36708902906362,1.774714363741424
1205,d3e05039,cc4d1985,11,70.99745558071984,68.82600278851024,2.1714527922096067
1206,f1d841a0,2802bb65,10,60.40921661236026,59.77668117580742,0.6325354365528426
1207,33bf0c9a,05b38be4,9,70.78357626775279,69.55021270043828,1.2333635673145125
1208,798aac45,264d6ad7,11,69.09415367617036,69.27418711864752,-0.18003344247715347
1209,51b64818,97b3a347,9,63.456197348171166,63.01049441449734,0.44570293367382874
1210,8a9cde3f,c03bdb42,11,73.13323948544294,68.78515288386565,4.348086601577293
1211,7d38e4cc,3486d289,10,62.681429208208186,57.916387102651754,4.765042105556432
1212,b25a2166,e3140faa,11,62.57658620449323,62.48893273010334,0.08765347438988869
1213,55c6f450,6eebb47c,11,68.75981314742805,67.15051191871237,1.6093012287156796
1214,97fe4806,b3096bfb,12,70.51999563507711,64.43146722906641,6.0885284060106954
1215,e94616e4,6f392fc8,11,70.20338256797702,62.518935889504505,7.684446678472511
1216,2d560438,6407c2ae,6,65.91744674788093,51.48532367888816,14.432123068992773
1217,201a2f91,a46cccdb,13,70.32462158974988,66.83959558786799,3.4850260018818915
1218,f78d4c5f,aeed7084,7,67.93804377845322,62.409552224830605,5.528491553622615
1219,a3557ba0,9ef17b2e,11,73.59537655790737,66.54185259298224,7.053523964925134
1220,f3ffb862,5523f83d,8,70.48450909961122,64.17394746915937,6.3105616304518435
1221,2dba242d,1bb82991,5,66.71716965296186,59.40317225776102,7.313997395200836
1222,b43cd1b6,a667d446,13,69.66717586186924,62.86804139021322,6.799134471656018
1223,c125bf6d,776a2cff,12,70.3366671741115,61.318132812519636,9.018534361591861
1224,057998d4,46c1c7eb,7,67.62053343036388,68.3170492600232,-0.6965158296593188
1225,8dc942a3,a58cbe6a,9,72.84543267953812,64.05811901558722,8.787313663950897
1226,e2f07221,c5c6e7b5,13,68.97692393079473,68.26168888030176,0.7152350504929643
1227,94141c42,08b80c4d,8,71.15536303942926,68.38954094074873,2.7658220986805304
1228,8b2c50b9,d6597ec3,11,68.43599990983805,61.827369557508476,6.60863035232957
1229,9127fd19,c3877fbf,6,66.4296846419771,60.14390231450569,6.285782327471416
1230,21eee5c1,778b26a5,10,74.86366544398315,61.49116029557875,13.3725051484044
1231,23b6a2ed,defafd06,12,71.81247176548639,68.45564610745863,3.356825658027759
1232,123dbaef,f435ef2f,7,67.55563344902461,62.65030432313456,4.905329125890049
1233,86fc61a3,29813418,10,63.954351820955296,57.30356473289351,6.650787088061783
1234,25d73fcb,176cc6d5,8,69.60289367558529,55.64169316038375,13.96120051520154
1235,d082310d,a0637b6e,10,71.72256307607738,62.44850204207896,9.274061033998422
1236,1fe1d677,73403b44,7,69.24115203738609,56.864868163635336,12.37628387375075
1237,d041ff64,8943eebf,9,66.2751329716182,64.62121731161605,1.6539156600021556
1238,043e7354,2b5b94a8,11,68.13786405117445,65.6834534633135,2.4544105878609486
1239,0246e18e,7bc2ec93,13,69.62674467707227,61.30895460568084,8.317790071391428
1240,c2e7fa2a,09336c2f,9,61.89382800662149,59.538943911624244,2.354884094997246
1241,05da5d85,eb29f4a6,12,72.01493500129187,70.86657782445513,1.1483571768367398
1242,2e34740a,e2eb5fbf,10,67.77184325819445,63.12191907078481,4.649924187409638
1243,161dc6fc,ba420469,7,70.48805428436589,61.10887121327637,9.379183071089514
1244,002e8120,59bdd6df,8,66.57070476929891,60.62673546327069,5.943969306028222
1245,a56642ee,40ed463c,11,70.65895138304958,71.1333920126411,-0.4744406295915127
1246,6b658085,f1df237b,8,66.02035991161348,58.063597492964895,7.956762418648587
1247,94bfec4b,99ccabd9,12,69.9862554346356,62.34546985827432,7.640785576361274
1248,f3380a3e,21ad49be,13,70.63624419403877,67.8183797716965,2.817864422342268
1249,a4b517aa,634c2cb1,10,71.92893376383942,63.72347693048913,8.205456833350297
1250,4d5a22bb,1cf94240,11,69.3379356410916,62.58800616676365,6.749929474327956
1251,11b66391,2710ad60,5,65.58046748903524,52.79205695717315,12.788410531862091
1252,923b3e04,5da01709,9,69.90946307943514,61.01290254847213,8.896560530963015
1253,2098b52b,a2c90c56,10,72.30170430017739,67.32271471611485,4.978989584062546
1254,2ce87e0c,92e1bae6,11,70.07313831572839,64.119381480703,5.953756835025388
1255,740a5624,55962648,13,69.98717328375741,61.772036662711265,8.215136621046149
1256,c2092bd1,1f25aaa0,9,75.03527738728239,57.67952885037924,17.35574853690315
1257,d50c7760,d74327fa,9,70.34198560961023,67.61014646908558,2.731839140524656
1258,406617a2,5d730fc5,11,71.15367578644415,62.327001277362754,8.8266745090814
1259,31a1b493,8b7e5090,13,72.47054198806815,68.53310630207838,3.937435685989769
1260,0a889612,476a255a,9,74.08669794666997,69.7437841894594,4.342913757210567
1261,b2bf23f3,5bf0dd34,8,71.25495789119385,65.21501886828685,6.0399390229070065
1262,0001b136,b851ef3a,6,70.04039669287278,66.34570993579183,3.6946867570809445
1263,e6f18fb0,416b772e,9,70.02370878548363,57.14176353791301,12.881945247570627
1264,bc51c33b,faf3bc62,6,67.5938159099941,63.44929479908116,4.144521110912947
1265,42c0983c,7de66bad,12,72.72273253074239,63.67741461491499,9.045317915827404
1266,3ad5cd37,55ed97e9,11,70.06497460228688,69.03131436585453,1.033660236432354
1267,e1f168f3,632ba9da,9,64.57260152924168,58.8720924366535,5.700509092588177
1268,b11d6a22,0400fed1,9,67.62280099803337,60.525014233616815,7.097786764416554
1269,8b46b09a,2053815b,11,71.38079742671924,65.15222849371841,6.22856893300083
1270,88945677,bd642ea5,11,69.67974716307492,63.60370570226664,6.076041460808284
1271,28fb3e7a,dbc87ca6,9,70.73909626260846,69.92499347937456,0.8141027832338921
1272,b962b946,268a4281,10,69.86401431917714,68.38774847779602,1.476265841381121
1273,d0d316f7,842bfa5f,8,67.02273720525082,60.14163814697372,6.881099058277101
1274,bf41f4e1,f2dad33c,9,61.679162459496126,55.81576849628845,5.8633939632076775
1275,b979c3a7,b82464f2,9,75.9231628707139,66.91329744695352,9.009865423760374
1276,eb643b4c,98950434,9,66.06123851143363,66.69072202889635,-0.6294835174627167
1277,0b83b484,29a8d498,9,67.13968561882416,64.07792385466459,3.06176176415957
1278,053f1817,e8874740,11,72.87588537376485,64.59044065966053,8.285444714104315
1279,a128e8ca,5a38eabf,10,69.8354277408845,68.6502171000194,1.185210640865094
1280,1d792eb4,f2c2c25d,10,73.082448013317,70.46170437785653,2.620743635460471
1281,cef44270,30380147,14,72.19212244628378,72.39221754912147,-0.20009510283769316
1282,e487e9dc,0bb49473,10,71.89797813125384,67.37741703658526,4.5205610946685795
1283,cdddcae2,4c85e21f,9,71.02664393294174,67.89131449771087,3.1353294352308723
1284,1fbad74a,9a0854e3,11,77.46701922735292,67.96093299871578,9.506086228637145
1285,3a4cebaa,dcaa077a,8,73.96736208263489,63.23672327142625,10.730638811208642
1286,69ba7e30,6624a179,6,68.88510986548994,56.446583126497444,12.438526738992493
1287,3b085a36,367d0a51,11,62.85426296946518,54.725874445180196,8.128388524284986
1288,cff22c55,189d726c,7,67.18987694081208,62.875637909781325,4.314239031030759
1289,c64df193,032edf5f,10,71.60604020680071,64.70052847734601,6.905511729454702
1290,d1db10ae,3bdccd5f,10,71.94624593164315,64.70962277525197,7.236623156391175
1291,55de26c1,c27d4bc7,10,71.66754405394316,69.49160105231807,2.175943001625086
1292,6127f076,6419926b,11,71.5685078736146,69.64883070800228,1.9196771656123275
1293,02bbb9a7,dcbf8767,5,67.60651878747285,70.50406450310953,-2.8975457156366815
1294,a73dead8,9461d0dc,9,67.22911183663628,64.36202988098816,2.8670819556481177
1295,6d6e3b2b,827fa37e,4,69.6596769865907,68.51373500725605,1.1459419793346513
1296,01e81d44,95b8678f,10,63.50654747066692,61.067761707633885,2.4387857630330387
1297,25c1f19b,40b452e0,8,63.04471968230825,58.294926177234395,4.749793505073853
1298,5d4f56d0,fea3069c,9,67.30210105523562,64.03915942382068,3.2629416314149466
1299,e8a1d170,259b53eb,10,68.92781041970247,69.29267429666099,-0.3648638769585233
1300,16b83202,59a9947c,9,65.27688293566592,49.87666959830172,15.400213337364207
1301,f6670919,1c1b57b9,9,71.97338240965357,70.31479203728226,1.6585903723713074
1302,5115e5c1,5070e7e8,11,66.51736703590608,64.77766588505882,1.739701150847253
1303,10c21d96,ffe856e0,8,68.72463852752281,64.98845809419447,3.736180433328343
1304,160ca273,d1e8675b,8,62.63333038192214,55.54447309244451,7.08885728947763
1305,c16abb0c,088e058a,10,64.80558592295053,58.8717855327662,5.933800390184331
1306,8bffdcce,ee306011,12,62.861921649781074,63.353614018837035,-0.49169236905596136
1307,893fc556,d39af314,15,69.7015981427843,71.59379874479657,-1.8922006020122666
1308,6ecae4ce,3917be04,7,70.29093405267275,56.887291039682,13.403643012990756
1309,b715bc2e,957772e8,7,60.76428004530286,58.86117177846543,1.9031082668374282
1310,c938a529,ecb43661,5,68.38000779652101,56.031953738588825,12.348054057932188
1311,5bdabab3,fd778ab7,10,71.52607217107229,66.47292358160774,5.053148589464541
1312,714cf7f1,9c02282e,11,69.76295148784959,65.41275056103916,4.35020092681043
1313,76c71d4a,077e3539,9,73.82260555808818,67.87243796719862,5.9501675908895635
1314,6fdeaf2a,6009893a,13,72.22596844606956,68.08357694993009,4.142391496139467
1315,41bbf892,ecf2c76d,11,65.82526578312158,62.726500569720955,3.0987652134006254
1316,8407a08d,cbcdc82f,13,71.16222667552192,64.94951648052688,6.21271019499504
1317,05b5cd54,1cf6293c,10,66.24038634813425,67.57325024979419,-1.332863901659934
1318,69ff5f38,624454f5,11,68.62607273065966,65.39093019764982,3.235142533009835
1319,f685ffe5,456d1cea,9,72.12309674017335,59.879769817645666,12.243326922527686
1320,cc2132a5,fdbf4475,10,68.66785672639236,67.68750428242862,0.9803524439637386
1321,5809a97d,b7fb8d6b,9,64.1447286926497,64.38582904031458,-0.24110034766488297
1322,e38dbcba,4afb63d6,11,63.18305204745084,62.30884700888589,0.874205038564952
1323,ef702b46,8c9ab7f6,8,66.73900790322828,57.3879060126998,9.351101890528483
1324,482bf42f,836a37d0,8,69.57301453900656,62.976386887169696,6.596627651836869
1325,f2fc9292,22d0023e,10,61.64648712808357,58.12703756087874,3.5194495672048305
1326,fcf48a4c,bdcd89cc,11,70.68046888609759,60.21824545417143,10.462223431926155
1327,48124860,e25ddf89,9,68.44714338350323,63.395583214296316,5.051560169206915
1328,26c05902,a3b0a0f7,10,70.03451100185038,63.750103071132884,6.284407930717492
1329,95afd097,76049f6b,8,59.47664001250799,66.1230731758167,-6.646433163308707
1330,def299cc,14678733,8,72.24258980012709,55.06783071145094,17.174759088676154
1331,f0c9db94,b84deaf3,9,68.87828933658321,66.17916604597515,2.699123290608057
1332,01a9cf9d,f1d696aa,8,69.01953354475614,60.539011424854834,8.480522119901309
1333,a0ca1376,f91aaf94,9,69.1889531661214,68.93760193039404,0.2513512357273555
1334,ae5acc53,5a6e9c56,12,69.42251749479023,60.885272809240135,8.537244685550093
1335,910fe7c7,c87b248b,10,69.4199517775898,58.87763426496106,10.542317512628742
1336,2ac642ef,d5273071,7,70.66987984993244,65.87511231111597,4.7947675388164726
1337,dc43c50f,3820dd28,11,72.15348678062708,69.73872304174922,2.414763738877852
1338,5145b84f,d33a1d58,7,62.79030004141067,64.78259742942649,-1.992297388015821
1339,804b62b9,cf5ee2ea,10,71.2116411613009,68.48502170077637,2.7266194605245317
1340,bce1a1f3,73d6d66e,5,66.23191523568909,61.09066964195284,5.141245593736244
1341,ed61caa2,069050d7,11,67.50520142505543,65.97127638011409,1.5339250449413413
1342,bcf58085,ed90a312,9,64.7299195423044,59.49430264816604,5.23561689413836
1343,807e3d11,2eac0fba,9,72.52546596786802,71.32671505580984,1.1987509120581734
1344,4010a682,ca313387,11,69.6163949766731,61.15571806841233,8.46067690826078
1345,12ae5097,8b0c237c,10,72.59382549760109,70.29859910314683,2.295226394454261
1346,b24147c2,ac5c2377,12,63.14239116460673,58.27267338777841,4.869717776828317
1347,95bab686,e644ad30,10,70.91473867607822,67.56314822448655,3.3515904515916617
1348,7b74acfb,e42ea540,13,74.82939875895053,69.89662280505493,4.9327759538956
1349,ae2f857b,5a74a81f,13,74.88766576184317,72.45087940419342,2.4367863576497513
1350,2e273da3,861e03d5,12,70.93608264216529,68.93725284589677,1.9988297962685238
1351,addd201a,bd2eb530,9,62.99305991081211,63.10521222079542,-0.11215230998331549
1352,73e8b39e,6aad1842,9,63.2790299901214,59.82122759811819,3.4578023920032095
1353,12a6b209,c72063a7,7,71.05203887869257,64.11629773865113,6.9357411400414435
1354,8a35e355,f31aa729,9,68.71807042009264,60.11689401885206,8.601176401240586
1355,fc60e01f,2b179358,10,74.18840720173444,66.08493463480625,8.10347256692819
1356,8df4e3e9,91d39255,11,71.69311197699419,67.78670526892449,3.906406708069696
1357,9b349f21,23b4da4f,8,71.38515230319072,60.42470335440238,10.96044894878834
1358,ed589595,c2e1e238,11,69.96962080138938,68.54512438642226,1.4244964149671233
1359,2054fa73,eefd454f,10,69.54079561723672,69.01517827618109,0.5256173410556357
1360,fc09c2ba,fc3c177c,15,70.99823473088773,61.619281780952136,9.378952949935595
1361,09bd6f1c,923b0559,12,71.2093192736651,63.25288180900987,7.956437464655231
1362,69c64e13,66a6f86c,9,71.22779923870952,67.99326462188078,3.234534616828739
1363,89a2c667,6b812794,12,69.10082641836219,69.11039725079648,-0.009570832434292242
1364,2771946f,21de0b89,10,68.69156518702636,65.02280420037044,3.6687609866559114
1365,b2ed81a7,f0520522,9,63.88159203134777,62.62095222020217,1.2606398111456016
1366,231f9e23,badb7d54,11,73.51684944382372,63.59462492299234,9.922224520831378
1367,c5d216d8,49421d68,13,65.89921817177522,63.05251811880328,2.84670005297194
1368,dd2f92c4,ff0a7a60,10,72.55155199396367,71.36586326671541,1.1856887272482624
1369,fbe7a6f2,a8b29d79,9,69.81303636925183,59.96384112598697,9.849195243264866
1370,e4eeb894,f12cde45,9,65.21830326920411,64.64572394983863,0.572579319365488
1371,4d2a7362,56d5a7ca,6,63.25257037474824,50.0322561783812,13.220314196367035
1372,87802cff,4e1b73f9,9,67.14376120688601,63.19917850105712,3.9445827058288927
1373,44216a09,3a0b564f,6,71.57300855555414,61.34923971757721,10.223768837976927
1374,966dccb0,c61a048e,8,65.707404560577,61.12463837712113,4.582766183455874
1375,f61d567f,2f0a5035,12,69.38409245745672,65.47343876071793,3.910653696738791
1376,407907dd,552aaefc,12,71.49937577694925,70.01024437933238,1.4891313976168732
1377,07f31a7e,6d0b8c73,8,62.0032716546106,58.0978232805129,3.905448374097702
1378,ac15774e,30bf6a21,8,68.1697647437369,60.59258537159822,7.577179372138687
1379,5e1961f2,030cafc6,14,76.58894489419801,69.97551931563483,6.613425578563181
1380,91c8cc10,0e6fbff3,11,72.59485165455499,67.1634761535279,5.431375501027091
1381,f75588bd,3bfb9e29,10,71.84258150690633,62.96222175038182,8.880359756524506
1382,5d0c7a1b,a2dd752e,9,64.19927990988852,64.96176000251825,-0.7624800926297297
1383,a4410ccc,74f9e382,12,73.27243801325034,65.20380208813341,8.068635925116922
1384,6440378b,c402627b,11,71.84975617129558,65.06642022265518,6.783335948640399
1385,c6d7ff14,7471867a,9,70.35886754138542,67.81232104617216,2.5465464952132635
1386,903039b6,5f6fce2f,11,65.93104545487495,58.63684276340259,7.294202691472357
1387,ff9863d8,220ef39c,9,64.33827412102227,60.22509882974898,4.113175291273286
1388,f797c097,a95f8484,11,66.18467029799599,57.43852657014246,8.746143727853536
1389,dfc462c8,625207e6,9,70.45460634637557,59.967944995798874,10.486661350576696
1390,13f80d75,6d23a539,10,75.62330453994431,69.40445709511182,6.218847444832491
1391,dc9e3d6f,e5a9cf3c,11,71.39840343098713,61.87371041840608,9.524693012581054
1392,c29de389,7eedb7ea,9,72.8085752142877,66.91665656112849,5.891918653159209
1393,78460525,e93094a6,8,57.31540922751434,61.25825899927433,-3.9428497717599953
1394,512c251c,9a0f24fb,9,66.29954610257097,62.05525516968156,4.244290932889413
1395,a740290a,c46cce07,9,64.80457932758324,58.55636831035017,6.248211017233068
1396,21ce637a,e9fced0c,9,70.80662457151745,64.23803335258108,6.568591218936362
1397,94cf140e,79ab0427,10,68.48250155903634,62.79494177441704,5.687559784619296
1398,a476eec6,2c98b824,12,68.75329300593125,66.19602974921517,2.557263256716084
1399,cc50d2e1,47c506f5,10,67.82779932897368,62.63207905781076,5.195720271162919
1400,091ec2f0,8bb92af9,8,74.33600556826167,65.83199963570577,8.504005932555899
1401,8cd0bbac,3b16dc76,8,65.88825337932056,65.08956066872484,0.7986927105957164
1402,dd78d9ca,4baa3d8b,8,70.0336453364964,59.11333811676978,10.920307219726624
1403,a7ab031d,5c64f85d,11,69.28240862533241,64.00184547691725,5.280563148415155
1404,36f15bd7,0a876037,11,72.05302048842563,67.83545732055954,4.217563167866089
1405,6c1b0868,20302e3e,9,65.24284585771717,64.20156471965149,1.0412811380656848
1406,ef3fa785,7533bf42,8,64.54071934623312,58.01194504419122,6.528774302041896
1407,8bbf9fd0,484863a2,9,70.36498986615189,64.93997968509422,5.425010181057672
1408,828152dd,e83343e1,6,65.35908002473217,64.105339161469,1.253740863263161
1409,d71e2f37,26df7b34,10,68.95014099220965,69.24225266648011,-0.29211167427045837
1410,d9eba6ee,3c744343,10,71.81351196793372,63.57450763707511,8.239004330858613
1411,1b61babb,ea0372a7,9,75.99328962501758,69.85127223152033,6.142017393497255
1412,c8fca68f,5a33c1bc,7,68.58735273816086,61.79686908753983,6.790483650621027
1413,0aad77c6,8b502103,6,65.8059042130971,62.42336771246363,3.3825365006334636
1414,d74f5ec3,f9f1ce88,11,70.08126699213526,64.0987918281359,5.982475163999354
1415,c283b6a3,53781e7a,9,66.59808645460883,60.76899598247401,5.829090472134823
1416,60caf471,7f0e2697,12,69.52467257170976,71.41134566687982,-1.8866730951700674
1417,720d6600,5c44859e,10,71.87249378453002,63.31970892510295,8.55278485942707
1418,6143a154,e411239d,7,63.03666935723557,61.04899525519856,1.9876741020370048
1419,6dfa31b9,551e153f,11,71.07102348967966,66.69307626052459,4.377947229155069
1420,26e9e26f,acdb50df,11,74.96976783862343,65.54267463683178,9.42709320179165
1421,6d67cca9,75dd519b,11,69.24083820226701,60.72456333107455,8.516274871192465
1422,ff1c83ef,ba4f60c8,11,80.14715563859423,68.35205617706109,11.795099461533141
1423,02fcf8c4,810bc075,8,67.0850058821717,69.0123286052996,-1.9273227231279009
1424,6f7ee27d,1dc538da,12,69.8113153462141,71.96025623615023,-2.148940889936128
1425,39f84f9d,82711835,9,71.69758080501364,67.21976333843006,4.477817466583588
1426,10fd5892,4451c522,12,69.77420504505317,67.8468355004816,1.9273695445715617
1427,a191c15c,d01c25e4,10,68.3849468423871,55.30804618962303,13.076900652764067
1428,84e18331,1ad6edef,10,63.427719932553245,56.76614965736501,6.661570275188232
1429,05ff482d,f44d0d4c,11,69.18389659665439,58.753627863924144,10.430268732730248
1430,f3c39edf,a066d2e9,5,58.834098426590586,51.04634471792817,7.7877537086624145
1431,9fd01451,3ab8e813,11,73.18519583579277,69.71093739898082,3.474258436811951
1432,4cd44fc3,0247643c,11,71.51175484450337,65.77970008030255,5.732054764200825
1433,d4b23f11,dec68667,10,65.770552454295,64.82708450072059,0.9434679535744124
1434,93f61f73,7a4c5a6b,4,60.68666684541682,62.315167315840256,-1.6285004704234325
1435,44d4dad6,cae2f833,14,73.3130219768167,69.88471827992012,3.4283036968965774
1436,305c4fe6,35f95f7b,8,67.17755795899795,66.26744295703605,0.9101150019618984
1437,ed4873d4,60254f15,10,68.34489828881381,63.16498776468799,5.179910524125816
1438,11d69832,b21848aa,9,69.48446098616859,63.570152501606685,5.9143084845619
1439,3b22ac25,9482799e,10,70.16858425789904,69.85652045190173,0.31206380599731176
1440,e88a9bf6,e48df96a,10,72.68238088185294,68.83950994645913,3.8428709353938046
1441,b93add2c,08343119,10,71.48066353647877,61.90509709325299,9.575566443225782
1442,07fa2998,ccde2665,10,67.82911638508412,65.61152367382748,2.2175927112566427
1443,efd9c4e3,7c218920,12,71.96058795834675,65.83410424957506,6.126483708771687
1444,0657be9c,82b000f8,5,56.70268010092785,50.7562275397686,5.946452561159248
1445,125217cf,99b2e4eb,6,68.0174240472279,63.866600138353434,4.150823908874472
1446,1eaf7009,2957a322,10,67.26341567813803,65.35391730607931,1.9094983720587209
1447,9ff89fd4,c57e67ec,7,66.65538363604563,61.294403079905436,5.360980556140191
1448,4941946d,898afb45,9,70.93391864139102,62.95118855154156,7.982730089849454
1449,c2e6fe3e,aa7aa609,12,72.19789783220398,68.86515294274166,3.332744889462319
1450,bac7b5de,cb501ad3,11,67.49774228182841,66.84258236512225,0.6551599167061539
1451,4cdef309,a91d5171,11,68.76707095967208,60.02429016614445,8.74278079352763
1452,cf47df0c,436f8e23,11,64.30427454212744,61.63905780432878,2.6652167377986657
1453,e2471ad4,95553827,7,59.20724655077456,64.19178379459343,-4.98453724381887
1454,18119bb0,99d42d9f,13,71.94578855080866,64.01273535204487,7.933053198763787
1455,91705b04,2c976426,13,69.17826791000189,64.5386768520632,4.639591057938688
1456,f9a23cbe,2200ee5d,14,68.85918545000648,66.73262770123111,2.126557748775369
1457,0d3494ae,bd1e6c9e,9,71.30661216870737,56.44224237813976,14.864369790567615
1458,3e61c111,4f8ce4bd,12,71.89861925458318,67.72597037105714,4.172648883526037
1459,2cbefc93,c0b17f4e,7,67.78486332951249,64.60836981831467,3.176493511197819
1460,3f2ff851,3438c2a6,9,69.82356286563552,60.050954011184174,9.772608854451349
1461,7d7731f6,c2cd61b2,7,61.45160310783743,63.8030120750792,-2.351408967241774
1462,389a4f47,277f14cf,11,69.66890523265106,60.9538251102842,8.715080122366857
1463,76ee492a,bb75c59d,10,62.92608030258735,57.21319428194686,5.7128860206404894
1464,c84d29fb,ff861aa3,11,68.97689363467646,66.19138567108772,2.785507963588742
1465,25fa02fc,8380d4a8,7,72.3188087692637,61.053220929971246,11.26558783929245
1466,3d3fd36d,c78fce9e,9,68.6332119647887,66.54095579622452,2.0922561685641767
1467,7331e083,bd9d3890,11,68.42228075170952,63.5435654567193,4.878715294990222
1468,c9653979,4a27b0c5,10,70.71195597358704,65.99226532372592,4.719690649861121
1469,d1f46244,46782906,11,69.33599366768257,62.72386320121578,6.612130466466795
1470,63f3eb23,63741c7f,10,70.25968717175427,71.52328708478514,-1.2635999130308733
1471,12a0c82b,7899bf94,9,71.8706689243586,63.783059289917716,8.08760963444088
1472,8440992f,bfee13aa,9,65.59855092106174,60.75174644330882,4.846804477752926
1473,0f35cbc7,d3d1d891,10,68.03175104040938,66.71826047303695,1.3134905673724262
1474,d0efbf03,d79cae26,11,70.08776645408253,69.49946347779172,0.5883029762908052
1475,30427fc8,76d69173,7,70.78567951919729,66.77056208710772,4.015117432089568
1476,f324ca11,1e7070f7,13,72.09397160508543,70.20060697170518,1.8933646333802443
1477,c3edaf2a,a4f757eb,9,70.08124083683558,61.78463562017224,8.296605216663338
1478,0c87067b,c16eca81,11,63.98581461187251,62.57294761201223,1.4128669998602845
1479,e231059c,a3e13091,7,71.64222246132316,67.12345441629144,4.51876804503172
1480,e840f658,6273b072,9,68.30205516196872,60.828665258412556,7.473389903556168
1481,11a18c1a,4cc57d68,9,74.91158510922409,62.06413384824948,12.847451260974609
1482,87671857,f0f45245,8,68.8656359847266,65.17902907185778,3.686606912868811
1483,1f385468,474f0cb3,9,71.04808292837356,65.30881424100943,5.739268687364131
1484,ecab1152,3b43dea2,8,72.76605830017124,63.088107963914396,9.677950336256842
1485,94a06c39,50de4223,9,71.2363009639773,66.00909163981976,5.227209324157542
1486,7e83cbd0,4a662ce1,11,67.07878759761523,60.613482242733106,6.465305354882126
1487,84f3b9bd,8a04d298,9,66.20872564781948,63.23701053684444,2.9717151109750404
1488,7a7fd1fe,fc968273,11,69.4522333549253,63.627316574143016,5.8249167807822815
1489,48759a32,71100538,8,70.5759473051835,66.23773696717235,4.338210338011152
1490,feb636de,75b73e38,11,69.27319410188747,62.074172494153615,7.1990216077338545
1491,77319f2b,be52fb63,9,60.38923985011948,58.047942908232386,2.3412969418870944
1492,470308c4,b123d3bf,7,68.35644820088035,63.12988158381472,5.226566617065629
1493,b82c9839,3124e789,11,71.25547812268675,63.47022337583182,7.785254746854932
1494,c1cebc3a,f3f6f1e7,12,70.65760520618365,58.155369211030234,12.502235995153413
1495,3b8af77d,8263431c,8,68.82393190121734,57.97525748113563,10.848674420081707
1496,52cad77b,774a0ac1,11,64.51534147077959,62.62117614366354,1.894165327116049
1497,8a8b3e2e,ce0b9426,9,68.93164433519462,66.95633284622586,1.9753114889687566
1498,4967f465,cbe1b128,6,68.52362660199458,56.851319632000525,11.672306969994054
1499,09878626,a63cc13a,10,70.0489200420096,65.73191284221588,4.317007199793721
1500,434b91b5,e101477a,4,63.30670484737011,57.9910492364149,5.315655610955211
1501,cf8415c4,06bcf5ba,9,74.7688228301894,68.93361884328675,5.835203986902641
1502,eb4e10fe,43dcbaa2,10,76.26059084879644,67.41943538289289,8.841155465903555
1503,26ef9de4,0fe27cf3,10,68.88633426320624,63.31792461898813,5.568409644218107
1504,fef37209,5c58c945,7,70.26768001714048,67.88209601957944,2.3855839975610422
1505,121ef7c0,560c927c,11,71.07693520131589,64.74642712316991,6.330508078145982
1506,8fd2be68,a2d9a81d,10,71.72871315255445,65.22398687358823,6.504726278966217
1507,5ade10e0,082ace8e,10,68.21569262200785,57.94278130407477,10.27291131793308
1508,0a601ef4,c7920e00,12,69.68703990956726,69.40856828515689,0.278471624410372
1509,d74f9a87,48bcc882,12,70.25222000603294,61.062424370704306,9.189795635328636
1510,4068988a,e74daa5a,10,69.25502397363822,67.17649969129494,2.078524282343281
1511,8ccedcc9,d5b75457,11,65.0771645412418,64.00021271586033,1.076951825381471
1512,fc354430,117eb0fe,10,66.31040066271338,63.570730810386294,2.739669852327083
1513,1b5f17e2,364c2e9e,9,67.78388862604692,61.32014687054705,6.463741755499868
1514,e01394ed,c22a9116,13,71.60654267712549,68.33365567881229,3.272886998313197
1515,21c2a1ed,4289a187,7,70.6918583710214,62.70467599686949,7.987182374151907
1516,6a23f222,02cae27b,7,70.46343425120506,63.39045615615316,7.0729780950519014
1517,abe6da8b,0d8f81af,10,66.33486166604868,61.00070231796118,5.334159348087503
1518,89e1e6a0,0ccd831a,10,69.5334574420445,67.02475036518973,2.508707076854762
1519,bcc5565d,d2b534a1,9,67.2490716053408,62.1076319990667,5.141439606274105
1520,b445c510,26c9ed87,10,71.463176291243,69.6323939202246,1.830782371018401
1521,2577668f,a8c6a11e,15,69.74549829907305,62.41471094596606,7.330787353106992
1522,7ba1bb38,d158b9d6,11,69.707042439874,61.4051325037599,8.3019099361141
1523,7548db5c,f03f5f3f,11,63.345024253209736,62.14348866576603,1.2015355874437077
1524,fe4cb8d2,90f91da5,6,74.41706745260966,67.71066574390215,6.706401708707503
1525,ade0897b,1db12b98,9,72.01871577853471,61.112575213705924,10.906140564828789
1526,9dc7d6bd,845f664a,8,67.176368354626,65.38227301111777,1.794095343508232
1527,7d8a26e7,ee9e6cd7,12,74.07431143376519,63.45602086235084,10.618290571414349
1528,5e5168f7,8f8d274d,9,71.8918671800647,66.78820575427869,5.103661425786001
1529,2cd88ff8,9e95592d,7,69.98285146596827,59.2311438719547,10.751707594013567
1530,49632db8,801cf2a8,9,63.68378176319092,59.83303439925724,3.850747363933685
1531,b86aed9b,1218527d,10,73.29080832553967,63.96474739264326,9.32606093289641
1532,3a50cfad,e51247db,7,66.77693155630818,68.73195766345128,-1.955026107143098
1533,af3abba2,f2a77136,9,72.97585065048911,62.02885420963249,10.946996440856616
1534,06368849,68f5227f,6,68.46376682038515,63.11662680599811,5.347140014387037
1535,12879878,eb6c8ecd,9,66.65495343337801,61.90105407633352,4.753899357044489
1536,0930d907,20bdbe00,7,68.45012906599267,60.025275081452875,8.424853984539794
1537,152f2cc8,18dbfca9,9,68.90010600771643,64.18985874642016,4.710247261296274
1538,baefa638,ee4fec42,9,65.71540459917537,61.93923098434741,3.776173614827961
1539,a715854c,8330ea99,10,61.525451138681376,62.932346222574026,-1.4068950838926497
1540,4410c4e4,e3ea396f,12,70.37695435588424,66.92733090647663,3.4496234494076106
1541,f04fd9e5,df873d3f,9,70.53826469977031,60.498059258954314,10.040205440815996
1542,c12cd76e,022ebb20,7,62.421769197469104,61.9139856272667,0.507783570202406
1543,d16a34bd,3def79eb,11,71.98960164235469,63.865821186239984,8.123780456114702
1544,35928d69,53974b82,10,73.42842508521244,67.17784930181095,6.250575783401487
1545,995e0385,30029fac,11,71.65368281585343,62.81720479465568,8.836478021197749
1546,70df9c7d,0ffa2564,8,68.393404279984,66.13334146806397,2.2600628119200223
1547,22a9cd4c,8f143012,10,69.11254476048222,61.596966349652405,7.515578410829818
1548,bd8b502a,df986a34,10,72.2081236536912,62.71603976618201,9.492083887509196
1549,fa954c93,3f224bcc,7,55.59895141209486,51.18536669220951,4.41358471988535
1550,3803b5d5,46cf27d3,8,68.44563454020826,58.29359675324863,10.152037786959632
1551,216ba003,88f20734,14,72.75117158970102,64.23909825815153,8.512073331549487
1552,ed0facc4,6340e03c,12,72.7269228045698,69.22248757037335,3.5044352341964498
1553,262059ae,4991fe6e,11,70.16477388108657,65.86376800413674,4.30100587694983
1554,0ecfe9d9,9a0a7cef,8,71.58979306185314,71.19618473416057,0.3936083276925757
1555,e6e8823f,b3b70585,9,62.48840136746854,60.03908412233385,2.4493172451346936
1556,4d207931,ef32319e,11,71.840432580466,67.06953569844185,4.770896882024147
1557,06427d9c,7b1794e6,12,72.43196426312271,64.61520261321552,7.816761649907193
1558,2db98137,ebbc7e08,5,63.225022416780696,66.09120146620226,-2.866179049421568
1559,f568dee1,96f2d4a0,8,70.61648349942732,63.11632529712193,7.500158202305386
1560,a0d9489f,43fb371c,9,69.78722962311207,69.5604702215814,0.2267594015306713
1561,44ad37c5,575d2186,8,65.0370255672955,59.9376990958202,5.099326471475301
1562,1ccd2183,7ee227e5,6,64.08385376227483,53.84645946400354,10.23739429827129
1563,eb6b39b6,7d6a53f5,11,73.95933982968403,64.65846071941323,9.300879110270799
1564,7ddc62f0,8f5b3b79,10,71.98772792195999,66.89696710079795,5.090760821162036
1565,da88944c,0fd4ec89,13,70.66503063706898,65.39399237692419,5.271038260144792
1566,8a9a5001,5bdb2971,11,69.84348130817236,63.93711763619849,5.906363671973871
1567,996eaaee,4978f453,15,71.12803914476919,63.61412138185309,7.513917762916101
1568,08373229,6d97d9cf,11,62.5988459368158,59.98904466709683,2.6098012697189716
1569,337edbcf,a74dfe06,6,66.08671554788813,60.321927916242416,5.764787631645717
1570,9684a8af,62446dce,9,71.61655509967072,67.37453256011035,4.242022539560367
1571,10910b2b,0ee5dc2e,11,73.84225605686184,66.25027647057811,7.591979586283728
1572,918de2fd,a04c5735,11,69.50512534854755,64.27387942415658,5.231245924390976
1573,1db4b9f2,1cb7058c,9,71.4588237035492,61.961980832847004,9.496842870702196
1574,11bb2aef,ef6b4964,11,71.93845298480147,67.30734317360869,4.631109811192786
1575,1c8ebc4a,9d073b3a,10,67.67751693574995,59.123791639793225,8.553725295956724
1576,f72fdd67,0a33d0f1,10,71.11061244393245,67.78334965933475,3.327262784597707
1577,4d6bb35d,3023136d,8,70.59683995922532,61.19173398972145,9.405105969503872
1578,db0b7442,7acd94fe,9,70.83049484099033,60.14990030763641,10.680594533353919
1579,3e8dc93f,da2afa4b,9,69.35751481124377,63.674907105569076,5.682607705674698
1580,aac5ce96,aabca48c,9,68.18043788869616,66.06322711642237,2.1172107722737934
1581,b95895a6,1cd5b466,12,78.64747605592424,70.5103026685521,8.137173387372144
1582,60467448,6f21d73e,11,68.66006464392373,64.82514003324879,3.834924610674946
1583,11f4d428,93840e31,13,72.71838919066585,73.521637672347,-0.8032484816811518
1584,c3259470,01b8f533,7,69.96754363498157,67.51749867753392,2.450044957447645
1585,e78f30de,268167d9,13,72.77407430438323,63.66702527297471,9.107049031408522
1586,ed523d09,461e5af4,12,65.67867990656868,62.445938840370175,3.2327410661985
1587,3b2f9921,0cdc6cd5,10,72.27062705452772,62.834147812003714,9.436479242524008
1588,c996c888,2d83fc9b,11,72.58901606190838,60.039264761844,12.54975130006438
1589,dc123976,0822d019,9,75.90613465915999,68.146515758584,7.759618900575987
1590,9754bc46,b1afad72,11,71.04885615146219,63.417510361120605,7.631345790341584
1591,b2686890,65204652,10,71.56165166352424,70.35534389507099,1.2063077684532573
1592,a7a13a29,654884d8,12,68.84027963019909,65.73965901029229,3.100620619906806
1593,ff995f9f,2b2cc2e3,9,73.5927761180734,72.75886991350112,0.8339062045722869
1594,c42668ea,e33f5c06,10,70.59639126590628,63.74942744819763,6.846963817708648
1595,b8c3c0fc,d53ff442,11,73.3546345682698,65.47156186975599,7.883072698513814
1596,7e544b0f,d359ec05,10,69.95310644974167,67.65528914417328,2.297817305568387
1597,ceda8ecd,671b04b6,9,68.58092379970273,60.147067221961436,8.433856577741295
1598,2ff3c643,c9554e8c,13,73.60421473227028,67.95313066629697,5.651084065973308
1599,49888980,bd53501e,11,76.83885745145207,65.0002366135081,11.838620837943978
1600,001e8bd6,44a950d2,10,64.19472934216525,59.9279785474809,4.266750794684349
1601,ada47e16,bbb94cb5,12,71.37908179158964,68.25207927785793,3.1270025137317106
1602,1ab45b62,164c18c2,10,68.45802696256644,65.54068860522483,2.917338357341606
1603,b5cc9245,c3168f8c,10,69.45976984239033,60.83465339977769,8.625116442612637
1604,3966420e,6870bf2d,9,68.1993961656232,60.634535936536516,7.564860229086683
1605,4de4abae,250de495,2,50.446956168604125,50.61603175478599,-0.1690755861818687
1606,3f5e5032,405c503b,7,67.70987554445261,67.63727727486611,0.07259826958650706
1607,d6a9eb92,d554a707,10,61.53558344980942,63.446811889203154,-1.9112284393937315
1608,d1f41d9a,0841e367,7,62.905279654719976,57.32363740965562,5.581642245064359
1609,6a3ff0af,95e9e62a,10,69.88023360106746,64.75891333247856,5.121320268588903
1610,fbc37f40,86210b81,11,69.0492206054554,62.310954012603005,6.738266592852398
1611,aca7079d,f0ab0ef2,10,72.60247514589761,65.8539295989296,6.748545546968018
1612,86de6620,886d0d08,8,63.68365128289553,56.94932811730426,6.73432316559127
1613,1491cdf2,40ffa374,5,58.64765199523498,57.125585801331624,1.5220661939033562
1614,511a8e7d,153495d2,10,76.21646550436813,68.79007818099186,7.426387323376275
1615,b00a4f6e,4e919d5e,7,72.01947497300362,72.03139966454728,-0.01192469154365483
1616,0ecf5470,aeaa41ef,7,63.25413608686668,52.852923563284705,10.401212523581975
1617,02f60038,d7a1477d,7,68.40778289902447,59.59499805901183,8.81278484001264
1618,788e20ed,06b57ed5,9,68.71506077308712,63.422768119441386,5.292292653645731
1619,ea244289,fb53766d,7,61.9040019921367,50.274557627593936,11.629444364542763
1620,12492bcf,729193e0,12,71.52706798824605,61.38250618475204,10.144561803494007
1621,ee8d059c,7f42a7c4,11,74.96226570512212,66.2852729220471,8.676992783075022
1622,9ce1c20d,f7105760,11,70.95224754769748,63.48179407994828,7.470453467749202
1623,e3e5b9a1,8aee7de1,10,70.2651223143003,62.61164834811975,7.653473966180549
1624,5a5a2098,683943a4,9,72.09116288311354,67.2813436727801,4.809819210333444
1625,bd36a302,07a64321,12,71.00246824072543,68.57164507114378,2.4308231695816573
1626,d80918b5,6e2d18b6,10,73.68424552892517,69.5973225371173,4.0869229918078815
1627,ccd824d3,813ecdd7,9,71.03966754563166,68.29510449699428,2.7445630486373744
1628,e8541862,e25f1830,6,73.90811317144168,70.0165903140322,3.891522857409484
1629,705ef59b,f56ad808,13,69.9600214824803,67.09034446701011,2.869677015470188
1630,adae04d9,9c1a29a8,10,71.69559354970178,59.524827113033155,12.170766436668629
1631,632402b2,7569b874,10,66.52935902970198,58.948634191697735,7.580724838004244
1632,6a20aa94,03d30ee8,8,67.35503735902154,60.58526383471328,6.769773524308256
1633,d53c4394,76cdbff5,11,70.39742076922145,63.67862892394612,6.718791845275334
1634,3dbd53d8,4b402ded,13,75.83713018717228,66.00031452165014,9.836815665522138
1635,4ebdbf90,5bc47288,9,69.17637425994076,60.916489040804876,8.259885219135882
1636,e67d4f5a,df52b5c9,11,64.49278656156628,62.359957478613495,2.1328290829527816
1637,4eaf449b,7fb60c04,7,72.05227253679897,62.50323674315163,9.549035793647334
1638,9497ea7a,0ae36d9b,7,71.15597273549662,62.473378394829915,8.682594340666704
1639,b3266fc1,3ce900ba,9,70.24504859370646,61.51239705949641,8.73265153421005
1640,6a67eb2e,67a083e9,10,72.63202074355253,66.48595541889556,6.146065324656973
1641,ee72c9e3,d7a845c4,8,72.06924751701163,55.682855386452836,16.386392130558797
1642,61d556ca,691233c3,10,71.34211618161945,64.7671384569087,6.574977724710749
1643,da395def,502f4a10,10,69.10391936084795,63.23284960395327,5.871069756894684
1644,bce90650,69be6393,9,72.69225453417755,66.25850778593522,6.433746748242328
1645,59283101,87d11aa8,9,66.80274037122024,64.54506108536138,2.257679285858856
1646,273de271,1fcb0c45,11,69.43796079457553,57.40276932454093,12.035191470034604
1647,47e6ecff,9c096bbf,9,74.16472675064728,69.46090250121038,4.703824249436892
1648,977a7150,511e83e0,7,65.64278668207649,62.346979981764335,3.2958067003121556
1649,5bccfdd0,170955c5,11,71.78539680803932,72.03448239635068,-0.24908558831135963
1650,f0afa576,216d2828,7,63.28239230075832,59.49725004162573,3.7851422591325843
1651,a07fb3c6,d025e9f0,6,66.76248924837238,58.674530674823544,8.087958573548832
1652,ff497965,2ba7f7f6,10,61.453653278494826,60.28272309999794,1.1709301784968886
1653,a80fdb65,1da1a00b,9,62.69690483165468,58.2291965981328,4.467708233521876
1654,733a415f,d2a7fa3d,5,62.27316301572977,59.982381640539046,2.2907813751907256
1655,31153559,28668487,11,66.73321603896741,64.23902287889481,2.494193160072598
1656,2b0dd880,68f1f069,11,65.0170554561946,62.207778442522795,2.809277013671803
1657,3b7fb243,211f39d6,9,71.83804870678426,62.969851452732115,8.868197254052149
1658,beb05d80,0c3d71bd,9,66.3731227722786,55.675599834897476,10.69752293738113
1659,2fc8657e,426417d7,11,71.48248795946587,57.42889245409319,14.053595505372684
1660,57b4db5f,5635a8bf,12,71.58681309777825,68.61341748924728,2.9733956085309643
1661,4a6995df,467fd268,7,71.2600597811265,56.69611394513046,14.563945835996037
1662,7fbbf10b,09b34e62,12,71.49509862371396,70.08759532943176,1.4075032942821935
1663,7eda8f71,beccd28f,7,68.04810197307708,57.27048096979787,10.777621003279208
1664,0b55617b,9e02775c,10,74.01486398857861,63.96467765244209,10.05018633613652
1665,a1731343,6d489df9,11,70.99917328543157,68.80048682251137,2.198686462920193
1666,9fc6d9df,d921b3e5,11,72.50203283688418,66.75438386675624,5.7476489701279405
1667,05e69774,20e5666c,12,72.37983475354238,63.530888712072276,8.848946041470107
1668,1b1ece36,10fcd9f4,10,68.99599378022,68.34234589365961,0.6536478865603925
1669,d9ff141d,a11c0f81,10,66.00858903270253,60.97780377177486,5.030785260927672
1670,7f428aac,e592a58a,11,76.99256711464497,67.16910971554469,9.823457399100278
1671,6e588833,0b474c9c,11,68.69961375645362,61.239585852801675,7.460027903651941
1672,b6f56e7f,94b80c58,11,62.76981493913602,62.708606476930264,0.061208462205755154
1673,87f7455c,0b933d07,10,62.64520276286994,59.95805618085008,2.6871465820198637
1674,dda0a641,eb66efcc,8,71.42457463171286,61.621405596377166,9.803169035335692
1675,ae696c1d,d55ab481,9,67.42490240050054,63.95834470039627,3.466557700104275
1676,0b061f58,11b51baf,8,64.13500312797542,62.579870631724845,1.5551324962505788
1677,6f807681,7d0c5423,9,72.38302224424005,70.1469116491374,2.2361105951026587
1678,1308f63d,39a3dd1a,10,70.1003635404478,64.62023944594831,5.480124094499487
1679,6321f6b0,c25f6490,9,70.14315016138278,69.08500273004124,1.0581474313415384
1680,acb1e1e6,551e8ada,8,71.1801693805614,69.6369626942502,1.5432066863111942
1681,215a8822,0328b3fc,11,73.22417521660016,64.63601613928277,8.588159077317385
1682,5a3f8d5f,b62eeb5b,10,69.16328887780358,63.88193627379388,5.281352604009697
1683,ffd88372,64fd402e,8,71.32200116207736,59.79953224044881,11.522468921628544
1684,ab5dc9dc,39057e4f,12,65.75964679565908,64.09656002474239,1.663086770916692
1685,60a98253,5fbd7a06,7,61.16479846452808,65.81492926498713,-4.650130800459046
1686,f9eeefb2,8fb29c39,9,66.72796541561104,61.13414685944639,5.593818556164649
1687,20e2e26d,a474621c,12,72.92540974275299,65.36247389657818,7.56293584617481
1688,4c94ff8f,0d885af3,10,80.29616753626713,71.73223348805698,8.563934048210157
1689,9ecaf262,4f4f335b,7,69.62073761977783,57.37792927339676,12.242808346381068
1690,db4bf605,8a167f1c,6,67.64956760040528,63.029078378492386,4.620489221912891
1691,1e6b9b3b,f431d4a0,13,65.13022382780393,63.95004003828093,1.1801837895229994
1692,ccb38dd8,036c02a7,6,63.891720104948426,63.90928019973124,-0.017560094782815838
1693,6a0aab7d,d737f382,9,70.72392442028939,62.59543857681726,8.128485843472134
1694,329074c0,99dcfc80,9,69.73669912284564,65.38403913157975,4.352659991265881
1695,098e21f4,779366cc,13,72.5172082201935,70.03722664111372,2.4799815790797766
1696,a5400c22,a3347fc6,9,70.2080972749048,60.99263077722064,9.215466497684162
1697,e119ec72,1c5ff3ae,9,63.28221719691232,61.032470608934226,2.2497465879780947
1698,584743a2,91e0ab5a,11,70.34225503874553,64.55022438407349,5.792030654672047
1699,fc88c97b,c436a8cf,11,73.38129954192131,70.11365423835852,3.2676453035627873
1700,84e0a143,d00e2e89,10,70.2602901540668,64.87206873706059,5.388221417006207
1701,ae7860ca,1e6e361c,10,70.89952955238624,69.21956783225086,1.6799617201353811
1702,eef92223,3a4986d6,9,62.930487978965445,58.022744216060644,4.907743762904801
1703,01b63714,9a7955dc,7,62.625704808779105,56.49819322762632,6.127511581152788
1704,30311aa2,def52aeb,9,67.09360641143464,66.59353487805168,0.5000715333829504
1705,666a3bf7,1e28a23e,12,72.29516996156059,65.66951271990563,6.625657241654963
1706,55a75870,d7602726,10,72.22783825291356,66.18314672361436,6.0446915292992
1707,4f50325e,0d9a1969,9,67.33466218553674,63.49058000445733,3.844082181079415
1708,59f2272f,cc204e10,11,72.69800996354527,62.43514616747753,10.262863796067748
1709,e0c6685e,cd67a938,12,70.28502476418862,62.04555000298973,8.239474761198892
1710,2f997b9a,9dea8b50,14,66.89154605716205,65.70751273881297,1.1840333183490799
1711,30abf085,d50d3915,10,64.42233768613346,60.46244883437154,3.9598888517619173
1712,ecd9b23d,1f217aa8,11,73.41301385276952,69.05268914274404,4.3603247100254805
1713,cb90a527,251d845d,6,67.76703303516965,62.1698130482746,5.597219986895048
1714,76666a65,37b8998a,9,71.994705243717,63.261666736359665,8.733038507357328
1715,4ef5f035,24b64c6b,11,72.40695367684454,70.32194210991867,2.0850115669258713
1716,796ac115,d1a45d83,7,76.04787297279697,66.76882476306444,9.279048209732522
1717,56683444,6ef5bd5f,9,70.08686633017254,65.88134757687786,4.205518753294683
1718,ade1eda0,9d9b5a30,8,70.79848529908688,63.53459376982238,7.263891529264498
1719,8f95c647,42c61f99,7,68.77533872754148,64.95137126700234,3.823967460539137
1720,42a96773,06b44de5,9,65.68770977850043,61.88658532064775,3.801124457852687
1721,8a565711,bf22e04d,8,71.09689734899413,69.08282950074015,2.014067848253987
1722,2ea5d150,39c6dfbb,12,70.30297906551621,59.13932165116268,11.16365741435353
1723,2e8857cf,ffdaf3ff,10,69.49280243111033,67.9793187971522,1.5134836339581312
1724,0aaf99e9,db6fe077,9,67.2285205225256,63.24679818298247,3.9817223395431327
1725,5fab1f6a,fea3edbf,10,72.84775960292845,69.36256183975544,3.485197763173005
1726,259ce419,e8feea35,7,60.11031285876294,57.64994350341332,2.46036935534962
1727,84ff2e34,004c6662,10,64.76777644136631,66.47723612194406,-1.7094596805777513
1728,222b423c,34eba2e7,14,70.00781435103524,63.33378266017797,6.674031690857269
1729,a1408db8,df915c77,9,66.00837386416848,61.87647553073696,4.131898333431515
1730,1c539bd9,40537b45,9,66.45209987418698,58.72327782573084,7.728822048456145
1731,71cae013,b36aa0f7,11,64.49466108672085,59.98637119900294,4.508289887717915
1732,68f980f6,cb2c05c6,8,68.50349931892714,68.2398678610399,0.26363145788724296
1733,fbc4d835,0959af59,7,64.09482378824674,56.846997299960904,7.247826488285838
1734,b448b325,a5f6d535,13,68.80810890290746,61.35778822574379,7.450320677163674
1735,bffa073d,af7147d5,8,61.8619237940848,63.04234331704077,-1.1804195229559653
1736,50944c19,0bedfd44,12,63.651806267008666,62.63557147707878,1.0162347899298894
1737,fc0b04b4,13508e20,10,71.3902676889654,62.93999698921503,8.450270699750362
1738,891f96f2,4ef4a86b,12,69.98106904389641,61.77141522966468,8.209653814231729
1739,dbbd7ba4,1b2e63e9,10,64.49202628891445,57.12386638565633,7.3681599032581175
1740,cc6e4547,3e252387,7,66.98316972801295,62.251399228321645,4.731770499691308
1741,684114b4,4257dbb1,9,76.98504756870226,69.9116867943847,7.07336077431755
1742,15247dae,09194716,8,68.97199644492103,60.26224344441698,8.709753000504051
1743,73152975,823e2531,8,69.66147054184599,62.26153879249178,7.399931749354209
1744,65c112b0,9467529a,7,69.51116043502387,60.33270987038535,9.178450564638517
1745,6d48f48b,5c392f54,9,69.07963659872298,64.27678995216853,4.802846646554457
1746,37e6e919,c9c50f6d,11,72.64513314392177,63.87567547719739,8.769457666724378
1747,66e92729,1c00649e,9,71.41663986793299,70.76974853911956,0.6468913288134246
1748,1471d66f,9afa827d,11,67.27598970373239,62.14227838497167,5.133711318760724
1749,5b5a4284,b0075a70,8,62.98234453164099,54.62008100052099,8.36226353112
1750,1bbe9dd1,c757c27d,6,62.409829994865575,62.64283087553734,-0.23300088067176716
1751,b60b3e67,622e9dba,10,70.18771701867395,68.34828980254113,1.839427216132819
1752,943f4589,4e6df012,11,65.0603986616761,60.75705374290518,4.303344918770925
1753,6820ac02,ed9b061d,10,71.93114036229295,69.90296253592318,2.0281778263697703
1754,359fbbd5,2cf27be6,10,69.3641010373809,69.21729382600861,0.14680721137229114
1755,18e623f9,405d6dc3,11,67.18610721476303,58.46886931960661,8.717237895156416
1756,e2bab879,3795a64b,13,69.68571390865158,62.967873808334275,6.717840100317304
1757,d6ee3dd2,99414145,10,70.23736037121587,62.19519721119948,8.042163160016393
1758,17ac152e,99a5a70a,11,68.8946952511588,66.64235223038884,2.252343020769956
1759,f3c66cef,41a04fc1,11,70.40406602655918,61.58073911039513,8.82332691616405
1760,8548ac51,9aff959f,8,69.15626904110488,66.477597348928,2.678671692176877
1761,8b3401f6,25dd9b91,12,69.83935897298818,62.76249885509256,7.07686011789562
1762,e6ddf4ab,c35418e3,10,69.40155693215158,60.981492539832054,8.420064392319524
1763,bbe86b0f,0c538af1,11,69.0098805664154,58.416948394714645,10.59293217170076
1764,987015a1,575d3237,13,70.93259571885415,67.93682932656237,2.9957663922917703
1765,8a5f6427,27298764,9,72.80293601555039,65.66015995774943,7.142776057800958
1766,e9856861,c2834a6b,10,66.6980624224383,55.660474809665075,11.037587612773223
1767,de36b116,fecfd9fe,8,70.2078678228913,64.8768454674729,5.331022355418398
1768,ab5db5e9,ed830fd8,13,73.00420803907066,64.88762684986676,8.116581189203899
1769,09d83746,d4618de2,8,66.23095226231841,64.02888752828453,2.2020647340338826
1770,44899853,9274fd6d,9,67.08877912520967,68.04370318696854,-0.9549240617588737
1771,d6da4d01,ededd920,9,69.14952139205147,61.65671241846846,7.49280897358301
1772,8ea15dd2,a56a5eba,6,66.28552423181998,64.34763282119887,1.9378914106211056
1773,7ee79471,0576acee,10,73.69888748574714,60.793523837463425,12.90536364828371
1774,3f283e21,24fc7329,10,68.52327500933941,65.18035800889051,3.3429170004489066
1775,3b2a1c6c,fc479b4f,11,71.06062214117655,67.62844000533924,3.4321821358373086
1776,303ec2e7,0fe00a37,8,67.08833389848462,65.39539642709194,1.692937471392682
1777,3f949913,92a728a4,8,66.40970656254399,68.7791201814901,-2.369413618946112
1778,5f780f34,2352506c,10,69.07629962893006,62.77896709674422,6.297332532185841
1779,e5c8e4c9,eee919ae,8,70.99556566761045,66.83282653276723,4.162739134843221
1780,7ddcb501,cfeb0c5b,9,72.24214355854939,63.841602036867265,8.400541521682122
1781,4dc2f86d,448825f0,7,63.19794793142397,60.9454917853854,2.2524561460385684
1782,6e0d4242,a2cc9a88,11,64.52156557405418,61.09849139784188,3.423074176212296
1783,07b52ed0,2bce2245,12,67.86631257534863,63.60266391425536,4.263648661093271
1784,09904e79,c83076cd,11,67.15180614198479,62.436015617600034,4.715790524384758
1785,d82b750b,e78fa300,10,62.28504772962523,62.776201351047106,-0.4911536214218799
1786,992436e7,68087674,8,68.51008193473237,56.7558429949592,11.754238939773167
1787,47e9d2fd,5c4ff688,12,74.6969223473938,72.78359152214533,1.9133308252484653
1788,933d9f48,a34e266a,11,71.3812719488883,65.90904372209793,5.472228226790364
1789,55a9ac18,3fa3b586,10,76.09202860806191,62.154988554133354,13.937040053928555
1790,67953edc,05f165b4,12,70.23279493021612,63.06455289675276,7.168242033463358
1791,f33e9cef,7f9b73db,11,67.55397214430413,60.582266192317384,6.971705951986742
1792,dc88bf05,3e201d3e,12,71.97250510689577,69.79304014047877,2.179464966417001
1793,06f13532,0379879d,8,68.05030590193576,61.00312084133411,7.047185060601649
1794,44efa1c0,1b86044d,9,66.35784001955565,61.41143943128645,4.946400588269199
1795,fa3f4f3c,01e8c1ea,9,69.1609274760801,59.488517416538585,9.67241005954152
1796,0b2fc610,7f4bea6a,8,71.88102714495818,73.80238834704686,-1.9213612020886757
1797,50fd4a89,447eb999,10,69.98944452243335,69.5011080788056,0.48833644362774464
1798,a2170a7a,66b6511b,6,70.71390184359981,65.02884356922672,5.685058274373091
1799,d89d6700,0923bf8d,11,75.74242250961865,68.19403196850251,7.5483905411161345
1800,be634cf7,7cbd4585,8,69.25777461294646,64.09786553562623,5.159909077320236
1801,f2b7f518,4e24172e,9,71.48113565278753,63.31787634197891,8.16325931080862
1802,2a3da51e,d10b5ea3,9,70.42726310575219,58.348751945632685,12.078511160119504
1803,9e64d30f,ffb99560,12,72.09353507775896,65.60370458432925,6.489830493429707
1804,a747f549,5cec5577,7,64.26006524048775,62.25058301670877,2.0094822237789813
1805,0f7d31f4,959e2134,8,65.51162808700771,57.910408941450875,7.601219145556833
1806,c40cf78c,81812ba5,10,68.41995170023284,62.40906597911804,6.0108857211148035
1807,cb382aa2,b7952231,6,67.1075780140118,57.382770822367455,9.724807191644352
1808,41534d8f,97b36a78,5,61.564152107415865,58.91847705493261,2.6456750524832557
1809,598a5380,d1c953ea,10,75.54594893227122,63.45265949444897,12.093289437822243
1810,69596c18,9357c1d5,12,72.28533970737577,64.65327956503316,7.63206014234261
1811,ec572e38,d31ab238,8,74.42365060668114,70.225491294301,4.198159312380142
1812,05c27f1d,bbf930ab,8,67.02020193540945,63.29074857746054,3.7294533579489055
1813,d9455081,31189b94,12,70.58673496707496,63.737367661167504,6.849367305907457
1814,f4529d35,29e378cc,11,68.70477207745978,63.61147612121506,5.093295956244717
1815,fecf385e,49af54ec,9,73.1879779572011,66.40217846539124,6.785799491809854
1816,12ea2272,7a2a4e46,8,66.85182618046221,60.27697951986081,6.574846660601402
1817,9fb1989d,fa039ec7,11,72.04094704971959,62.53675586644839,9.504191183271203
1818,892c60e4,d4a76d58,11,63.57848533424401,65.16655003520353,-1.5880647009595208
1819,27c708bc,6c3d86b3,13,77.9967791610797,68.44585374223927,9.550925418840436
1820,d4b466b5,e8935fc5,11,72.77667253746529,67.17560966669984,5.601062870765446
1821,8e29c181,6bdc5d6c,13,72.65208402865096,65.55933207577792,7.092751952873044
1822,7f9bd215,c36dfd70,11,73.6370915222797,69.64338810929502,3.9937034129846865
1823,6fcf4994,83a3dbff,9,74.15347839401645,63.532250380307886,10.62122801370856
1824,c5e9d973,c0061ada,8,71.90702446527959,66.12036857839647,5.786655886883125
1825,7168a150,0af853d9,11,71.33564860719368,63.30246421986327,8.033184387330408
1826,90a08e7d,777dafb9,11,71.11525502135983,65.9336890301576,5.181565991202234
1827,91074418,8d24cdd7,8,75.83575987165999,65.50469149314205,10.33106837851794
1828,5b05d548,66b07dfb,8,69.6853449644111,64.2383791736632,5.446965790747896
1829,dd45859a,20c73662,10,65.65145117150942,60.03888483865331,5.612566332856112
1830,a096bfc7,b01f9e63,7,68.74958980365948,63.33341453256084,5.416175271098638
1831,ca0c071e,90eff117,13,70.38882763482283,63.56372367840437,6.8251039564184595
1832,9af81c28,7be371a9,11,69.73197841883885,61.893677140075454,7.838301278763396
1833,ac8aec51,74ef3f37,12,67.90565892304726,63.93129870851682,3.974360214530435
1834,28312a92,5c6bc2bc,11,68.14090420551429,62.46753531658364,5.673368888930646
1835,8dc9316d,a94a9d76,12,72.94805827053824,66.47456918559548,6.473489084942756
1836,c3ce507f,798f8bed,8,65.11651660693363,60.86381908097457,4.252697525959057
1837,655be48f,9cb00306,9,63.3655030366484,59.18400773263714,4.181495304011257
1838,a1c52407,a19018bc,8,63.92084026792537,60.293143716819266,3.627696551106105
1839,3bf5a297,55ee567e,9,66.20870358925261,66.02114815892374,0.1875554303288709
1840,2733cb89,1f90abd9,12,70.52538557395724,56.47425789967449,14.051127674282746
1841,c791aad2,f740ac46,10,69.12012285473013,63.638186097983905,5.481936756746222
1842,7bf6f5fc,8d844a7e,10,65.02761035139004,56.483886550896,8.543723800494035
1843,8682bee2,f3b0287c,10,74.47313100724982,61.45740169325782,13.015729313991997
1844,dd1574ff,575c570a,10,62.93514711239423,60.21536448780961,2.7197826245846244
1845,b563600c,cb65985e,12,69.87721841555161,69.38462005081264,0.4925983647389671
1846,4c2a23ff,f0086502,10,69.95868474610478,64.28511242602804,5.673572320076744
1847,67f83f26,610e8422,9,71.66544671373218,69.8711263103391,1.7943204033930868
1848,82ba656c,843d6267,10,68.26057969363626,62.299859394772355,5.9607202988639045
1849,81ff1716,26359e82,13,68.03057682208501,67.36339818924381,0.6671786328411997
1850,99e9756a,48c5ce2f,12,67.66583525002952,65.01075663703676,2.655078612992753
1851,8ccd5b26,7572638b,11,74.5491133379437,68.01712719589725,6.531986142046449
1852,71b5c80e,9dc4f144,9,69.25248593761995,71.00052677299503,-1.748040835375079
1853,0114cfba,4d68d535,10,74.84046658483017,60.55697593545119,14.283490649378976
1854,f7d8bc22,87f23674,9,70.15589213668217,66.17401088602732,3.981881250654851
1855,02ba98d3,edc946a9,6,59.48707581355678,53.26513060703089,6.221945206525888
1856,c3b14a73,61cb4bb6,8,69.77973614511362,61.63994085663512,8.139795288478496
1857,92eee218,a79ad065,12,69.92437080297323,66.37032922641953,3.5540415765537006
1858,6b41932d,24d745dc,7,62.3440914079103,66.81710811331014,-4.473016705399843
1859,127be79c,cbd87c5b,7,70.56199250740774,60.46056151103318,10.10143099637456
1860,172d45a7,fc1ce0fd,9,69.43386316610764,62.54810148813209,6.885761677975552
1861,9ad5b566,19773558,7,64.24118662590125,56.290479397478705,7.950707228422544
1862,e66eed3a,5ccd74ac,10,69.23849516855438,62.93941489082619,6.299080277728187
1863,9d322217,d03feab6,10,73.07064839253377,65.0641839547292,8.006464437804567
1864,e0ce3134,29375ec7,6,64.85418264345338,54.83350052396481,10.020682119488576
1865,e4d1847a,73ed01d5,12,77.40482189664493,66.09781430484303,11.307007591801906
1866,3cda6476,bef72593,9,70.90929278433183,64.06480593019758,6.844486854134246
1867,9c4dba72,03cedfb8,10,67.72925903275966,65.52745186474415,2.201807168015506
1868,0f5d58f6,471d32bf,6,76.98342434023306,73.05224494619037,3.9311793940426867
1869,3fcae415,ceaf3b84,7,67.8827846824301,62.57300429649856,5.309780385931539
1870,dba270e4,b3348b0d,10,65.58331438171797,62.63398095120416,2.9493334305138106
1871,3c4b42f8,c3432127,10,73.40876097888481,70.56061759333423,2.8481433855505855
1872,5d912886,fb763185,11,70.55130252666575,64.0874361118783,6.4638664147874465
1873,fdcedb54,5063dde8,9,69.21212532599174,57.28151937212715,11.930605953864585
1874,d6a95260,3e17a73c,9,62.14044637532613,59.364842310905495,2.7756040644206337
1875,ec576622,4883c672,10,64.60754536516015,59.442574696079085,5.164970669081065
1876,73c79a86,53260637,11,70.28955019544226,63.46958771791823,6.8199624775240295
1877,d7ff51d0,31af4b93,9,69.91337249258991,64.54728563352562,5.366086859064296
1878,1efaa2c5,e64ca32e,11,70.58169845775183,66.99139523287167,3.5903032248801594
1879,1d7a23b0,7ddd3b03,11,70.82982300118485,62.70689108808572,8.12293191309913
1880,8cb1188c,fdda092d,10,71.13448594774503,62.27909872701115,8.855387220733881
1881,f08a2846,cff45740,11,71.13450122150171,69.28832666602767,1.846174555474036
1882,f9ccc464,226cc957,7,60.44994116965066,59.86259568820479,0.5873454814458654
1883,b1d8b8ea,73d9d4af,9,68.33843461048465,62.37968777574794,5.958746834736715
1884,9d15f912,b657fd1c,7,65.81309019812345,65.21593192413044,0.5971582739930028
1885,eee138aa,ce2262c8,8,62.871564248087054,49.52777129979033,13.343792948296723
1886,d7542c80,2853153e,7,60.438956099449626,56.560931917617346,3.8780241818322807
1887,1d9e41ed,92a4eb04,6,68.39027791516104,65.63126139073478,2.759016524426258
1888,90276e71,29d5ad6b,9,77.50831629246449,62.8196089048148,14.688707387649686
1889,d044e179,086d24be,7,69.39821660128045,64.73303632386344,4.665180277417008
1890,36203a96,0781c2e7,9,71.46587218428137,72.20778421222307,-0.7419120279417086
1891,afe2f386,678454ee,6,67.92972400733414,61.03389712461698,6.8958268827171665
1892,5e8a79cc,895c5fb0,8,70.00231889362642,64.33870231439934,5.663616579227082
1893,062d5103,95c9af18,10,61.87639170547872,60.30845977340049,1.5679319320782241
1894,c08554d6,75f032c5,9,72.49458007513387,64.77511283689303,7.7194672382408385
1895,5ae3af5b,28bac147,12,71.49436787683237,63.329054543362595,8.165313333469776
1896,1e2574e9,53297be7,11,66.95424496366998,63.0406370144115,3.913607949258477
1897,b6db1e57,c1ff9c3c,8,73.58637270643739,61.295229686652206,12.291143019785181
1898,31cb543b,ad71530d,10,70.93116955011061,66.53459720438993,4.396572345720685
1899,091b461b,689cb95b,8,70.77729273956534,66.35728799707762,4.42000474248772
1900,a47fdfbc,c62c570f,7,59.84492236190981,63.75471130349145,-3.9097889415816383
1901,9a15ef58,0561a001,10,72.42929433398328,64.72511197280843,7.704182361174844
1902,83dfe26c,91d7cd9f,9,68.7941372922462,63.270502869758296,5.523634422487909
1903,ae2d8612,1e167654,8,67.04827505843467,62.76685134401964,4.281423714415027
1904,5d7616c2,eeb3c07f,9,68.16320076402397,63.75954762362564,4.403653140398326
1905,eef71c0b,fc08ba16,13,80.60421990131235,71.51935948248239,9.084860418829962
1906,b57c2719,15155178,10,69.84406007251737,66.87258129960607,2.971478772911297
1907,17cd17bb,5fa0e895,10,67.80653619047806,64.51666659439675,3.289869596081303
1908,5f814f39,47aa3f9c,13,74.43877170031499,73.6043321664169,0.8344395338980917
1909,2981fc4d,ae9147e0,8,59.66353417164445,55.84476642697447,3.8187677446699766
1910,131f24c0,4aeece6f,10,73.98639799734704,69.02026030947067,4.966137687876369
1911,c7b5cc06,d389d8ea,11,72.15562825058753,60.09947925771583,12.056148992871698
1912,068c2499,64fa08f9,10,73.73559254745955,70.47687265777026,3.2587198896892886
1913,e3992c29,f7e0f300,10,75.33131931795211,66.3186710048828,9.012648313069306
1914,c4e0c849,349f2a19,10,70.08004988214843,65.0826387964932,4.99741108565523
1915,7f8a3b88,12cabced,12,71.74157356178145,65.76531828433517,5.976255277446285
1916,bbced8dc,6055f370,12,71.28719598527961,63.74064907587822,7.546546909401393
1917,6128ac94,ecdaa9fa,10,64.75356875941338,61.28817572001604,3.465393039397341
1918,3c257dbb,5bdb6ade,9,69.12229182637478,60.600813089891346,8.52147873648343
1919,14c580bf,dfe15980,10,60.78171894450954,60.78513579419037,-0.003416849680824896
1920,989d8cc6,7521fe82,9,66.40282741023226,57.55443351157659,8.848393898655672
1921,1692b3aa,19ad171d,12,69.407190363073,69.07589199723407,0.3312983658389328
1922,61f780ac,42411402,6,71.48862594245033,68.3266255926811,3.1620003497692295
1923,b50482c8,399ba3c3,11,68.54891906441856,63.290695581649004,5.2582234827695515
1924,f1da60a5,1157169f,7,59.86037422299796,56.79247738952748,3.067896833470485
1925,f3ebd6a8,80deaeae,10,63.780931939330436,60.68370800121158,3.0972239381188587
1926,2dd3037b,b0934b78,11,69.12254604062122,63.798908962810515,5.323637077810702
1927,133bd0f6,4cabbadf,11,70.19544756406879,65.96849482216628,4.226952741902508
1928,a08e0de5,9634ca12,7,70.64862112225535,68.96320565291688,1.6854154693384658
1929,d027eedc,e4626e59,9,69.27057143553044,63.96817099795843,5.302400437572011
1930,c738b4c6,61ba7449,13,70.27017218753942,65.30802850015333,4.962143687386089
1931,b3ae17d8,c2c7c86d,9,68.9486906157857,65.99054535446938,2.958145261316318
1932,5cca9106,8d4ea067,9,70.22426654816715,68.74855221626538,1.47571433190177
1933,2dd4a427,b1a89e37,6,57.890630594920026,47.89989246472096,9.990738130199063
1934,67db78b4,404adb58,8,67.83565556227032,60.690713965122626,7.144941597147692
1935,cb53dc86,b88f921d,10,69.46344041911807,68.57478696969741,0.8886534494206586
1936,e491ca75,5fdc6ca9,9,65.72246523553028,64.9206189042248,0.8018463313054838
1937,6438136e,d763fd8b,12,70.12574654064318,67.67324449874832,2.45250204189486
1938,25e0a20f,c3f28976,9,69.97291535931146,62.477375213861215,7.495540145450242
1939,38dfb54e,d021d417,10,69.09061478132554,58.84896276392597,10.241652017399574
1940,1c2fdee2,53084e8f,11,70.52077378436535,69.74305685507423,0.7777169292911168
1941,bcc72a90,2b239c0a,9,64.02001138877249,58.972901384331905,5.047110004440583
1942,218bab1a,fa71aa53,10,71.44453369775057,62.83217696404861,8.612356733701965
1943,be6bfe9a,d5acd508,10,68.59070276234912,63.64575432591955,4.944948436429577
1944,13e94622,de087207,9,61.56378622012337,60.151559665072654,1.4122265550507151
1945,69bc565c,6e67752a,8,71.79927895589674,67.69549623242543,4.103782723471312
1946,e7ee2b66,f5c1aede,9,59.27476391294336,63.85255985132747,-4.577795938384114
1947,ed5fad91,321e178e,9,62.955363319761126,58.366154574648654,4.589208745112472
1948,3c414495,35afdee5,10,69.1447685602572,67.8096435484806,1.3351250117766114
1949,c2152ffa,5ffe8055,10,70.59704883824823,69.32686117148896,1.27018766675927
1950,6a2feee5,7f3de143,8,64.83585447796506,57.293453674357735,7.542400803607322
1951,538f882f,d4fc0d28,9,72.29727672794948,59.715456659555414,12.581820068394066
1952,3da5ba2f,a1e669cd,9,73.08915594427368,62.36069378510297,10.728462159170718
1953,11cf1cb9,81d7bf57,14,70.52874734180817,68.67158513263314,1.85716220917503
1954,85bb9a13,9f3eb328,9,61.24142040820706,57.74512118120978,3.49629922699728
1955,1ac63074,b8e7a4ba,8,69.3892431361529,61.66165972676005,7.7275834093928495
1956,ba6dbe2f,91e382aa,9,68.40238459287346,66.63399881530754,1.7683857775659249
1957,7db31590,f34d07bf,12,70.57556888317448,64.66995834303704,5.905610540137445
1958,3afae8e0,2234414a,9,70.3416581197607,68.72161700395358,1.620041115807112
1959,e68b5f62,c8d8f524,10,69.98932844764778,71.01135285414989,-1.022024406502112
1960,d13c3f39,be826c64,10,70.83727612986495,64.41991363259946,6.417362497265486
1961,08d0ce0d,913acbd7,10,64.81898046561588,60.78804693798577,4.030933527630111
1962,d34dd2d5,e811344b,12,71.71871043007718,63.877157273052575,7.841553157024606
1963,92d5aa4d,0991902b,8,73.92295126951402,63.321248013877785,10.601703255636231
1964,05157f19,0dfbc895,11,71.03035895208167,69.92037318213191,1.109985769949759
1965,38fa00b2,f5760e55,9,69.19058513080846,66.46483707500435,2.725748055804104
1966,d63b3a62,141640a8,11,60.806021934327234,54.125093571316754,6.68092836301048
1967,215360e4,bf802a7c,8,68.33239232965114,67.39672336286603,0.9356689667851157
1968,49f19c69,c6768047,10,64.68706278918478,62.288401803198155,2.3986609859866235
1969,27425cb3,58a52f25,9,72.28425421765762,59.477257370827374,12.806996846830245
1970,ec849a4b,b370bf6d,9,70.91715717649637,59.75629558085107,11.160861595645308
1971,8b986b96,ac249a59,11,71.79787465791439,66.42762410364472,5.370250554269674
1972,b9f33a71,00656482,9,67.95685838727707,62.4363086325922,5.520549754684865
1973,ec83da9a,ed3b3c56,8,71.87746227301761,65.61729818121064,6.2601640918069705
1974,9d3eb5a7,4651853a,12,71.78374799656838,66.38841563836958,5.3953323581988
1975,857d3a61,c5ccdaba,12,68.41642316011513,68.15235350240353,0.26406965771160174
1976,0819b120,4e0b8775,13,70.1001084655295,66.6395697184675,3.460538747062003
1977,36024c56,0b89657a,10,69.21817960428126,64.37739165478872,4.840787949492537
1978,af6cadbc,264a1e6c,12,76.85290446003788,67.12964883300364,9.723255627034234
1979,aa77f6ec,74295828,6,63.43515909439717,60.630118351226,2.805040743171169
1980,a74f4677,d0a44270,11,67.99831891872232,58.2188873152758,9.779431603446518
1981,4049603c,5da5d65e,11,71.10520633818797,73.14732282988115,-2.0421164916931787
1982,dcb90e55,5a4ea173,10,69.50104194700089,59.494663732561634,10.006378214439252
1983,1a87b53d,938e9b83,7,66.93976197022812,55.97993389521932,10.9598280750088
1984,1911efa8,99546137,11,70.77287356257423,62.09029327581946,8.68258028675477
1985,bc0a5dd7,3dbc2185,8,62.9373773520059,61.58471646129216,1.352660890713743
1986,9c0e5263,eeb8af56,9,61.98375684546258,62.05211567980801,-0.06835883434543177
1987,0540e845,0e3e434a,5,67.71710214393799,58.864337251828275,8.852764892109718
1988,153cef53,38bd9ead,10,72.82171602707004,68.92376029315572,3.8979557339143156
1989,a39e5108,feb38a25,12,70.17830743373494,68.2550948295828,1.9232126041521411
1990,14d6bb29,a6945471,12,63.87848592221117,57.64810490597153,6.23038101623964
1991,c2cf5e1b,945e44e6,11,72.68650096338776,63.36514634375962,9.321354619628138
1992,7c1ab169,18d96713,10,63.223377518665046,62.269325584497004,0.9540519341680422
1993,51cb0496,8c3ccc32,9,74.00184011997587,63.983674613380444,10.018165506595423
1994,44f293dc,b073c29b,10,71.15315382819253,61.39406668581885,9.75908714237368
1995,33e976d4,a535ddf1,8,62.2249815837986,48.7461100866488,13.478871497149804
1996,a9c9d84c,8a8e4c6d,11,71.62636936963885,67.60302282217754,4.0233465474613155
1997,ba149ac1,55aa11a1,8,63.791596181160855,61.744876086048386,2.0467200951124696
1998,4dbeff3f,070eb074,9,72.47345401490489,65.4072153871969,7.066238627707989
1999,bd358cdd,20e0e3ec,11,69.7324983172212,67.80617743064127,1.92632088657993
2000,56fd9f21,a914c594,9,72.00435757422203,64.44278674704668,7.561570827175345