seed,stateId,elementCount,total,hierarchy,grouping,structure,flow,spatial,harmony,valid,findings
1,f39b4931,8,57.349964527186316,4.70168926750396,7.021788625977787,3.7745690767717903,6.571428571428571,6.496037664567119,6.113509414715846,true,
2,099cc57c,9,57.20398656798128,5.121845275186996,6.51351929957857,2.6168679898635703,6.5,6.936123539002482,6.829275919884827,true,
3,867e7346,10,63.819895029255534,6.992176035695943,6.564209942521274,4.0664266087309935,6.111111111111111,7.359124237132065,7.113719334805596,true,
4,5ccd21b0,9,69.23836048991451,9.32976390785051,6.9598420929000255,3.383136477507555,6.5,6.563422519952766,7.901048167914757,true,
5,845b3592,10,62.81955654534532,7.233049655444524,7.201153121978376,3.310209303721415,5.333333333333333,6.745329700911945,7.368763730445581,true,
6,1eb6bec0,8,61.94171013537405,7.393650987462345,6.291055811004151,4.085146996934145,5.142857142857142,5.637081351811611,7.797625878467162,true,
7,3efaa372,9,60.00212765145912,4.884118921860944,8.124023216159516,3.5007520090471282,5.999999999999998,6.989620359240222,6.643105459519178,true,
8,db7811d9,11,63.310242352023096,7.288956718042723,6.9182874911762555,3.147950492084018,5.499999999999999,7.261700982621644,7.515078665968416,true,
9,150b612b,11,65.25397946372013,7.662263153734233,6.586428057038524,3.1957569180459715,5.499999999999999,7.331059610589161,8.375473711579886,true,
10,d5ce3db1,9,62.94646429598755,7.065428801479029,7.803437101186299,3.4889223409951957,5.625,7.524837845580821,6.168336184528872,true,
11,49e12596,10,53.68973404456909,4.887682959922691,7.144194856084422,2.7968717750205045,5.333333333333333,7.273510137154236,5.185058094291508,true,
12,dd9238ba,10,60.09424476637886,6.891995127682438,8.0597282093809,2.551117662084591,5.8888888888888875,5.861231500335935,6.239023337398195,true,
13,ee8d3d6f,10,58.19664718798176,4.884138527629648,7.222582186804106,4.203667336215207,6.111111111111112,6.362549392807476,6.263225537102684,true,
14,cf6a9d83,11,55.56428532992575,4.850558094907265,6.487033291695262,3.1661846371811713,5.799999999999999,7.860957016434076,5.78287651360473,true,
15,1c1c23d5,11,66.87282493039305,9.52075875504181,7.52182713528064,3.3016661589566727,5.499999999999999,6.619021185590762,6.745540684086677,true,
16,85904435,12,55.843986126741065,4.7319282767453075,7.11562299265363,3.669955614367977,5.181818181818181,7.37830674649872,5.828096755241802,true,
17,e5ba9a57,8,62.740379127190735,7.2611344076581235,7.468084553253825,4.018701309789173,5.57142857142857,6.561723740132457,6.376012986870069,true,
18,3feb8d56,9,60.56475422668157,6.937703126412667,6.473723549281256,3.578284802930975,5.125,6.43926787736115,7.314088656645808,true,
19,22a9b32d,11,67.84040871706584,9.463136166180195,7.049577784691494,2.9152715525630453,6.399999999999999,7.095745964991648,7.076614068510482,true,
20,d1369e85,10,61.78129814827443,7.030688270953383,6.2046122288609205,3.965487750095567,6.111111111111111,7.349638249528615,6.431898225349531,true,
21,15a57816,11,63.360404323482086,7.147581793996532,7.332943795856666,3.8140199418882417,5.699999999999999,6.85463000546268,6.835765257563486,true,
22,45a39627,13,53.074020984379956,4.754838866999221,6.3310490777016915,2.3093066724941944,5.666666666666665,6.868819011696669,6.174200747627238,true,
23,a4c5c3f3,10,58.584357879978256,4.713846844994128,7.469774207950328,4.462749039184744,5.777777777777777,7.334221271561523,5.843652610759648,true,
24,e3b78886,8,57.78266222960859,4.607168276873201,7.727034701283855,3.5476718511841483,5.428571428571428,6.9223758971726,6.5966737011538665,true,
25,6a424c8e,11,61.606987175657636,7.133228905393991,6.86553735201659,3.766976670048468,5.1,7.731515267314194,6.330305862308007,true,
26,5c0f3489,7,55.15281354724429,5.092557531569625,6.210280529045468,2.868055119514677,6.5,5.987340016909023,6.455524905425733,true,
27,17b15f7d,12,63.39830421575735,7.321374008178589,7.224953856458043,3.3183680939735716,5.909090909090909,7.366376183512553,6.704190801877132,true,
28,c22be602,11,58.097075733494876,4.829539534906326,7.428440603980448,3.868144572547702,5.3999999999999995,7.073168298891526,6.468405421984876,true,
29,a7f7ab07,9,59.69051857272451,7.38059555012313,6.571924320560507,4.363159871798266,5.249999999999999,5.8916447696209495,5.880965356340512,true,
30,e304ed4e,10,66.59178376436016,9.273949960235706,7.474078255921457,3.5933495642507545,6,7.187366160260085,5.903339099008846,true,
31,2c3b52cc,6,62.983026520259074,7.467075471639815,7.934100042219655,3.2650770745702857,5.2,5.8249906394465505,7.2386228496503975,true,
32,96b562b3,8,55.975442933042316,4.537846980361446,6.192593451634674,3.967694570211922,6.428571428571427,6.690739911021247,6.1752760057659515,true,
33,d59386fe,12,68.39090641575845,7.466656702385389,7.885437465087023,3.5457533088893807,6.454545454545454,7.2960666823238185,7.975527410000663,true,
34,e650cf4b,9,63.28858863234103,7.357227032269466,6.745015202784933,3.907095374733536,5.249999999999999,7.46103500672618,7.028164523760076,true,
35,84f2ac35,7,61.6722276625153,7.107468349060863,6.9596062704382895,3.189434168579192,4.333333333333333,6.456991443670103,8.199218566038853,true,
36,04947de4,7,57.663682370553566,6.862288123484042,6.717680007771013,2.658018896043479,6,6.055475485790101,5.962042785778934,true,
37,1804091f,7,51.88574762479713,5.054785107883968,6.087164431091264,3.2863948733273776,4.833333333333333,6.105044259586748,5.781577118019484,true,
38,43c4eb03,7,61.47746298420869,7.2550463987226435,7.447523977440133,3.4021354741444583,6.166666666666666,6.307154413045825,5.947276301623704,true,
39,65a9a24f,10,61.49678335597217,7.010177181718607,7.3342169601315685,2.626238395625718,5.777777777777777,6.8707087441387245,6.92702098508624,true,
40,1ae85fad,6,53.07086087895338,4.634639246609674,5.864375668240039,4.154955437340944,5.8,5.501230001525563,5.945421832276722,true,
41,f7c80bc8,11,55.844507016675166,5.028215994275538,6.281852577283747,2.7299284469401646,4.699999999999999,7.289233664084365,7.534618145793603,true,
42,1c69498b,10,63.631012723065396,6.990227275674157,7.587563033311797,3.4447489967729275,6.888888888888889,6.556724396331338,6.463128267362221,true,
43,c10ab051,7,62.78190061412309,7.417722654537625,7.234209596437697,3.67746451709627,6.5,6.019636585302221,6.351247843022776,true,
44,fae1173f,12,68.76992995925963,9.302946368287937,6.953311330758903,4.033841305822457,6,7.196067538569518,7.1361314166938845,true,
45,044a7cb1,12,56.72980028688172,4.552976129880219,6.995968800018975,4.075431791773399,5.545454545454546,7.935270163380662,5.615740687374249,true,
46,a81e8ca8,12,60.95230759140648,7.116886671522077,7.722388605568266,2.3535304224414464,5.454545454545454,6.481477590557491,6.891049890497875,true,
47,fd4f932b,12,61.053572100834714,7.025354014059537,6.638890395739567,3.079920339775916,6.8181818181818175,7.128472336997146,5.970289097407185,true,
48,d3dd05d3,12,60.938477382866225,7.271196994440339,7.552004257826328,3.422102688042583,4.999999999999999,7.3074419595975995,5.820095303954163,true,
49,8cd3ab4a,7,57.43426153077358,7.266634110121052,6.20031678281496,2.887213250832883,4.833333333333332,6.193073421594173,6.5469441022204915,true,
50,3d78406c,10,63.631579387590676,7.471874593528689,7.259921547915802,3.2117182304771927,6.222222222222222,6.766655046148246,6.856790977268486,true,
51,a3577514,11,60.905081663737484,7.111160533862,6.579412504743157,4.3438651370302175,5.3999999999999995,7.256453705820112,5.832573379601753,true,
52,fe00576a,9,66.61376950925745,9.455729708347013,7.700703805837344,3.824446076070471,4.749999999999999,7.447177558360849,6.1370086580581305,true,
53,5c89e6c5,8,57.448937146509394,7.046950985699966,7.254831432178556,2.741413384458521,4.428571428571428,6.022372529234968,6.337038423218592,true,
54,3e679e40,10,60.192124101683206,7.409620815167107,6.215619537784656,3.439467087569556,4.888888888888889,6.884982653152061,6.8875302347944825,true,
55,06d428be,9,53.88588225632994,4.624159558452689,6.430819477521747,3.1617441104354125,5.625,6.7682021933424465,6.023134142725171,true,
56,d6d5886a,11,65.33765026791143,7.299265439321727,6.965163869723436,4.025895028323322,5.8,6.930885281426856,7.759647389861186,true,
57,993a507b,8,61.36558504931733,7.01181284260681,7.231278835166088,3.705086822944198,5.428571428571428,6.7060967941488485,6.424918551714879,true,
58,ee280371,10,65.19686311390265,7.108845616072812,7.9282669582137375,3.4762948611833475,6.222222222222222,7.302110809396128,6.868606986563293,true,
59,ac7e758f,11,62.28905294509072,6.984658580819215,7.489150322337108,3.377352669979134,5.5,7.496331476911557,6.415738504728953,true,
60,b2f3f744,10,59.423336207515725,5.140856162123658,7.944886040988454,2.8893001095359785,5.333333333333333,6.527061690674613,7.5713025291695235,true,
61,acd301cb,9,53.036486590341696,4.902601024263318,6.23545029714589,3.9411952739699587,5.125,7.052471497515323,5.026892511359021,true,
62,c13fdba1,5,53.54118388320571,4.173158967329677,6.279093410669913,4.387370074877227,5.75,6.64099519299433,5.409742872601973,true,
63,fd5fa41b,8,61.03617120836333,6.949094830621971,6.479002888659855,4.0465411189163385,4.999999999999999,6.32281143919215,7.323124647492068,true,
64,ab705d8f,6,58.38323208129453,4.881041426407991,6.732279927792774,4.735982160671612,6.6,5.704934777341171,6.410290615035565,true,
65,48e2660b,7,65.58975894930087,7.394526117913133,7.053554666223867,4.676589880455146,5.333333333333333,7.307494077619572,7.290932427578905,true,
66,fc9b3625,15,64.54548395367303,7.3988510227614634,7.336571768218849,3.886244289538254,5.7142857142857135,7.516249442093817,6.70159682113359,true,
67,db91c879,9,62.77223114324943,7.169048171634685,7.625375744962564,3.8272018284974663,4.874999999999999,6.560588238264241,7.052489288176003,true,
68,d91d9092,10,51.89887400633232,4.548810035093443,6.434659129278028,3.2840260306820164,4.555555555555555,7.167093861838119,5.542410466744569,true,
69,aad3fbbb,8,69.54733305707543,9.72717695728735,6.011306205348388,3.5379418105983134,6.571428571428571,6.638858177987368,8.309551792204545,true,
70,492250af,7,53.67628855437077,4.862923417548147,6.603576694851386,2.642885141586341,5.333333333333333,6.41709973685272,6.386772504095041,true,
71,6fed59c3,10,61.55454321000791,7.1299026801192085,6.669519740360222,3.6189648775119525,5.666666666666668,6.844237017172758,6.729565311839288,true,
72,56a2ca8b,7,61.13759618435501,7.545681602743453,7.010537636585351,2.912063784710035,4.833333333333332,5.6486736516977185,7.757660418653239,true,
73,1cd105e4,9,62.390393459662945,7.322114094573699,6.136230018907853,4.823076775085521,6,6.8082080360238395,6.217988817429459,true,
74,f4a192ef,12,66.51901765865985,9.520763150774917,6.450767398256985,3.1867975570912876,5.636363636363636,8.14684744962177,6.5981429235841045,true,
75,03032e8e,11,60.94292759325968,7.259719736294519,7.168926624234,4.229269104620589,4.799999999999999,6.478321869098961,6.199264940388286,true,
76,4becb8ea,12,54.12957805197944,4.686753117016778,6.496767941418629,2.4477253498668587,5.545454545454545,7.341150541462563,6.325245524036049,true,
77,f847bc98,11,63.07303057958721,7.2649378622693614,6.46819311726153,3.501748984725877,5.3999999999999995,7.7568247127244145,7.310220638498441,true,
78,a9cec970,14,62.628759002175165,6.998213318665908,6.302788450082348,3.3081374901666862,6.230769230769231,8.256237002138747,6.705607853530571,true,
79,480a7ec6,11,60.06808453066347,7.196399421677312,6.535849109661476,3.4619015701318183,5.8,6.652751187622685,6.1517965013474,true,
80,e3352bc6,7,62.247398726220496,7.358206133634811,8.508163718898425,3.7521525883114495,4.666666666666666,6.127265010018903,6.242173479796163,true,
81,0c5223b4,9,60.674728515339496,7.104435405211036,7.267680252233558,3.5209844632074976,4.999999999999999,7.255381887385642,6.075789392053815,true,
82,16718583,11,61.85829058777618,7.214858740325929,7.3617454763261865,4.009073353655253,5.1,7.021096637358247,6.151367325820468,true,
83,43af8924,7,51.33882826016979,4.8823790196802745,6.213349587499983,2.347552793196996,5.333333333333332,6.084007406034111,5.964814529975344,true,
84,b3abf9ac,12,67.88305934413181,9.508785258611082,6.702130444547249,4.212259789426796,6.454545454545454,7.621678009090498,5.912740300481551,true,
85,cde9cadb,9,56.475841907862176,4.640447965387207,6.69523443079356,3.664274201226861,5.624999999999999,7.759225510240668,6.069534035477668,true,
86,8e45ad04,9,52.816472495512876,4.595566872930584,6.1871790162725455,3.3307265066283596,5.624999999999999,7.504063021226045,5.114146570676055,true,
87,c2979a69,11,58.02006354522331,4.774405626031019,7.11217300780749,3.2502053954875905,6.2,7.35375875935313,6.497106176370467,true,
88,80419de6,9,62.18122681605345,7.437897568928493,6.290398983999501,3.7249893254044313,6,6.568801109506054,6.915878555233165,true,
89,1dc61119,9,57.43130672169272,6.726470750147612,6.138865655234925,3.073624058893395,4.75,6.845752409554657,6.66879245067348,true,
90,3788f1d7,11,64.99343471279302,7.450879055676436,7.757213402525304,3.0815978929903003,5.2,7.585624956951525,7.523887315667521,true,
91,c9695edd,7,60.21030404514518,7.291650491685882,6.483730571029673,3.183866186746586,5.333333333333333,6.479600769952798,6.887674321674789,true,
92,227f1741,11,61.365586948176485,7.496321432279766,6.262219378319493,2.924792792092751,5.499999999999999,7.622518307110756,6.854873035137139,true,
93,8502f289,10,68.18644225792075,9.587792008425698,6.761856034957225,3.9057571549350025,5.666666666666666,6.694149536506163,7.398592887601552,true,
94,727b7871,13,63.74491649521392,7.25248236851329,8.050705789658235,3.938422911691838,4.999999999999998,7.923255737605084,6.0206830489313035,true,
95,ab304ac6,9,62.964293940356086,7.125694186351364,6.628015878241327,4.267197200240885,6,6.65397600756605,6.826415924923312,true,
96,06ddecb1,8,51.96210044820394,4.788099198060162,6.188959531043597,4.018178153493757,5.428571428571428,6.977864301141727,4.36862923494101,true,
97,1600a116,11,66.1775888567377,9.595611040120057,6.698901675236651,3.578132872934384,5.1,7.271709499401406,6.751199876365744,true,
98,1d66a83b,9,60.24711294697621,7.155184614326047,5.941153823075223,3.941328702270102,4.874999999999999,6.778709093336097,7.099784211133283,true,
99,3d5dd2b4,8,53.36925559889467,4.540070469651476,7.524876973385207,3.6966322431717233,4.57142857142857,6.792709039062024,5.169121481266473,true,
100,b9b03f15,9,62.23749060029373,7.2601440799877714,6.754328135962965,2.9092716647497756,6.124999999999999,6.8384809339483645,7.111000005919564,true,
101,5495d0e3,9,58.19082857080001,7.01050471936483,5.773601214244726,2.665755548331705,5.625,6.9400999228842455,6.708688506125272,true,
102,ede89236,8,59.667444487818784,7.0158899041357605,5.572935806072925,3.2906856085783507,5.857142857142856,6.337305640806498,7.34147484221503,true,
103,0c656519,9,60.497755026663825,6.941759428527576,6.251894133572309,3.3399430875037126,5.125,6.819961578850412,7.444980997132674,true,
104,c796e4b4,8,53.95289587025326,4.545785459721247,7.265229662732902,3.91246583711868,4.57142857142857,7.075827352979584,5.355700283043847,true,
105,da0b7e90,7,62.162179266333226,7.3368953274748625,6.201219174408109,5.0128981416870575,5.166666666666666,7.057272613831207,6.361489439027454,true,
106,1c17fa66,13,62.97475892543689,7.3727373336744595,6.612794887213281,3.501501693254651,5.666666666666665,7.386502241187213,7.031604243406299,true,
107,299ffe36,8,66.51831075401654,7.705045726527512,7.400774760350715,3.5635163439355857,5.57142857142857,7.144676369240099,7.976023200948585,true,
108,f5e49cf6,9,59.6495788856831,5.00075095944613,7.069476094710379,4.378209371675088,6.625,7.279604270387005,5.918347303772425,true,
109,cd7e4cde,7,62.54859363064646,7.04948938298125,6.892584650668774,4.480577646295832,5.833333333333334,6.02970441694519,6.783364715301368,true,
110,49bc0803,7,63.33263637156011,7.2174817795914485,6.755068916004742,4.180590584094975,6.666666666666666,5.645156060813964,6.987061345284191,true,
111,653fb522,11,61.79154813389669,7.198456857391656,6.17893271372111,4.250393380042013,4.999999999999999,6.9294675676761095,7.187665813229911,true,
112,65397da6,10,69.32484952635056,7.292410122141293,8.631290292221637,4.597112230263215,6.444444444444444,6.8441687223537535,7.3519252916614315,true,
113,7ff261ff,7,61.30695669191515,7.06506196536835,6.445864961243021,2.9573086966986817,6.5,5.873269958160699,7.391925245489623,true,
114,95f079f9,11,62.33922607581082,7.177533068934958,7.388982709129472,3.254929748729884,5.099999999999999,7.2895668362543535,6.8834859263341155,true,
115,c2e9f664,13,65.74091416038543,7.261968031904014,6.885281266603924,4.555582224494031,5.916666666666666,7.4451651009588815,7.223864282289071,true,
116,8f8f9803,8,60.92229798677518,7.300654926005177,5.8264295607870284,3.8027321653596515,5.999999999999998,6.195236164050941,7.007768454690316,true,
117,af5394b8,11,64.00232469467936,7.3098019739763656,8.049523422904505,3.805093331573771,5.399999999999999,6.955529098789992,6.504628598122373,true,
118,4b00482f,12,62.51026711732989,6.848901281702386,7.449876606407141,3.8393826458931453,5.818181818181817,6.987890757399306,6.393122522532286,true,
119,19521b87,5,53.267470242401956,4.616880261465015,5.170787535080484,4.586762487370036,5.75,5.896416935871706,6.150932554467867,true,
120,f77f2e54,9,60.86053255953508,7.70628376707058,6.017273074774323,3.860691223787793,5.625,7.046562292893629,6.077048832245952,true,
121,4d3a53f2,9,60.52727289816179,7.396359616819592,5.719839059571618,3.0797266346259136,6.25,6.344321885918296,7.117418146731719,true,
122,ac338f91,9,61.75852422737516,7.568319128912341,6.309579249208059,4.26617159017005,5.625,6.379776981440235,6.497650736302955,true,
123,f1cec196,9,55.8346157287313,4.805165076166712,6.142683392468252,4.28781003413722,5.125,7.153726461682204,6.334204032272014,true,
124,b786a404,7,61.978156233430965,7.387789020562445,6.555468962812547,3.498321395771803,5.333333333333333,6.7602204888377235,7.206923810212283,true,
125,d2b04a9a,10,60.4828305267175,6.891160018154947,6.598967018116488,3.794171903094286,4.999999999999999,7.095401695811599,6.7037961988806085,true,
126,67842990,9,57.43656397026914,4.536037378891222,7.817092640354942,2.8919792493855994,6.5,6.491187833225045,6.382700137347784,true,
127,5c1c2e7c,11,58.20082014773054,5.064070553951358,6.5160362256770945,4.354219295930514,6.099999999999999,7.5953336985273765,5.84876974836178,true,
128,9d9079ce,10,60.904956704144944,6.750893885139403,6.288085184589884,3.035543736620916,5.777777777777779,7.2891595546780295,7.270572363542414,true,
129,273c33b4,10,61.96320596845645,7.373439569593343,6.006761840324246,3.2031950481918248,5.666666666666666,7.232667282838098,7.420969842196571,true,
130,ba1793a3,11,59.649263443857585,7.0730068967703,6.448498678455587,2.992621295500649,5.699999999999999,6.813921198964052,6.516343430283696,true,
131,4388353d,7,55.67289589554455,4.589420938121678,7.688457778364853,2.9813449618248877,5.333333333333333,5.664841314253765,6.887825527484272,true,
132,0279a793,12,60.4559066616638,7.214262972885081,6.173450315937291,3.5237112147815086,6.181818181818181,8.560461826775532,5.122079336156947,true,
133,000ea45e,9,58.345311117435266,7.264130337439965,5.685995808236363,3.0229570696099057,4.75,6.8012960533977544,7.083669164356173,true,
134,b9deb2e9,10,61.69009953580136,7.076671538781192,6.692667313385656,3.593393717303256,6,6.554059435209483,6.776660012741164,true,
135,4d9148f3,12,62.825219918521995,7.14800344370355,6.8709844988586735,3.6621454697346394,6.545454545454544,7.84988982386526,5.823136091986175,true,
136,a53e723c,8,63.73486862952489,7.079127696094733,7.418432430425835,3.188747979314526,7,6.8602309753505475,6.520611013286851,true,
137,bdc13c44,11,65.14552759465656,7.611863430597232,7.295045272844286,3.6063034899724813,6.6,6.918837857940286,6.746330646767401,true,
138,576077fe,11,63.434557205010165,7.4372338863344645,7.637237565759153,3.6764955730386824,5.099999999999999,6.7095831182147805,6.962720608029018,true,
139,ad675f51,10,58.874219041801545,7.284939489520035,6.714957420050601,2.3639882096229057,6.111111111111112,6.666362833350797,5.9309123708348,true,
140,c57f398e,12,64.30015556773044,7.403388276917674,7.243024952967536,3.7940925641218235,6.272727272727272,7.988041404658128,5.995076526988395,true,
141,a7cefebc,10,60.55559981055769,7.447840349163632,6.493848110089936,4.314778834208217,5.222222222222221,7.519588608541181,5.37395090302771,true,
142,8ac21a9f,9,60.324616741606334,7.139729095405139,6.275942719462296,2.78236991021715,6,7.359213765587766,6.5608490951111404,true,
143,dd4720ab,9,56.366917101188854,4.934527204649516,6.84900441354319,5.022719438113035,5.125,6.638926669230415,5.515311391291965,true,
144,5851ea5a,10,55.628147023521066,4.811231247309385,6.32368590991087,3.4868774493730847,6.111111111111111,7.099277216625357,5.978024550236157,true,
145,d5724dcb,10,54.73670718929644,4.872446163355584,7.249313612340199,2.331910771798189,5.333333333333332,6.865937197333841,6.301509730892214,true,
146,fe2d93b5,10,62.08718707384344,7.101783737368962,7.966638969902163,2.4204714794385875,5.666666666666668,6.838106188017484,6.823782979241523,true,
147,e92d0b45,10,59.92228552071063,7.434220213737088,6.772173587696928,3.6551813203875647,5.333333333333332,6.513357225327201,5.894533606510127,true,
148,09dcfd68,12,61.597400040509584,7.570640508640572,6.418235520689795,3.8638989308080203,5.909090909090909,6.88974807931478,6.099854072568352,true,
149,5703c55c,8,59.24549119632502,7.391788194083513,6.145313788079367,3.189025545765651,5,6.393389839040722,6.908337531337488,true,
150,d18676cb,8,61.14724977369943,6.842813932763293,7.6938601703939415,3.4665257195168375,5.571428571428571,5.894236047435244,6.650529650616665,true,
151,f63aad9b,14,57.834209655304406,4.9907906200639065,6.521442724323206,4.356072947792591,5.384615384615384,7.709139501258811,6.219170692891066,true,
152,83244200,6,60.38726875655405,7.6343092086326445,5.876684600721517,3.526672828192904,5.199999999999999,5.805684944517883,7.437431368136805,true,
153,48df485b,9,59.66793901700528,7.214775243950064,6.19617256704529,2.5955212223411013,5.249999999999999,6.104272102561306,7.753851278739112,true,
154,170eea9b,8,59.08600009166601,7.149400056721204,6.383154697183536,2.8075252405714193,5.57142857142857,6.040927704801563,6.946960544986439,true,
155,91af276b,10,55.61889697660834,4.88402371600315,6.2691869007805785,3.827955685027666,5.888888888888889,6.822620848785629,6.011108250145597,true,
156,1b026981,10,60.18494845589615,7.2156854797826995,6.192505218564537,2.855073390143047,5.222222222222222,7.028776109410581,7.247940007399827,true,
157,4a1547c9,13,61.26674817469316,7.5271978686313386,6.158069769053368,3.146664098896108,5.666666666666665,7.636483953572893,6.541780816112206,true,
158,128a6420,9,56.7934480443585,4.636148284890059,8.706117239317834,2.8728612041586215,5.5,6.042718984132847,6.185420913785828,true,
159,d86fb3ee,9,59.09028228407516,7.337151215315664,6.271599074792156,2.6928271937339083,5.125,6.46522763776066,7.038318338700475,true,
160,79800bb8,7,57.24255791463209,6.888451552688048,6.412661291525686,2.5533264619093337,5.333333333333333,5.786200961791964,6.786368942791825,true,
161,227d7703,7,51.60720149684548,4.905181622203815,5.900205769813618,2.6485477593856133,4.166666666666667,6.385378704724151,6.855966845309144,true,
162,0c51b24e,12,61.1156278215556,6.960267742091199,6.878771706712376,3.1260877934347113,5.636363636363636,7.350511556568868,6.598107091245943,true,
163,7196408f,11,63.52286014832064,7.191266921484899,6.676700065335945,2.9884782916847263,6.099999999999999,6.99616147902479,7.787003761168857,true,
164,bacbb1ed,13,59.40560714464161,7.107457794594149,7.193682695040864,3.0310261654376514,5.333333333333332,6.78830195871036,5.919188678540568,true,
165,2599b2e2,11,60.91632161372593,7.304197611343191,6.873233746571941,2.8499988274921293,5.499999999999999,6.748227518457586,6.85696552688081,true,
166,1e764724,11,67.86452599946868,9.357935300708684,6.856754666809968,3.619329559440141,5.8,7.169610500315173,7.216861632795231,true,
167,13f2dc95,10,59.7852447018974,7.281674291108865,6.418628750724616,2.7612026163066226,5.333333333333333,7.66139854315388,6.345664173947426,true,
168,86a1357f,12,55.22217377469861,4.837058149533436,7.5791792350024565,2.362298177699953,4.727272727272727,7.443355723936467,6.369958846670814,true,
169,07369bc6,9,56.79639023128637,6.792413645903968,6.687431213867571,3.444604721306259,5.125000000000001,6.062898258904742,5.631495415653207,true,
170,e5c65a8f,8,63.17722480644129,7.097539311151605,7.774220873249495,3.25318241738861,5.999999999999998,6.208497374444844,7.0175052079649465,true,
171,37263567,7,52.161976221391235,4.648396931519897,6.1542634654036155,3.898905400101629,4.666666666666666,6.203670498776447,5.844660464174,true,
172,6688ab78,8,60.94944523787126,7.183537753109385,7.277362739530663,3.4634647385946966,7.000000000000001,5.3151841370285915,5.8228169759534065,true,
173,3763edbd,10,56.453923458330415,4.756913296929945,8.114594905172615,3.6622223598427888,5.666666666666668,6.341369213359794,5.45506694914716,true,
174,11111b4e,7,59.38507835753469,7.247771372359179,5.878727900050499,3.9110948561369576,6.333333333333333,6.243186638224743,5.8201313984403225,true,
175,fe3055ba,8,59.54191435315174,7.177964940216283,5.755735810383958,3.1244618753104425,5.999999999999998,6.458261636999396,6.8824247627010875,true,
176,1ce3c9fb,10,59.13616004358893,6.8457976921946955,6.373275559314504,3.8980421772228766,4.555555555555555,7.2781063139362745,6.404600136221035,true,
177,655766c6,11,61.889655040456724,7.016396273247253,6.355978092340907,2.785953517958983,5.8,7.510672709585437,7.497773182900886,true,
178,6a5db3f7,7,62.4428690789004,7.402889100923679,5.745296339867074,2.6897007262731383,6.499999999999999,6.099556510012649,8.380299205915847,true,
179,24447e56,11,63.00165300739088,7.57617009169065,6.655029119922795,3.8406320784149615,5.3999999999999995,7.446282338418202,6.678794882411981,true,
180,cf2b6023,11,60.61272603186598,7.110261579755074,6.321767335510713,2.5759512175946937,6.199999999999999,7.057571910528319,6.906533382974244,true,
181,af049186,7,52.34159237564028,4.75592085892992,6.3615026955800715,3.4158785219302383,6,6.133849264851065,5.027905817277187,true,
182,3a6572e2,7,63.27586007787124,7.368351404420349,6.737510772638036,5.183573669453504,4.833333333333334,6.980364581441082,6.574464478645879,true,
183,ab4f74e4,11,61.79824682104113,7.199530596366845,6.897079871295908,2.702997264992518,5.8,7.0158978993812955,7.126615135120644,true,
184,1f9ef5f3,11,58.91609946293458,5.022336456908499,7.137353307825925,3.0829892079847885,5.8,7.2109093757043485,7.230692953373708,true,
185,fa493c95,13,63.34658343503581,7.526204542070205,6.941670582999197,3.3763150586036663,5.583333333333332,7.490383044744313,6.859791344230423,true,
186,5c740bdf,8,57.69060147544954,4.873443103688474,7.180818490340676,3.7141069211275775,5.57142857142857,6.320961673276274,6.9123021297794,true,
187,cf1d6fc5,10,62.73867241107175,7.372166374251689,6.782587981706467,4.1018678104733945,6.222222222222222,6.639947388450487,6.274432946981776,true,
188,509e8be6,7,54.02548851876057,4.676943816154292,6.03597202164675,3.611449584827158,4.833333333333332,6.9398289736671215,6.553019549138858,true,
189,9566bc41,10,59.96801836643957,7.166247520887787,6.175096923805214,3.2312500580351124,5.777777777777777,6.568294322742511,6.737752060526715,true,
190,3f1b222c,13,65.18358430296016,7.508892401596621,6.919622046373679,4.084542145471326,5.416666666666666,8.027965236914119,7.061396894338543,true,
191,f7da9973,11,65.0099227233141,7.377850024578947,6.94157827329549,4.289032719616126,5.199999999999999,7.97211988885325,7.121255560112964,true,
192,97622489,10,62.72905797416524,7.06316268414827,8.198238867893915,3.6992775143103134,5.333333333333333,6.801093427748571,6.192498161823611,true,
193,d42a4b91,8,61.49995106828111,7.3626366183043,7.272495707887961,2.8494864238540223,6.142857142857142,6.472984032403389,6.391126697967348,true,
194,79290080,7,57.16482676379507,4.765897436286716,6.140530542123307,3.77111421062648,6.5,6.313397365851733,6.958009125986971,true,
195,93636c83,10,63.34978670257651,6.88893231272889,6.382372598283936,3.7504738923807803,6.444444444444444,6.715668882456639,7.556538866728292,true,
196,3efefa6b,7,59.583728496481676,7.284650830375374,5.680301253488148,2.964761220812239,4.666666666666666,6.911803316752545,7.764264550552432,true,
197,294aa628,8,62.74955938542314,6.860162928965427,7.655490548457651,3.1981623576508578,5.428571428571428,6.78496681405462,7.288143920160243,true,
198,785384b9,10,56.18865355086555,4.896025161434448,7.421546806616672,3.2195522999253647,4.555555555555555,7.4712551662582944,6.36194513861199,true,
199,b9a5abdc,10,63.287172192783885,7.447653456699748,6.673905714590552,3.7585326857096373,6.111111111111112,6.480365307585943,7.064251400113781,true,
200,9f3b0b19,9,62.63177948393347,7.105113456479807,8.00627926284468,3.0873546014613265,6.124999999999999,6.145351197355947,6.583453209835878,true,
201,d34f9d4e,12,61.48372649866303,7.398421355523507,6.495832419473824,3.1386152579325457,6.181818181818182,7.474605833838899,6.173866708703741,true,
202,a4c38060,9,59.26835188827174,6.955571895293852,6.663151627298262,3.5302296949228698,5.125,7.223720642057892,5.978527834842686,true,
203,8787bc8f,8,65.76515362822634,9.564915271707598,6.752592521069825,2.833453884666605,5.857142857142856,6.153697464349854,7.251041625518311,true,
204,a913ba27,9,66.47420728678871,9.515253588816705,6.7927851611556385,2.665463847069955,6.625,6.965324149463367,6.661081939161674,true,
205,4faa5d12,8,58.819198169038856,6.868422351927656,6.2388415072428804,2.914678545423778,6,6.550020250056991,6.4889098838947,true,
206,d4551e54,9,63.293165894751404,7.604294056394099,6.615689572064816,3.1591576563985995,6,6.6467362525907925,7.445053052052543,true,
207,163fd299,10,60.92227839749465,7.503900175793229,6.219302468359568,3.4144034202480906,6.111111111111111,7.379126937070353,5.913194283848917,true,
208,d9ba31b8,10,61.720579794857244,7.316105240902267,7.130301679872543,3.666392211288036,6.111111111111111,7.694324947986317,5.256706393142643,true,
209,2f129a25,8,54.4584028216192,4.897851572493643,5.78755648854244,3.5767669159299174,5.571428571428571,7.1185325610783545,6.117310000700403,true,
210,055eb696,7,58.527903564078194,4.891677529546865,6.333509549931681,4.370493773052151,5.333333333333332,6.669351955773907,7.551694174365956,true,
211,e26eff07,8,62.02144300380388,7.091494459486005,7.727979275050185,3.3847759509589266,5.142857142857142,6.221611389993225,7.01696341364719,true,
212,11bc7cff,13,62.9114722944843,7.572012531105271,6.980202579222851,3.3596730340862666,5.333333333333333,7.180668063341815,6.953054767960219,true,
213,9b18b26a,9,59.69433845610156,7.179135413627166,6.687864456797363,3.3790520244500986,5.624999999999999,6.328193450526751,6.242155908873537,true,
214,fee98714,15,61.40163883533012,7.053349280558122,6.507853815784529,2.665653898099344,6.071428571428571,8.319492636251972,6.434327972735545,true,
215,242947f8,12,63.77607223783648,7.168009076321543,7.580162217995844,3.6373172590181144,5.2727272727272725,8.430983513891057,6.28935965926932,true,
216,2c2fb976,8,61.2566860023724,7.325777633213826,6.481589441103357,3.0487763792708953,5.857142857142856,6.5346274507091895,7.069979109768398,true,
217,e4e402cd,12,69.760518584399,9.700545490699831,7.4778423178741456,3.68561370331691,5.181818181818181,8.132798121261462,7.089602361725148,true,
218,47231567,9,63.23016615802241,7.331825451764879,7.178747330053738,3.196918822140139,6.124999999999999,6.741030737895093,6.9752437155250515,true,
219,16386d5c,12,60.38970409878098,6.944991136722777,7.611657349840081,3.4177447257233484,5.454545454545454,7.17622255182077,5.545821994980431,true,
220,7577b3fd,14,62.35855153231961,7.385004780775504,6.431810808058941,3.4052326833480007,5.999999999999998,8.739548490872219,5.829185280978448,true,
221,65dd102d,13,65.4650770278286,7.413662191342509,7.122449586079627,3.386237627143858,6.249999999999999,7.334270274669183,7.485915187982664,true,
222,bc1f13f2,12,65.11419594402003,7.307119653332833,7.711948033846545,2.8429453798530244,5.909090909090908,6.7634398155459055,7.942091277039099,true,
223,2b6270ff,7,60.02729773973998,4.816328096420427,8.625184829436757,4.723192471758883,5.833333333333334,5.889108623641239,6.050142395120659,true,
224,c638a974,13,60.90386765239579,7.274757153670498,6.456749046909984,3.738730352471661,5.333333333333333,7.363493614571942,6.270549557460963,true,
225,cf5e3dbb,12,64.54634222991908,7.1852844886595735,7.346530095176037,3.981007645423384,5.909090909090908,8.309200098363263,6.183015982596514,true,
226,490891fe,9,63.711697257157844,6.961272228757438,7.099012480411843,4.245032380327014,5.625,6.976244751406025,7.0578341182585245,true,
227,4f57d188,10,61.374961253693,6.862375784238067,6.56639346485988,3.4343736154589544,6.111111111111112,7.327869691734978,6.513470193150587,true,
228,ce8d6085,8,52.77477471578244,4.615632975475587,5.520841171358234,2.9782327274262155,4.999999999999999,7.749817822876333,6.3373899500278466,true,
229,14e52acc,8,56.98880543341345,5.11589375559914,6.19264749548094,4.7132803059783805,5.999999999999998,6.737381134706322,5.7811297784928835,true,
230,76337897,13,62.6039178333568,7.211270501321676,7.044027905485225,3.5694808898205417,5.833333333333332,6.905307882205319,6.712940904463573,true,
231,10581416,9,62.06086486968934,7.261450647089164,6.931716869077543,3.0825336905186624,5.125,6.494341200834945,7.709531508073496,true,
232,35c8f2e7,9,62.55424078474705,7.260520674585788,7.48055157030247,4.087798642268798,5.125,6.322740392246592,6.712073847739498,true,
233,2473cfe3,11,61.43603444338444,7.415193130912993,6.9246692151010985,3.6354124547711635,5.2,8.116011166100893,5.676510667063972,true,
234,d1644f70,11,61.121429336978466,7.2125318225737365,7.748423961074041,2.521054839945254,5.1,7.248572370169046,6.509067354622342,true,
235,f2db28a5,8,53.47783726583082,4.738639235375845,6.18461510339834,2.6194186736181537,3.8571428571428568,6.535577051697572,7.9204078860114215,true,
236,8a783048,9,59.757602690363086,6.944373201423052,6.17976031970178,4.391587234185702,5.375,6.753568152030367,6.079982292063273,true,
237,893058d6,12,63.90625497940286,6.993634187829084,7.822737038671504,4.373713005601814,5.181818181818181,7.886501460846182,6.107152683910735,true,
238,6e058302,8,59.88092024476192,5.007379016519782,7.92388627304933,3.7378045976299403,5.999999999999998,7.373366835908783,6.19717861101848,true,
239,e700849d,10,61.93317322728728,7.465933438917755,7.1553894285742565,3.173831718339408,6.111111111111111,6.99614907531214,6.0428574061230576,true,
240,05627512,9,67.80306322393544,9.316459532431573,6.58111423311522,3.7414610416826792,6.5,6.3515093403366025,7.350520875983521,true,
241,3a2a3420,9,62.33784686652078,7.353057092651103,7.6156084184907025,4.754634429024076,3.999999999999999,6.716740336759221,6.450596861781955,true,
242,73f18acf,8,60.28798110396245,4.922398431468227,7.4035626065987,2.5835971480204516,5.999999999999998,6.336961056658735,8.620348865434277,true,
243,a2838b21,13,63.83780386736126,7.155011490136893,7.1955207876737415,3.2220437333849365,5.916666666666666,7.290109602672484,7.261811564553606,true,
244,94431a5d,9,61.39314185062002,7.16314119083503,6.315276765000395,3.331400883506852,6,7.135157781651737,6.740489758082207,true,
245,b1bf5474,11,62.46399085360808,7.281512200380843,6.99041297538373,3.43864194871146,6.099999999999999,7.371587868198863,6.221310809146697,true,
246,6d617fba,10,57.07804096374333,4.960970856522918,7.884410437517506,3.668758923115077,4.888888888888888,7.139122243985401,5.891508505297918,true,
247,c61ac980,10,53.16290291680397,4.739214491535179,6.375935698654091,2.8704386530317016,5.333333333333332,6.94257661417763,5.938945207522302,true,
248,176afe5e,9,65.18985231581568,7.632222063617197,7.563228433202124,3.2062260322015708,5.625,7.266021298922899,7.381531472940773,true,
249,bd798386,12,60.20047588151279,7.152743444607416,6.610057867106046,2.8117170794824102,5.090909090909089,6.871150614831859,7.166522700091235,true,
250,01797328,8,61.31347052383953,7.013962981492784,6.468307527147115,3.7230010808789853,6.142857142857142,6.729425765336216,6.524311920996636,true,
251,a37a693a,12,67.48707528000458,9.343124094111918,6.792222833811715,3.766870501653887,5.818181818181817,8.18000969853812,6.318183590923661,true,
252,057ff23d,7,54.49589327796133,4.88922256507781,6.541516596897041,3.461785229991936,5.333333333333333,6.465018511948427,6.129389311087276,true,
253,1eaa2bee,9,65.28154358788574,7.129391687640085,7.452777270587226,4.506484459989639,5.125,6.8294131174365384,7.639258025600681,true,
254,daacd75d,9,55.781835074683656,5.078540621407503,6.790131753879454,4.21640872082773,5.125000000000001,6.4608073900228264,5.903049396596777,true,
255,5a7754bf,8,60.12424360288123,7.026054717760186,6.857262995574263,2.8330140418597654,5.428571428571428,6.379861009760971,7.051341028305924,true,
256,ec1521ca,7,59.893465353712195,7.225131809760719,7.011710755809165,2.623917455878899,6.499999999999999,6.239246620306734,5.993030789452602,true,
257,2abbe986,11,53.89476848015471,4.65976869950961,7.265025872760839,2.331299489269089,4.999999999999999,6.499436464945164,6.562516615474333,true,
258,263d969b,8,59.839032923578124,7.319903121765002,6.048523381052798,3.561986633344024,4.999999999999999,6.3778834336224595,7.083813610766154,true,
259,e519ebb9,11,60.33030605817865,7.095431401875191,6.400137081682535,3.3243909236881355,5.799999999999999,7.371701766577997,6.186383636634261,true,
260,6b09e95d,11,62.34683960925533,7.119323040831021,7.641570089334584,2.740477174843941,5.699999999999998,7.690044420222282,6.416079254091576,true,
261,d2f8dfb3,9,59.487599049584915,7.143509558796371,6.710996165675181,3.6106603454924486,4.75,7.522984252361887,5.890078514818244,true,
262,242318b6,13,68.50606338013236,9.654878710134376,6.905534268439095,2.7622430367353146,6.25,7.381491796531013,7.428402769505015,true,
263,b7b02eb8,8,62.985086982633774,7.022939390227433,7.215917685191989,5.502641765803024,5.857142857142856,6.320768034100999,5.67141769311211,true,
264,4280eb8b,7,54.57864251591711,4.5404742208708235,5.743883343090603,2.950728351438844,5.833333333333334,6.716386687988999,7.172565615117593,true,
265,61cae630,8,56.66636390114785,4.8228321122375215,6.278781848134529,2.9855050976353135,6.571428571428571,7.383509881481648,6.434068146785954,true,
266,9188e931,9,61.77729154467444,7.2189749878441045,6.643437959661758,3.2184793894012014,6.000000000000001,7.196115969937752,6.629603712962026,true,
267,ebe00c95,13,58.06838015334755,4.965883793613895,6.626507728629486,4.413912965933889,5.833333333333331,7.628577055981425,5.91702391679724,true,
268,f13a1ec5,11,62.129076134001096,6.970412968288565,6.526999558377716,3.395177000132787,6,7.622950518337596,6.768330089540264,true,
269,991ee951,8,62.41226550440039,7.075012707214206,6.594861123816607,4.467033325636537,6.142857142857142,6.560569519176087,6.39856189936137,true,
270,dd0a1ace,10,59.49547941760167,7.466876998000064,6.939671033267021,3.400433698907267,4.999999999999999,6.912764230689234,5.70226661402221,true,
271,7014a190,12,61.95928570283597,7.13705845371181,6.507413565266862,3.6139792744044854,6.181818181818181,7.875411142878489,6.034861523528077,true,
272,0feab358,7,60.36363254118426,7.498564489484927,5.970338040829597,3.2689852282747176,6,5.659861980709667,7.156675971910515,true,
273,f19d6719,8,55.703691567145924,4.929237920829102,6.338149965249567,3.1682375676850505,5.142857142857143,7.1938267185635105,6.8528883700949965,true,
274,be7e3dde,8,56.17363967087349,6.743921695400368,5.657173965032021,2.9622270137468223,5.57142857142857,6.706562392548291,5.978053785694421,true,
275,034a560d,5,59.43431183216063,7.014462614871053,7.503617932053249,2.4499563670540145,4.75,6.452133158956606,6.900728603520172,true,
276,03d3c61a,10,58.28453806633686,7.1103148814769295,7.485152851732993,3.2267090222232953,4.999999999999999,6.183041355713386,5.530657425184355,true,
277,9e5fdab8,8,62.55064814161999,7.594752488463285,7.230485338181152,3.8419628459159187,5.57142857142857,7.530083988623524,5.687308083689895,true,
278,2fafe510,13,63.499905449815415,7.21072981854951,6.906220342437197,3.822463350331981,5.333333333333332,7.422607280476635,7.170620578540165,true,
279,e019c86c,10,61.380259739290686,7.046941807250898,5.915321197688129,4.339116337931034,4.888888888888888,6.691389735779701,7.543795164206123,true,
280,d9661052,7,60.00844997830019,7.021033719379286,6.934568705684951,2.9896985196943127,5.333333333333333,6.273756217386543,6.93270198785998,true,
281,81fe7af1,10,59.762096323432885,7.423542345402103,6.334289262091561,3.5741401977917735,4.999999999999999,6.9522249454466305,6.290524584137413,true,
282,bc5ffcb2,10,56.2205771790206,4.912648897926444,6.628181208452816,3.6519082169610635,5.777777777777777,6.908471742206261,6.139298580789873,true,
283,9bbee806,6,56.1260938834677,4.910929431720857,7.62996102662891,4.770896998716386,5.8,5.946450192471946,4.79006828588495,true,
284,2100a0f3,10,69.81483969709701,9.477766050071045,7.077725433675193,3.586447431175946,6.444444444444444,6.905750285745642,7.593431008892962,true,
285,1913d771,10,57.3556192401366,7.234911983218645,5.951835011115013,3.3963570356374575,4.444444444444445,6.697828131076231,6.333821354060115,true,
286,611faba0,10,69.6764274880024,9.686097735796638,7.57891271975442,3.707297640282144,6.222222222222222,6.629947177435061,7.074338394812805,true,
287,b31eccda,9,56.067334872040306,4.7078344257265945,7.088342320154322,3.0698144163631844,4.75,7.230582115065976,6.936446442131086,true,
288,41706264,11,59.506356295672695,7.117318152252951,7.000200463765707,3.134969935423196,5.1,6.595578147752174,6.363533411794107,true,
289,0b0f76e8,9,58.526207410739644,4.456769328060464,7.942619395901317,3.9225260199455345,6.499999999999999,6.859665339609807,5.8201651592377495,true,
290,8f14aa5d,4,61.729656081301485,7.216980724078898,6.864469815929381,3.0153565389682715,6.333333333333333,5.677092395782975,7.264509277464207,true,
291,690dc64e,11,59.07559262825204,6.813951220947893,6.073246360049748,3.5937555028236328,5.3999999999999995,7.168020116299988,6.349586207467848,true,
292,bd444d88,8,60.44948791082671,4.897844608786832,7.445724833647395,3.8137376805731704,5.428571428571428,6.533289741733498,7.982478353070169,true,
293,1bbf6b36,9,54.806264699792166,4.873095811077396,6.438609808877532,3.788169885516948,6.125,6.929174287847879,5.2142076102174935,true,
294,0713aa0c,10,60.869306438780306,7.1005228162744345,6.179467634463216,4.245376126499281,5.333333333333333,7.22351124249135,6.3602125109522,true,
295,07478264,9,65.47375893418632,7.285203572988696,7.444515420776042,4.47444281264157,5.999999999999998,7.274669845292792,6.6392166927548395,true,
296,d7ee92fe,11,61.42881606031694,7.30361505977149,6.814310357196227,3.3621306764480767,5.099999999999999,7.607597510949667,6.524895369665386,true,
297,cd8f6623,10,60.23489412514975,6.890394865597709,6.102801467853674,3.8985141890832957,6.222222222222222,6.8969467728417815,6.116720836074196,true,
298,ca1e79f0,9,54.09068609096661,4.838915465405027,6.303178810167187,3.869365312844811,4.625,7.901091553591929,5.503862598417684,true,
299,521cb3df,8,62.20836764436392,6.851530342546276,6.431831344852316,3.4635528024421123,5.428571428571428,7.209609052099307,7.679967394343952,true,
300,2fd49d4f,8,56.10759767069829,4.983586123882588,8.098716291690186,3.66531333122925,3.9999999999999996,6.946770581754929,5.980057931483188,true,
301,5633fe3d,12,56.38454761709554,4.724268283525772,7.756655678966408,2.356018310812726,6.09090909090909,7.022113209274468,6.1271063384795275,true,
302,70851b8b,5,49.68141665004851,4.484265590870885,5.195364533481485,4.661040660749177,6.499999999999999,6.042870874326368,3.632694316657758,true,
303,e05b35fd,12,63.478143533476725,6.97607576229916,7.233823179971711,3.8406952806134753,5.181818181818181,7.442313055872214,7.187628892723069,true,
304,14a4243b,12,57.04691044649974,5.017446365422591,6.25042010972965,4.648428983436527,5.2727272727272725,7.605188187546011,5.941293900261378,true,
305,3cf5e7a4,7,58.819091271594566,7.190074631052052,6.361656781874532,2.9755030852233815,4.666666666666666,6.22537732961211,7.240369510644403,true,
306,56c15245,9,59.89238973711835,4.786741266974446,7.909126253874868,4.092637821400687,5.75,6.235224500546796,7.066836858577602,true,
307,fa456fe5,9,57.004349694436065,4.965755770604756,5.9698480603274096,2.8300450229377856,6.5,7.056689168245459,7.147901371601165,true,
308,c995d7ef,9,60.55924061039783,7.5106648240297025,6.65522575499357,2.845430080710423,5.25,6.449949427718807,7.047830084710925,true,
309,50fdfdce,11,58.070503413239855,7.047642862015436,6.5428668219533614,3.2606995862691215,4.799999999999999,7.770744195042225,5.5031815987429855,true,
310,4e4af637,11,66.82643404814085,7.556519570853136,6.668489977854661,3.8093694506701756,6.199999999999999,7.5958719213622325,8.000039747152229,true,
311,2e4e3aa2,9,60.41138277443488,7.169361034219117,6.26897622663616,3.283718466577403,7,7.033669081299626,5.575868975772716,true,
312,795b945b,15,62.47664523240405,6.851121838886573,7.12273634533465,3.885453656250725,5.571428571428571,8.386549204773448,5.955657042187567,true,
313,7c918921,9,59.862128596487246,7.059282910112377,5.600480860934458,3.5058781749802628,5.125,7.304833072262027,7.157890768367169,true,
314,03456b21,4,61.84705007440947,7.044787890509102,5.755468695436756,1.8349529248800576,7.666666666666666,5.6045716394917795,8.545378944424675,true,
315,95072ced,8,64.0143977734153,7.350404106651223,6.580178020811305,4.517979348744711,6,5.961485025131498,7.414063228685884,true,
316,5fdb23e7,8,59.58124977049144,7.626632426133516,6.9202786264574065,3.277232984828578,5.142857142857142,6.5980196513066804,5.7873691152745375,true,
317,653f9a9d,9,61.230804333021695,7.244167097312175,7.239505642348422,3.2744053531950885,5.25,6.279033183917289,6.874985050714368,true,
318,a5a783dd,10,65.4339413689463,7.178734476909739,6.90716863996584,3.392759562600817,6.5555555555555545,6.9233754858955585,7.933562971904731,true,
319,03658ca0,10,53.73747702619557,4.824609662740295,6.625287231754198,3.752300560251759,4.666666666666666,6.401019990164338,6.040966209977585,true,
320,f798afed,12,62.81566685070766,7.066965537965306,7.033576122551262,3.97020476184292,5.818181818181819,6.494114280906784,6.920400668881701,true,
321,293a5231,11,63.177852315761925,6.888868920278595,6.778813034917925,3.3054860467464664,6.799999999999999,7.310079835493065,6.809146071034971,true,
322,7c9953c2,11,61.429073721901275,7.178422669461288,6.742520396911666,3.53116552365786,5.799999999999999,8.084994917122035,5.728333121125624,true,
323,5c341302,8,58.85493473092602,7.027450398973817,6.928466433582583,3.0874201687914145,4.857142857142857,6.382680932330199,6.5494687778699685,true,
324,a3a200ce,8,60.354716448756065,7.150619515163907,6.967209269662275,3.051797080029976,5.57142857142857,5.896701131380836,6.945495363257019,true,
325,c6f33a79,8,63.470167449389606,7.525489974364502,6.559338137634675,3.7961647035034964,6,6.288609273853803,7.3643074729936995,true,
326,45f72449,9,61.03078030151627,7.468266282292957,6.413907833500228,3.7441170784094417,4.75,6.361250233698286,7.263224226703631,true,
327,665bdb91,10,62.55423889950414,7.279566764054224,7.198734062964706,3.5780073063469224,5.777777777777777,7.281996419906596,6.267110524920826,true,
328,4d719029,9,62.027502596886094,6.884381074015557,6.975232638892702,3.6392462781971378,6.125,6.692682326749499,6.664109927175419,true,
329,4a302dfb,10,54.7704430267354,4.816455660455345,6.909852594662897,3.754538158156782,4.777777777777778,7.399000397393619,5.603720441495592,true,
330,fefaef93,12,66.70957413750966,9.610165680342417,7.209922317772691,2.877888973541474,6.363636363636363,7.023349515406313,6.280676991171312,true,
331,4f5427e4,10,57.07079167076219,4.8624958862586,6.358773520517772,4.138501519730918,5.888888888888889,7.032200764363236,6.3191741469338485,true,
332,bf20fc19,12,60.15039472378028,6.897965543280074,6.42999519847844,3.292903294654914,6.454545454545454,8.029988642639568,5.36527497659233,true,
333,f55731f0,11,55.96379156396882,4.91846320558749,6.9196575058801475,3.2667921087642533,5.799999999999999,7.588018769771465,5.599469339190005,true,
334,80a070b7,13,62.435072125031475,7.336060115724819,6.653995899786176,3.2554667608360766,5.583333333333332,7.741759390414653,6.795737467437588,true,
335,593ecb45,13,66.72527074686981,9.581737872280653,6.5598803439526465,3.759910407983593,4.916666666666666,8.18957045487268,6.597720623459349,true,
336,aa85c178,8,59.06131363754877,7.099936661192784,6.148334931342601,3.015667943479053,5.57142857142857,6.617336808619315,6.669169316681051,true,
337,f1a2f0fa,9,63.6338233383737,7.278434398247665,6.631930266636556,4.17911773196696,5.249999999999999,7.001624207453975,7.461022443074036,true,
338,0fbfbbaf,12,66.08265514711265,9.388370770337913,6.687570044012091,3.4035799368498054,5.2727272727272725,7.635691455023128,6.710862617440373,true,
339,aac7651c,11,61.44187889702372,6.882253616696395,6.680748884584597,2.790956392770344,5.199999999999999,7.5931492222666215,7.513007566434823,true,
340,5abca8a6,7,53.040075554367064,4.870193855843935,5.440682346392652,4.218479493161531,5.333333333333333,5.888024280198284,6.153296470461072,true,
341,a83321cd,13,64.50582685033845,7.502212420977132,7.217682344825045,3.680625802994658,5.583333333333332,7.631425371003177,6.888348451423075,true,
342,dfc3ee15,6,58.38551741128333,4.769073286962631,7.353512108912671,3.6317759500327558,6.6,5.895761026677412,6.750154889078921,true,
343,61f707f3,9,66.2016761679882,7.196863092657042,7.29748767184814,3.77436330531841,6.5,7.1563756378248495,7.524126378656936,true,
344,b42afb9d,7,50.89090246802263,4.8690956856401435,5.505641723344465,3.8729296899796704,5.833333333333334,5.790421019298488,4.919664877682445,true,
345,61031393,12,65.93910732609012,7.210826694340494,7.113964375640855,3.9743641369666913,6.454545454545454,7.224248154158063,7.3696944606847605,true,
346,8282ff9b,10,62.86534689189394,7.322163524964483,6.779234856381258,3.869233473181385,6.111111111111112,7.589195545742473,6.081011695700453,true,
347,9b071fe0,10,61.9379476907868,6.95883769313039,6.938881165184992,2.983080000154583,6.111111111111111,6.728295400383519,7.114072136746748,true,
348,c59a3a82,11,65.13846481366633,7.147269090854514,7.295399584425629,4.441190863848669,6.199999999999999,6.814713758644657,6.909813414452482,true,
349,4a263f03,10,63.436048737446164,7.225078000855708,6.55677676336316,4.194111078709361,6.111111111111112,7.387638138224829,6.548044422741903,true,
350,52541ea9,10,65.10772281696967,7.305723520339509,7.188935952926945,3.2388366565594064,6.8888888888888875,6.234895629651611,7.6625496429536,true,
351,13e93a82,13,68.05018361509735,9.520102024321847,7.0085330438431654,3.0951905229950243,5.333333333333333,7.342705725372529,7.700562305419406,true,
352,e105915d,10,58.5207583625175,7.168328635573032,6.621605524083566,2.988013628070376,5.333333333333333,6.915367155350654,5.887341450888226,true,
353,52f7e91c,11,63.38697078656223,7.373839708651454,6.260410995771146,4.217195966275269,5.4,8.363439420006202,6.572058277275458,true,
354,d380a5aa,8,64.40331687370922,9.649693644684964,5.987851138382249,3.3384026401356217,4.999999999999999,6.635148806546331,7.116934075357189,true,
355,22cf21f7,5,52.46876765662694,4.355983646899653,4.594119919373919,4.438877204527209,6.75,5.726734360809859,5.993736709336429,true,
356,084e4812,7,60.720247306959465,7.069093994295162,7.447036712327275,3.5778900150783177,5.333333333333333,6.410642365388302,6.189472828204618,true,
357,425fdad6,12,53.50302626563557,4.569614876861976,6.829679582627277,3.1087825106984006,5.545454545454546,7.041469473052121,5.43598740011616,true,
358,980f25e7,8,58.08844022911332,7.003637873515479,6.045323202256231,3.269369792296777,5,6.8981227200064765,6.416233571757117,true,
359,a46d60ea,10,62.51812003749333,7.136738480683388,7.344834684424475,3.8273589331008897,4.666666666666666,6.624595487006798,7.34244829831206,true,
360,2f8849d3,13,63.40082675569742,7.357263220574851,6.627229781538542,3.7864845535711162,5.416666666666666,7.945477001647847,6.862810010572177,true,
361,1d4c82eb,12,60.555942481295304,7.482953663788356,6.579865460050432,3.4243573423089733,4.545454545454545,7.595654435645253,6.491757072093337,true,
362,08ba2520,7,54.66992030843224,4.965784061764416,5.925815607048203,3.697833331612209,4.833333333333332,6.447804269795955,6.930518756779982,true,
363,b906c370,12,65.0800883603986,7.2853852875425265,6.330137965377071,4.134661495147479,5.454545454545454,7.356603936355603,8.152562184186294,true,
364,e2c84df6,11,64.11813816899391,7.489291348357195,6.663574153808668,3.4340279274278473,5.3999999999999995,7.186972066693871,7.855953069214062,true,
365,1efd4bd5,7,61.49142366667084,7.273135444031526,6.809633931663151,2.6041771091293966,5.333333333333333,6.221634819233979,7.923771865224371,true,
366,4101c914,7,63.11650369655443,7.257272980084446,6.900742090159405,3.947740699169731,5.333333333333333,6.207977887123011,7.5866649425681185,true,
367,9f405810,10,59.60195336623055,7.27776785415101,6.353401211786498,2.9829012443803613,5.555555555555555,6.636523951747502,6.600258636986274,true,
368,a5b6b30a,8,59.49532491001658,7.102172567274517,6.255928325384128,3.033765533239331,5.142857142857142,6.7535421667883355,7.0303934853481405,true,
369,b4f562d1,8,67.18176690422659,9.432537612402053,7.06425305113226,4.311799098914954,6.428571428571429,6.064910936826564,6.200740716879717,true,
370,ffdbb2a3,9,61.7576448683385,7.390481267651555,7.388805050753962,2.583094346887376,5.624999999999999,7.170086557290343,6.580146535742131,true,
371,9a9456b8,8,57.43731575983416,4.894635903847307,7.816022339420568,3.4437969255219243,5.428571428571428,6.450533096757798,6.413490421779444,true,
372,05eca512,11,62.25790139587441,7.273197709284441,6.6752259738248645,3.3766446895041144,5,7.161311478019268,7.47362839346898,true,
373,ca22a476,12,55.57827392333945,4.9002330994722145,6.461515675285929,2.696815134986611,5.909090909090908,7.596925630417835,6.238014827770534,true,
374,2d37bac1,10,61.9413234392281,7.337421275098377,6.659240782323866,3.0859399657233735,5.777777777777777,7.446629118457088,6.70511680361885,true,
375,4fd5e495,11,64.85073874384128,7.341040165792171,7.333261995312481,3.3905305776635686,6.099999999999999,7.169091031724272,7.258436135980861,true,
376,2da53186,9,62.51091256601441,7.343093192270678,7.0725471059993055,4.47083373127878,5.625,6.903102477080287,5.905044446385217,true,
377,1258f6bc,5,56.12544372373737,6.935546758891396,5.197268597983363,2.730565678321493,4.75,5.864727941662019,7.561941112776692,true,
378,e8f2ac01,11,58.280102743582844,4.927823610539923,6.746942283569671,4.055739941632991,5.3999999999999995,7.687767907231154,6.560765271993377,true,
379,87d11f84,12,59.535835333107165,7.369811235191291,6.669988741680837,3.287103690934521,4.272727272727272,7.5266172320932565,6.363071386632123,true,
380,531a9545,13,60.64650651859236,7.129157454641253,6.804739757598327,3.4346082600273236,5.666666666666665,7.375554983425969,5.944010973409469,true,
381,490af301,10,65.9844789667701,9.596702319579396,6.594465063083835,3.5614025615298197,5.333333333333334,6.176085386362098,7.2692056063043085,true,
382,69b26f76,8,58.17578712391551,4.818658083966744,7.599844154492568,3.5019978125863784,5.57142857142857,6.6069108706876944,6.826378460941634,true,
383,1239e866,11,61.253995188740674,7.041656351824565,6.135798163386656,3.6516542447279186,5.499999999999999,7.38217750974675,6.934203151439364,true,
384,7b4be266,10,63.69712195790902,7.698845723482341,7.616696473509009,3.4690494777119825,5.222222222222221,6.850124352587888,6.83442901992113,true,
385,572abb28,9,62.84275757066521,6.906351322269636,6.656951024460707,3.5276647398627117,5.625,7.0481923954184555,7.635762433586409,true,
386,2ef17bc1,9,55.64661627837615,4.893995406860092,6.804633542619855,3.496827605035922,4.625,6.855511994825181,6.763813961101335,true,
387,e2fca01a,12,63.02086734673665,7.2687445983714865,6.5989496261829625,3.537514826319803,6.090909090909089,7.34963328030253,6.8364850147505205,true,
388,e43f94bb,9,61.12617703552648,7.170063871871147,6.14498399895372,3.2926866179979286,6.5,6.623851573140934,6.714819798474576,true,
389,d5f8ffdc,8,58.42700687224873,7.592738631020565,5.6156506996476825,3.8951379971739026,4.857142857142857,7.084904733274119,5.849230310379105,true,
390,73434d1f,8,60.698922404811775,7.127947960956583,6.746310780174467,3.080938339372125,5.428571428571428,6.051352304024084,7.350360962054277,true,
391,1ba7c663,8,58.22136567880342,6.988193782473221,6.535356165266342,2.97188594187141,5.428571428571428,6.969393952717327,5.905362959613352,true,
392,fa770718,8,59.38538535813261,7.3389836859634645,6.150015816218022,3.570538937962485,4.571428571428571,6.615673581549659,6.909776874353059,true,
393,abb5df74,9,68.67348496281383,9.719277173673538,6.533912235851025,3.6260086563291587,5.999999999999998,6.895220771908092,7.577899902378179,true,
394,a42acd59,8,62.90179319776854,7.363657357393875,6.909130148410508,3.6523459263239615,5.57142857142857,6.866642211879302,6.998514327539749,true,
395,3c283292,8,64.69280935475231,7.26620031339588,7.791778748756059,3.2699731639455316,6.428571428571427,6.625778220404671,7.004978373970552,true,
396,6c235c74,10,63.486689909169826,7.240743517990276,6.944317661548567,3.089575731858348,6.555555555555555,6.681715380213131,7.216167432547055,true,
397,99ba5aed,11,57.932415278528524,7.18846771793851,6.375394914266635,2.232467087208645,5.3999999999999995,6.836578573095133,6.423119668275559,true,
398,f7faac27,9,58.98378356567501,6.982671219511459,6.484360286217108,3.261479967345099,4.874999999999999,6.442819080134707,6.886495667130262,true,
399,27a7e095,7,56.50880366628548,6.807013422514542,6.287980147796601,2.7860910278125837,5.333333333333333,6.28473446299394,6.093150292173501,true,
400,7dea241a,10,61.07448280971556,7.365575611092667,7.208698748695584,3.2687019920903317,4.999999999999999,7.785593386952882,5.944757151679047,true,
401,13dc7a94,12,64.1121869197284,7.381764332893183,6.830470447220527,3.7867578036790377,4.818181818181817,7.606883458172686,7.704982150515091,true,
402,e6a6f595,13,63.22124634652893,7.140368987763335,7.08202745250983,3.1731685481458105,4.833333333333333,8.360323211445436,7.280737592482497,true,
403,27d2a2ad,6,57.99481071016905,5.164273196453282,6.157459729677298,2.8802203992855837,6.6,6.734663196385455,7.364678068065194,true,
404,d69ad5cc,13,64.72019395623508,7.047456370075957,6.701583212332397,4.542411662392571,6.499999999999999,7.6838576896193755,6.486286077112362,true,
405,dba9f282,9,63.50786525627879,6.899627362535464,7.208875133570083,2.9972483196547732,7,6.530853979558014,7.157901686244451,true,
406,6b284ca8,11,58.18119141107193,4.6553853008023856,6.705257886157255,4.182374940321915,6.6,7.588466792890058,5.843682399158406,true,
407,c819e83b,12,62.402154448560694,7.0831463698468475,7.048054950880159,3.0638069158463943,5.181818181818181,7.811714583333188,7.105519452211254,true,
408,1ab9a904,10,60.95372609927814,7.343236107606192,6.298819443814743,4.652600483598175,4.888888888888888,6.922621137606415,6.234073375253218,true,
409,65446d83,11,63.407272434468936,7.508685691268655,7.021089459031325,3.4571045634955424,5.3999999999999995,7.558221823898766,6.868792913370454,true,
410,4f6957f6,4,69.04819484086642,7.211623190246083,7.881754952704964,4.691679432548925,8.666666666666668,5.674825976710738,6.905953305986392,true,
411,364fb221,8,58.00665782698351,4.812711163923301,6.486307772366995,4.20267109254906,5.999999999999998,6.450976323813423,6.968650616958797,true,
412,a3c96b16,9,56.311590784391555,4.748558672355649,6.578177905215243,4.77894709869525,4.75,6.612228515882524,6.4567177017481026,true,
413,58f6e8cf,10,66.68832456680961,9.362027995512957,7.313207224436015,3.151834777102282,5.666666666666666,6.894633353290143,6.833684160256344,true,
414,50864493,7,55.35224181381583,4.6667611647231135,6.979430970576797,4.802025531240268,4.666666666666666,5.807740698081889,6.212217920867726,true,
415,2adae5ea,7,58.83339076416972,7.2702327388062855,5.193387282532675,3.7358667292519487,6,5.760415042078456,6.871022821421612,true,
416,b7e73d04,10,58.062704713901525,4.718780014115129,6.98209560223211,4.306824872159728,5.222222222222221,7.3471581096526375,6.587647232253373,true,
417,cdcf5aab,7,61.55963970255756,7.32748323385496,6.531805008057687,3.7407479697375643,6,6.80561841230276,6.3134133547370475,true,
418,9f876429,12,65.67313287899381,7.299632723240989,8.022451068393693,4.25811547704396,5.2727272727272725,7.377825249066656,6.872626072716819,true,
419,a22055b2,9,63.3597639805734,7.183273073930787,7.0810056674978945,3.17556834096114,6.5,6.7519236725673615,7.007468357156293,true,
420,db66df5e,6,58.22431877668494,4.674794189558955,7.334604147735416,4.281121752692093,6.6,6.408162149600891,5.912028183060459,true,
421,2e14e8be,7,68.34163549898534,9.547851846821118,6.598180659292736,4.609300010176263,6.333333333333333,6.053864004414915,6.962994630019086,true,
422,3e241840,8,53.50624696905469,4.7913365131167955,6.056979138454212,3.561766732468192,5.999999999999998,6.123154335539158,5.775999746846015,true,
423,d5b75ccf,8,62.449292700994846,7.284320394926438,6.965350463169358,3.9268642702895327,6,6.290486165887934,6.584976234688606,true,
424,91f219f8,10,61.78522085248042,7.444102508872827,6.768527627004025,2.7575978600955455,5.666666666666668,6.538981288788937,7.344595780751541,true,
425,850a420c,12,63.626997981837754,7.556720345219974,6.956447544668299,3.229030935422914,5.818181818181817,7.809550184838111,6.698299613284076,true,
426,c6477cbb,9,69.00568547884944,9.396029707235666,7.503220908261138,3.4938196084841517,5.249999999999999,7.221967591067379,7.671766287711877,true,
427,17120ba5,9,71.12546263284281,9.599643883927051,8.66563866573403,3.7615438451862815,5.499999999999999,6.520510436688048,7.492075047549342,true,
428,953553ee,11,62.40330420992631,7.140270055519149,7.294263418772422,4.136450909447379,5.099999999999999,7.154845998123523,6.388922785386116,true,
429,831e7a0a,8,54.983853223112796,4.7398923320510065,6.86545818643876,2.6522520288560485,5.428571428571429,6.152860419700189,7.04018470039683,true,
430,3039a450,9,63.90829345435215,7.3596249108405996,7.31794496818323,3.0770234804081276,6.5,6.044780455414011,7.415667670942794,true,
431,b9d11669,9,60.76274634517893,7.144566805167214,6.510680528508354,3.3590538880080594,5.249999999999999,6.541722502426068,7.186755031476469,true,
432,4ee29f39,9,60.956891884653075,6.9884868148929336,7.16321196021819,3.167845132353401,6.499999999999999,6.739644355682419,5.884216467310594,true,
433,bdd892b2,12,61.378201534112534,7.458711657610202,6.470364118492384,3.1168521813474634,5.818181818181817,7.913545464270149,6.107174753185792,true,
434,1f0d1717,12,62.70219164331636,7.0257114894621635,6.313964268971693,3.199355961620815,5.545454545454546,7.377421897135097,7.892408077318816,true,
435,f37c54cd,8,61.14838076154057,9.443500083001338,6.166141124169738,3.074046966621276,5.57142857142857,6.799355430188043,5.119727395826219,true,
436,26965e01,7,64.42051017752507,9.448612975430375,6.59128829650751,3.4648533298385815,4.666666666666667,6.334945967690883,7.112244633673695,true,
437,066fe96e,12,62.275074196833216,7.409971287403224,6.503466645853175,3.7820388368977915,6,7.7702523125937475,5.985961444916894,true,
438,e60a0891,11,61.99326622264899,7.485664421570397,6.387678156013534,3.4436730911553504,5.5,7.736522373399955,6.568638370923864,true,
439,8c807815,8,61.283191030061474,7.030592360184178,7.102739996762354,3.444277676547241,5.428571428571428,6.533533440275608,6.8121751378196915,true,
440,3c97e51d,11,64.37231865306295,7.2708728053771905,7.180946062442574,3.2617471754589062,6.6,6.786843594363987,7.179927545232047,true,
441,8110fcd7,14,68.03207321609128,9.25737986161422,7.058538135982121,3.1876943198777767,6.461538461538461,8.169819681838746,6.429232960934941,true,
442,2cba4955,8,64.33418853214809,7.293321446417174,8.042732958480402,3.4583295580043454,5.57142857142857,6.108215258624718,7.394893607236604,true,
443,d086c5cf,10,64.02346105485911,7.051544768493328,7.923222885652576,3.956466319482173,5.5555555555555545,5.93151418244425,7.303723084347324,true,
444,fa98212f,8,56.08856459867225,4.902802788874963,6.953786589413635,3.385949344454135,5.999999999999998,6.2995453660872425,6.20482619449815,true,
445,8d1c62f9,10,61.55040923839419,6.801333003995973,6.4524284714526665,3.4316228920805116,6.111111111111112,6.822490126357254,7.09953712429645,true,
446,c02894d2,8,55.78642688593233,4.823567052073851,6.367558967922348,3.508925728188308,6.428571428571429,6.6976782223538045,5.991228665653366,true,
447,1a929d21,9,66.1084018960579,7.112216856653456,8.060461699786647,3.694926152764816,6,7.676582796614358,6.974397854091623,true,
448,98de4d84,10,65.32016059012739,7.031655590905175,7.119336415614223,4.3125344411833835,6.777777777777777,6.498437294745648,7.1458933336613555,true,
449,e7757846,7,60.857515274828,7.4974772653865935,7.021426594079416,3.354277591917788,5.833333333333332,5.772440116315268,6.410642414771104,true,
450,27392da5,11,59.35229890330892,7.146759161316273,6.340611725003601,2.356749805387635,5.099999999999999,7.024965104970036,7.260485084781918,true,
451,c2a28f84,9,56.15015360905198,4.477331188786592,6.859442160568022,3.3773534695503886,5.25,7.405578232249159,6.675282059198288,true,
452,e054d84f,5,62.840944869803046,7.239788888421963,6.144708012833796,4.534937889360294,4.75,5.987043405100627,8.281863137242667,true,
453,e41881aa,8,66.46832915291523,9.341341029731526,6.1448341306851315,2.7168894115043085,5.999999999999998,6.556623193603398,8.163144614467356,true,
454,71cd3223,10,60.00551227432383,5.5269770741953534,6.941899823072733,3.5934999776383467,5.777777777777777,6.8968226678500235,7.244044532681133,true,
455,5db88cca,11,62.15602538289573,7.528410654037924,6.232283373291208,3.095953146321296,6.499999999999999,7.421430765830703,6.458869499886726,true,
456,f84f70c9,4,57.89863850850604,6.917037701002651,7.048470887850565,3.5954068398132475,7.666666666666666,5.0476460432393795,4.246047006726984,true,
457,6330ced6,11,63.675819148490056,7.36099170584264,6.480604599960628,4.025039017418518,5.699999999999999,7.083502055199249,7.262359243561544,true,
458,bf002b0b,10,62.44112027962969,7.4661302010412465,6.470774693361021,3.450168338694605,5.666666666666666,7.030389162648321,7.055120574951585,true,
459,fe3892da,6,57.18292004222146,7.116636746137452,5.964709728211099,2.0441707054312857,5.199999999999999,6.064991663780944,7.297108375757574,true,
460,67e7ad83,6,57.4864682249077,7.361178906524229,5.765603166521406,2.422537871726266,5.199999999999999,5.729269150251977,7.281495335292798,true,
461,1208486a,8,62.46210355920767,7.32123277621087,7.5690888788990165,3.5181599359788063,5.428571428571428,6.236768373489497,6.810127861135298,true,
462,c1705241,10,58.7450107111756,7.208987796697288,6.89178880220532,2.7596298439028497,4.888888888888888,6.89237475191425,6.264328677861294,true,
463,e550a05e,10,57.08099372618919,7.177449025778874,5.553497157113195,2.645873709041495,4.999999999999999,6.926305850398641,6.676229387833124,true,
464,51315e42,10,64.77904359788478,7.413174671753544,6.550248644616587,3.9363830447270947,6.111111111111112,6.671028195725278,7.7327017478776225,true,
465,71b49123,8,60.71820234788409,4.763128971581301,5.8519855615907215,4.9162934912966945,5.428571428571428,6.984264159842876,8.562277196376257,true,
466,43b19880,9,58.86391883821902,7.22591179532622,6.592248683602661,3.8848221536331633,5.125,6.508659472021502,5.701284634127863,true,
467,aad038da,11,63.58920185499783,7.494584202040931,6.881393882061968,3.5997807554355625,5.9,6.8889524626849585,7.019543315413465,true,
468,c33b654d,13,62.489473998185886,7.211545965012587,7.161501586108065,3.5155985507789524,5.333333333333333,6.922819466262343,6.970177985476343,true,
469,84deb95e,9,60.292823369324026,7.627220725024463,6.02170291755834,3.2621571710152737,5.125,7.185095164243853,6.668553156291067,true,
470,79f7bff3,9,62.708990841303006,7.520496825735086,6.644053227022126,3.6601295189788927,5.125,6.528679231037955,7.542410038726966,true,
471,2412a7a7,9,68.25641637614474,9.417495989423648,7.335552280319809,4.0123489802525265,5.25,7.867117748734701,6.569542434650582,true,
472,8c297ffa,9,65.79710891189491,7.4516821782058065,8.524836710541738,3.96767149909555,4.874999999999999,7.061398519582002,7.060308344450997,true,
473,2e9eaf4a,7,58.4298766808747,4.869678557427096,6.566092691136375,4.835961732120303,6.5,6.414640371234665,6.150760792158392,true,
474,88906cdc,12,63.007922157567705,7.047033665008987,7.612791760564431,3.5530479294075636,4.909090909090908,7.328837484518784,7.035637698117233,true,
475,6e8e69f0,8,62.60285588797327,7.353765513536123,6.055190188794182,3.896694261190478,6.428571428571429,6.689969355831247,6.889711228058994,true,
476,e181b85e,12,64.06110382133329,7.033786969497512,6.328567313219445,4.248674177818072,5.909090909090909,7.501406759590328,7.336266083626107,true,
477,063ee4ce,9,57.642770312632685,7.062394952442248,6.104202640160827,1.9800003543354514,6,6.972177755740085,6.3135798850704585,true,
478,e08b6056,9,61.06355537073351,7.172540069853558,6.480347231717884,3.735998275057941,5.624999999999999,6.717842588675328,6.619653614437421,true,
479,796844b7,10,58.409290006355036,4.7573166389348005,7.264496090820462,3.1370330234415658,5.777777777777777,7.354658777056226,7.003712488614716,true,
480,4132a7cb,7,62.48662407372413,7.101846672440221,6.535939986321906,3.471169759211536,6.499999999999999,6.164036288609207,7.272380838102498,true,
481,0dc64387,8,62.28227687537243,7.388204859498978,7.413163818464819,3.2193342568242884,5.428571428571428,6.900091661739037,6.6254054396184,true,
482,2dae0322,11,63.33518012020741,7.133726378126493,6.732790363090196,3.5622836272563654,5.8999999999999995,6.386527261054654,7.755377996587527,true,
483,a6df314e,10,69.34041821536346,9.281810633287147,7.655279711748891,4.310442076374508,5.333333333333333,6.237214418969181,7.692594127725748,true,
484,4e586963,12,60.73551886016895,7.443092997604462,6.237621674676338,3.388607999179179,4.909090909090908,7.449951186769652,6.787506981103153,true,
485,049bd24e,8,60.18057339608865,5.047480717454777,7.374049178469851,2.795708218551383,5.857142857142858,6.953272921173898,8.005025525856935,true,
486,de3a7fc3,12,64.86417202771484,7.249859942070513,7.59062403054653,3.2095515276550945,5.2727272727272725,7.796768443252187,7.526754422814937,true,
487,05e29421,7,62.99949351067433,6.7079137443362615,7.192408478259686,4.248920155437772,5.333333333333333,6.780857896293137,7.21159422993798,true,
488,fa2cae54,8,55.03216191786472,4.712570422705771,5.604732135620243,3.548858361607024,5.999999999999998,6.813112980700241,6.665575933118533,true,
489,f1c140ad,11,56.11905303635882,4.8124620043777115,6.293976901010294,2.994551896988542,6.5,7.146873705118285,6.340757433926975,true,
490,3cb2386d,11,62.72261829231934,7.402797338331195,7.2148565680658345,3.6528371946652007,5.5,7.126591842494152,6.465174774042708,true,
491,6893013f,7,66.94710748463568,7.1131137942352884,7.730105429464693,3.7703378384559016,7.166666666666667,6.537801358423034,7.462519974469249,true,
492,f0dd7896,11,61.83099649985376,7.473440097239197,6.77561329649901,2.896766022021236,5.3999999999999995,6.716471358139463,7.312326898250432,true,
493,806d7a63,9,65.68071468033321,7.058336951478005,7.659848767996224,4.381989701444186,7.374999999999999,6.961663514772945,5.972964871024083,true,
494,7c1d1c4b,6,54.76792068778829,4.911366693126616,5.68814741010682,3.4018937837173913,5.2,5.868842278115066,7.58993746087204,true,
495,f81bb646,11,63.20487282092927,7.263100457058728,6.137662573490812,3.595481946825424,6.2,7.852856940075006,6.923515700798772,true,
496,4d9c3374,10,66.49168120253117,9.551202732156915,7.752098366858275,2.370788136840567,4.999999999999999,6.470546215217093,7.567148526666857,true,
497,f560df7b,8,63.54401571608415,7.438110749273802,8.045946593519577,2.9354704394003686,5.57142857142857,6.73166787642117,6.87010175648024,true,
498,3ad21caa,7,58.76712630649651,7.003350211624189,6.055910086955237,2.749211995228242,6,6.39064013686982,6.732779142168285,true,
499,cad343d3,12,64.24155540129932,7.257778270776468,6.7047702860514775,3.517058559692986,6.181818181818181,7.045869761562005,7.527551401443827,true,
500,ba0e5f1a,10,58.46101638146838,4.79102465081103,7.663041509344674,2.7026197253280864,6.888888888888889,7.280803405623488,6.153159674957609,true,
501,311eefcf,7,56.707060958258765,4.64059253283436,6.462772755169769,3.741478258985639,7.000000000000001,6.171862337216244,6.263307849604177,true,
502,de509f8b,8,66.76513722972626,7.11459072750486,8.58093729779272,2.648003043931722,7.142857142857143,6.654639029171706,7.449269062687954,true,
503,cf2d2248,9,57.948549609486115,4.956404408912307,6.552486904000887,3.7901027985780034,6.124999999999999,6.567179087685293,6.899465779743552,true,
504,2112d13d,9,64.68619390748967,7.190777972010672,7.507760508337524,3.509717281346191,6,7.144221541180796,7.158976604678902,true,
505,149e5d1b,10,62.29585944123041,7.135539724808945,6.765059265626407,3.5310853053275566,5.666666666666665,6.952796893084141,7.028726606978916,true,
506,dc941751,13,54.67830379271966,4.796162903951577,6.214469023246943,3.686937430640435,5.25,8.11332018379295,5.468341912313564,true,
507,14bb8177,9,61.88153269278119,7.222096161739435,7.0159146659584595,3.657586160167273,5.125,6.260191441691184,7.240434939094753,true,
508,e05f08a8,9,65.06808690704723,7.088495032944321,9.508363878822417,2.612073872750418,5.499999999999999,6.266684077026111,7.277211984445392,true,
509,dc57ef42,10,64.52224731292172,7.106529738042786,6.914501556961469,3.4385352794409965,6.5555555555555545,7.350344565084995,7.214569355665571,true,
510,d0a79c28,8,60.865454378578775,7.135477681613767,6.713934853591735,4.054487723456208,5.428571428571428,6.871164306030795,6.12314821645373,true,
511,6f3d3872,9,56.9321346184773,4.877334190624809,6.753295241760884,3.3681779577133,5.999999999999998,8.108114779809007,5.738269649445261,true,
512,d42b5c6a,10,59.93905438952497,7.322975086396626,6.337327086517724,2.5753475765493548,5.777777777777779,7.093660962845923,6.624368166546885,true,
513,512e8e15,9,63.65622556531992,7.346146253623888,7.377330352052795,3.45337996713137,5.624999999999999,6.9028121548451775,7.072871521659324,true,
514,c4282801,9,59.03228112921194,7.514276056155045,6.508017844438203,3.333541102149631,5.249999999999999,6.506488848783468,5.9330760604913255,true,
515,d1176380,10,55.1497741428954,4.821460204040542,6.863701783896605,3.1949773627540026,5.444444444444444,6.790434430512118,6.1710730316383255,true,
516,708d5268,8,57.221566088388975,4.83781623923229,7.659167044193187,3.307326113032984,6,5.905701726238307,6.5162468831778515,true,
517,bf62c7c4,7,60.5118872616459,7.1164666488337796,6.752742569671709,3.727545075848534,6,5.778988117067401,6.4342944614372275,true,
518,6ce676ea,13,66.05125675650443,7.183831529301204,9.056639256585882,3.3811414067880334,6.083333333333333,7.160721366324002,6.449447971367248,true,
519,3a01736a,9,56.05229197510675,4.635195793665493,7.314782690289196,2.3783148037828656,6.874999999999999,6.494272767512481,6.160189756940867,true,
520,e49264ed,8,62.93849529951339,6.77613642389218,8.153965511025634,3.347641239078634,5,6.841046558344502,7.180843515444037,true,
521,1c000b75,11,64.23645942864285,7.37217565161963,6.742676724717585,4.627578547764997,5.999999999999998,6.924733208484044,6.653412891740574,true,
522,0a0271f3,8,61.47785821804544,7.406248838390225,6.033201249294759,3.264687587137621,5.999999999999998,6.2734150081062685,7.396842180729848,true,
523,ea10b990,9,66.6965494384445,9.511960241327785,6.378752613210867,3.6003754763841953,5.624999999999999,6.488419113071712,7.477195028478221,true,
524,65c5e298,9,54.46399930651439,4.544648780421903,6.50073413666035,3.7811024259898907,5.249999999999999,7.073625794184078,5.926455507935389,true,
525,847a1474,8,59.729950698818016,7.061031599777278,6.05545689936041,3.5764536264775386,5.57142857142857,6.257333687088791,6.90515578757961,true,
526,ccbe1647,10,62.996734122935734,7.392711257270882,6.4791614427408355,4.284800311022896,4.888888888888888,7.3049007457537805,7.154698045045246,true,
527,27f77423,7,57.123476674668574,4.582650258051774,6.309519614907485,4.164852000650472,6,6.65568663853942,6.816028254970263,true,
528,3f85b8d1,9,50.380440317226345,4.668184332972609,6.040217457688818,1.9865846670735963,4.75,7.255948645324445,5.874213887228511,true,
529,b1230237,9,53.513930741540335,4.866952998092839,6.656261443136991,3.0975485583205065,5.25,6.488037009739781,5.88528002247765,true,
530,315bec27,9,62.47846962584248,7.3128773487212895,7.525339043493469,3.748835915607471,4.625,6.8918886237148325,6.895368861411534,true,
531,b933e418,12,62.67154069228036,7.34685073518256,6.75845343563017,3.5954907576754844,5.545454545454546,7.665280496881042,6.601747058453208,true,
532,2c6186ee,10,64.41145332938564,7.310256923528962,8.182202537212499,4.060460386747133,5.333333333333332,6.559710182850719,6.681361093225762,true,
533,2e0bd647,12,66.15440153305931,7.271710701691873,6.838296556573181,4.458912228407755,5.818181818181819,7.747708601891512,7.443823006762578,true,
534,ab4ea3b4,9,55.35441905847638,4.963287791806775,6.821498558839767,3.8303902256394053,5.625,7.0355360241895895,5.337041304684581,true,
535,60c79321,12,63.64761315455773,7.052615148795086,8.243031673362962,3.5675321694855184,5.818181818181818,8.105355610259853,5.549039428501498,true,
536,bd093a93,11,56.724791781874266,4.792247327502165,7.013724034935523,2.9989411783736664,6.099999999999999,6.970295584022971,6.422596461979246,true,
537,6dc5d637,9,62.779919603893674,7.048465099043264,6.7421709237145375,4.204268909917304,6.75,7.590727349331655,5.571778246344896,true,
538,9233e9d8,9,62.248503553724994,7.3413329711105675,7.6109609242604,3.348742571153563,5.624999999999999,6.431520986138173,6.501470868749278,true,
539,7dc359e6,8,64.69346636747872,7.2884553728028045,5.696863252666221,4.514224167926396,5.999999999999998,6.915538782878203,8.074103452072546,true,
540,bddda68f,7,59.02612561304519,7.115701805258034,6.351839831610586,3.3433120226489184,4.833333333333334,5.942388563358909,7.174339364926896,true,
541,b552f447,10,62.876354816703085,7.186765721650187,6.297510169635655,4.136030021388322,6.5555555555555545,7.154821297592478,6.384493759680483,true,
542,c8c34d8d,7,54.52922120191825,4.484513315977367,6.971177603332157,3.90772597873845,5.833333333333334,5.750419456532017,5.84695261586615,true,
543,d7b78b04,8,71.53084070366941,9.703460883209917,7.0657976044948185,4.255060390440696,5.999999999999998,6.47643237495525,8.32929882868815,true,
544,8a399542,9,64.70067544347508,7.402244448545779,7.132623913144561,4.733229514630615,6.5,6.8008899195652575,6.091172829387373,true,
545,d6ab4b2a,12,61.40128826959477,7.162360882468568,6.37559247411873,3.2279818240815334,6.454545454545454,8.431410548497416,5.598009627735998,true,
546,298870e3,8,61.810618548334446,7.279538823286293,6.9674064805368126,2.7954932370901386,5.999999999999998,7.042759362193998,6.7295309593782,true,
547,327d325e,11,59.64585557363961,5.109782541576983,7.252986003043323,4.008094877129103,5.499999999999999,7.30988991015608,6.808471573375685,true,
548,8775532a,10,67.58845175685894,9.593364246754739,6.876468484707517,3.1234449364007726,5.444444444444444,6.9406337588523,7.6479689028133,true,
549,ca1a5556,13,63.50029050612623,7.30942850087725,7.229107161450816,3.182549397927952,5.916666666666667,7.394593984314907,6.857078313630339,true,
550,7546fb2c,9,62.90010755592151,7.3950056010641205,7.037779193592566,4.786371852324963,6.499999999999999,6.359245530384072,5.475160107971484,true,
551,b96dc54d,5,60.285135630735724,6.898503767644982,5.987172024910236,3.3557078440412647,6.75,5.839678784491923,6.952353346711054,true,
552,d8a0efce,11,61.8776353895054,7.282375744292477,6.973489349699677,3.453042360818603,5.399999999999999,7.339651513181098,6.488501830702074,true,
553,721b8afb,7,66.82706503142272,9.584481437102625,5.898792076012773,3.2435620783445107,6.333333333333333,7.066095842098662,7.3006642550130945,true,
554,9320f106,11,61.00041666451068,7.229200529068862,7.367693834170895,2.2763114003813443,5.199999999999999,7.226387566560301,6.9296859917804365,true,
555,bb442402,4,55.261845503353555,7.326642563225732,3.8043179755075425,2.350165287436134,5.333333333333333,5.400624904494842,8.168301934577313,true,
556,8d29dd59,8,64.56113089979506,7.1795271213872605,7.100146198118727,3.5723761946504067,5.428571428571428,7.620577250019696,7.588664076887053,true,
557,1a490d13,11,66.5740804611007,7.478983406443872,7.277255817050886,3.3543354847317643,6.8999999999999995,6.367528325341771,7.9784644271265375,true,
558,e8a5a4da,11,68.27884894055666,9.479598569032115,6.105095554410716,3.6929157410427123,6.199999999999999,6.90416799800818,7.808848958565784,true,
559,9774fbe8,8,59.27643057981673,7.0849126157515645,6.8813677135513585,2.1782028507375504,5.428571428571428,5.991203899022073,7.317219516346025,true,
560,33c77546,9,59.680897691057524,6.910259622650524,6.263333196339608,3.3243264649729927,5.625,7.159096470891632,6.441600307009703,true,
561,79ea5ef3,9,64.01016808652885,7.43642542709485,7.517420145216101,2.483749628574674,5.999999999999998,6.787406832171287,7.624775456118502,true,
562,f9cda8f6,15,62.60021330551566,6.999840096758289,6.943859817263553,2.790856565519753,5.785714285714285,7.837333116129146,7.133075667456147,true,
563,ec853bce,6,58.254907078289776,7.344579835626546,7.462928881640731,2.936023040528196,4.3999999999999995,5.926618452703206,6.169945479997061,true,
564,c69f6621,11,63.93995804864461,7.214667440043022,7.165046789277653,4.491019295368676,5.999999999999998,7.333001815889108,6.120160998001047,true,
565,96d3b4b2,7,51.531808775724166,4.535950974941945,6.8224087851491495,3.0026401255744433,4.666666666666666,6.145954902080126,5.789579436398181,true,
566,d93007c7,8,66.31063554694148,7.568166245271062,7.636255861084031,4.308013999878489,5.999999999999998,6.351025296561675,7.3236788161939534,true,
567,48c6fceb,9,69.2098067461954,9.593262493461125,6.965188675962157,2.6509927864646845,6.375,7.04409577873173,8.0152309209051,true,
568,4efa797b,8,68.55550533523122,7.4322234685554065,10,4.382481780252822,5.57142857142857,6.336506085826967,6.693756520831938,true,
569,25afeb5e,9,58.83162763914634,7.35601506097012,6.195156701604099,3.38983572372775,5.125,6.727354201589696,6.202238554971943,true,
570,40610332,11,62.193168750533104,6.972013262142353,7.724968734897753,3.405928205785091,5.5,6.891066705840173,6.5133859616674155,true,
571,71797fe5,11,63.758007566636905,7.128995640163306,8.213744608310243,3.2120268947212645,5.499999999999999,7.346254665952733,6.584488084555028,true,
572,b00bf623,11,60.64476026680791,7.129467205546555,6.44659786536248,2.81754644919652,5.6,7.343235011332904,6.874733350393905,true,
573,5459be7e,8,60.89706040397878,7.403944982233395,6.664885446728629,3.1567383665491895,5.428571428571428,6.983810568222987,6.588508117998435,true,
574,3650fac5,9,60.83035481658568,7.4272169167161675,6.3497556903247725,3.784736096838731,5.625,6.480881017948598,6.461171454783399,true,
575,1d7259fe,12,68.98740276299642,9.445631691080939,7.571288165519386,3.9867398018722517,5.545454545454546,6.732656462525581,7.2061407508902775,true,
576,ed8fd7c5,9,61.14866019242653,7.219486226505959,6.3650355411510535,3.6249448959787345,6.5,7.145935594199473,5.8566259045986175,true,
577,476b17bc,9,57.10006434936476,7.163682039805241,6.25267984120738,2.5179318244794704,6.000000000000001,6.390815629914355,5.69484572658769,true,
578,d360129d,7,51.73577894839869,4.885197847153734,5.7563913155444215,2.0919530115251512,4.666666666666666,6.081016396172948,7.3471233643491995,true,
579,539029d6,8,64.02012299331025,7.145133480300619,7.0224159125894134,4.052551339427782,5.571428571428571,6.147812217912335,7.826793541224184,true,
580,ecef37d7,8,58.57988770274622,4.7826982209885625,7.884189983438805,3.05592985295485,7,6.725359127775679,5.980542406589826,true,
581,07b18ea0,7,58.66041983293776,7.165948340881947,5.48412169252463,2.9417174719742545,6.499999999999999,5.803662335969871,6.861032287529939,true,
582,a22dd966,8,59.65900421615779,7.064672351542228,7.443272148077668,3.697830275521975,4.571428571428571,6.8544852605804625,5.859324229399453,true,
583,c66576ff,9,58.04092755922818,6.897051072937325,6.1023715690391285,3.383676984732047,4.749999999999999,6.645243832780784,6.710200428513095,true,
584,409cf613,9,59.92954383278285,7.341637622362776,6.242200841110597,2.9164451198669537,5,6.739463535409626,7.2403361261997645,true,
585,ea4b9fd4,8,57.23492661062117,7.000205481220657,6.473304947073375,3.507283317201452,5,6.194402684574566,5.8092790602294615,true,
586,c64e8e5c,11,53.736045102335986,4.733492681529669,6.623715763251479,2.527823365216387,5.3999999999999995,7.197979046853346,6.086462697291452,true,
587,26714d0d,13,57.66628881264765,4.797766601280746,6.61620829325357,4.001103111793729,4.999999999999999,7.587935567049351,6.923312117316074,true,
588,c9316244,10,61.57328191850791,6.768923263367895,6.863329417324433,3.4347579480937287,6,6.791431777657857,6.86111136339408,true,
589,13c51c60,9,58.398202529903436,7.0107979572837005,5.830068830260229,3.609719683134312,5.624999999999999,6.982582736599353,5.942279970491317,true,
590,f9f48573,11,63.78942127032295,7.066988131404733,7.391823992942053,3.8342047010365614,5.4,7.4790189706550265,6.916111333564874,true,
591,3e9f5400,11,59.92369196219975,6.9880938915302675,6.045536339234545,3.2160649611494976,6.1,8.042560714932694,5.851979985662416,true,
592,33d1eab5,10,58.10929640583902,4.956409540463749,7.279858259965032,3.913021066986825,5.333333333333333,6.701863385715439,6.731401414177379,true,
593,fd09d007,11,57.404706647578365,4.982800884960397,7.250532754290564,2.621519418721454,5.799999999999999,7.65543376597812,6.4774707004244725,true,
594,c8972469,8,57.55145412062007,7.3998313062047645,6.71875495394561,2.4640906997168313,4.857142857142857,6.637904973253556,6.033835377864717,true,
595,c89e0d87,10,60.808503806611434,7.147192667616886,6.095670955915528,3.5083467356445723,5.777777777777777,6.869852293709311,6.851613976095031,true,
596,4eb7df33,6,60.74189574075655,6.842417440575693,7.383760089930343,3.11020141316444,6.4,5.594921610654382,6.566349738885359,true,
597,aeb60434,8,51.781340238078364,4.61069792583255,6.088523337197369,3.0061583903774203,5.857142857142856,6.298756220522604,5.498172212901434,true,
598,eae620cf,10,59.00014977058808,6.995816507664153,6.3791726719239215,2.962385595481184,5.5555555555555545,6.511877877285043,6.651895898395495,true,
599,9c9f8407,9,68.49602682417326,9.50188351863416,5.895115669682366,3.2723430547046455,6.625,7.177035048182894,7.944926650594616,true,
600,39810056,8,57.67853935282355,6.88275018911315,6.12964320518602,3.4936290835341453,3.999999999999999,6.741316540452759,6.947523591086569,true,
601,b735898c,7,53.210712014427905,4.541136388017289,6.432447520724141,3.4113466365872784,4.333333333333333,6.630055461695026,6.650427646587473,true,
602,05440184,11,61.95381818022794,7.338937885754621,6.499092553531426,3.77797421583578,5.5,7.583748986630306,6.411746464772902,true,
603,347885c2,10,64.05526606656467,7.035882263830921,7.947946438081995,3.484479806782121,6.888888888888889,6.749647187107672,6.141642264021743,true,
604,e9e972aa,9,62.23552174149535,7.362169979547093,6.1114276508460055,3.8754825550248255,6,6.651092306246101,7.015015344917533,true,
605,87bb10a0,9,62.41971047266313,7.494760530398326,7.753957406866144,2.69290247972658,5.624999999999999,6.668271996732521,6.697366166245196,true,
606,462cf683,11,59.693233196967924,7.25215890547674,6.311945649217996,3.720932566630092,4.399999999999999,6.7120812788411115,6.957591355897147,true,
607,e10dab9a,6,59.02718672536992,7.1489145047929386,6.107484643111299,3.993326639295527,5.2,6.346703956292329,6.279219993557929,true,
608,66fff7e2,9,62.25384471815623,7.074208569215375,6.217665737225107,3.863115792788449,5.999999999999998,6.731345293261295,7.186857701234322,true,
609,9b7daa2e,10,61.408349335964175,7.296881754677055,6.353485806429696,3.802774060126477,4.888888888888888,7.21234573078328,7.003012983453149,true,
610,2c5c0395,9,54.10562826605461,4.836363596707684,6.182647503812632,2.9411605963317116,5.499999999999999,6.566680149753227,6.562243385232576,true,
611,100f218b,9,60.663505518615395,7.315908156894099,5.985521251445914,3.6675358357580623,5.625,6.788287201875347,6.740131038295386,true,
612,9b743cac,10,61.04223371644032,7.213967351382419,6.2156114305648655,3.3647523466450995,6.111111111111111,6.623077870536141,6.804333985640284,true,
613,7c94bddb,9,57.31979229610347,6.6709890570021635,5.717191648404178,3.566112075114297,5.249999999999999,6.4189309868538675,6.5280909002969025,true,
614,4d88046a,6,66.10699045529702,7.2161279625568024,8.327666173948957,4.3800876303378145,5.799999999999999,6.1896607239919295,7.131159126181302,true,
615,611a856b,12,58.0636077233519,7.008329437053537,6.165818402675485,2.9741100229390676,4.818181818181817,6.393502182449466,6.994960179744405,true,
616,976746ed,10,64.62033029846965,7.262188348941175,7.035030011558516,3.315771520330266,6.111111111111111,6.997741119031871,7.665110072499281,true,
617,51abca2f,10,63.611303709829215,7.4691884530897985,6.662005003607945,3.7796379048374633,6.444444444444444,7.227040743496756,6.470937679238212,true,
618,7d5baba1,9,58.95212189491587,7.320456874217127,6.345075907509288,2.952005248345316,5.125,7.01515276886383,6.347989364724103,true,
619,1cc924a7,7,59.62194154976358,7.097297753563561,5.703237460908052,3.0499271853901164,5.833333333333332,5.45799031119871,7.885287759441744,true,
620,5a9311d5,10,62.445320705237734,7.062093750685928,6.642962953546868,2.8460012152140766,5,6.817704477948833,8.488922405052838,true,
621,08c73c3e,8,62.17832883495863,7.101987581443145,6.252722460783397,3.106533654658779,6.142857142857142,7.2016672807768405,7.311954181047502,true,
622,23df28c9,5,58.77470437308581,7.204746827640257,6.003475015186177,3.4351430896343325,4.75,6.854458425403541,6.690724545563683,true,
623,42996db9,12,62.56123689184983,7.22445782716659,7.420728255443789,3.2978120987083845,5.181818181818181,7.076393520366559,6.954795538219619,true,
624,71814c69,13,63.849266972659,7.070417842030336,7.26953531163643,2.541284002335714,6,7.622622512580778,7.584245425694046,true,
625,5cee08ac,11,64.44109397141521,7.098679435526258,7.062857073981894,4.712671306331009,5.499999999999999,7.726690029050056,6.562258022213475,true,
626,71a4950c,12,68.87892149730136,9.714001250970052,7.9553320292469385,3.1565889290646276,5.2727272727272725,7.178470280330083,7.1355388477507145,true,
627,5d45fcac,9,54.08428150956996,4.810279825780388,5.9628465272272635,3.9454223514526006,6.124999999999999,7.3913015257587515,4.92676869250813,true,
628,0ffa2a90,9,60.711189012733826,7.148701241809338,6.9845502227026826,3.2180669791754064,4.249999999999999,7.178829106522569,7.212154754601364,true,
629,d008441c,10,61.01644975389591,7.117825709982496,6.388484718190772,3.2881414164822185,6.111111111111112,7.460481547583029,6.26381844792089,true,
630,c36da654,10,61.79554970150743,7.332472858258069,6.636401387721762,3.4469524772257523,5.444444444444444,6.74584747529261,7.0569862560595364,true,
631,e1fce165,9,59.37158043013986,7.071504716976875,6.153657052272059,3.460239276891304,5.625,7.070203216209381,6.154663999799504,true,
632,42cb2783,12,62.71418377344851,6.97787483464538,7.020210559049343,3.360846319987669,6.181818181818182,6.80286157081024,7.004494646415317,true,
633,99631d88,8,54.66646868688261,4.551529119541061,6.625348173137024,4.82124058623658,4.999999999999999,6.337861663440321,5.693876211603648,true,
634,a5a2717d,11,72.5645281485371,9.480092034469651,8.567727548320462,2.9029230234408874,7.199999999999999,7.676973397655665,7.118626093646709,true,
635,054ff903,12,62.96101348387607,7.1731903095074605,7.9688117876811315,2.818644303037601,5.363636363636362,7.694680541542841,6.56940503519421,true,
636,93082284,5,50.45958371136946,4.705037437650141,4.405939501711832,2.788299508114815,5.75,6.723015857629576,6.297326047815099,true,
637,87c1ed37,11,54.656264947908106,4.632434595533716,5.960228131570312,2.9843180966161356,5.699999999999999,8.025641879917163,6.161739952382999,true,
638,9d2e4698,9,58.887822716047694,7.132931341982039,6.517396790815714,3.6554930692295504,4.375,7.1359739259392585,6.271677993011021,true,
639,c28e5412,7,57.607533209024375,4.627190888456955,7.710556835732143,3.238429275443537,5.833333333333334,6.48147721460977,6.718362962921697,true,
640,21874780,7,65.09029613521915,7.35537200049351,7.402108639378327,3.8095105695279727,5,5.908015778535722,8.616274072559744,true,
641,230ea90a,7,54.50293205501977,4.500862912231018,6.776730962045839,2.3920283815700376,6.499999999999999,6.359370308627437,6.365579325268541,true,
642,6685861c,13,52.8463393267154,4.739950204761786,6.319133538750332,3.0455825373840852,4.749999999999999,7.2423617169925,5.9490696985451095,true,
643,0cc81d4e,7,61.62852554969454,7.502210056872423,6.284800164005312,3.9971972729169862,5.333333333333333,6.249947342760936,7.061059311978855,true,
644,5ea964c6,8,70.17216459026089,9.510927725078469,8.710978967613695,2.368672720020282,5.999999999999998,6.1833506876347535,8.03192095852903,true,
645,29e9338a,8,60.60335759221641,6.90065026283223,6.827005877133291,3.8910761964014693,5.428571428571428,6.461087316652496,6.521875079278701,true,
646,e1cfc250,12,62.67300157804735,7.488590914567074,7.02470154811318,3.6691789031331967,5.545454545454545,7.169364352182774,6.452237724471164,true,
647,a6001cb1,7,55.26360060347666,4.542447406035741,6.661601348671103,4.9072719362566986,5.166666666666666,6.44088894275972,5.714274491828845,true,
648,68e1441d,11,57.20467609676109,7.177808216582131,6.4364672492427175,2.7518049912328038,4.799999999999999,6.591067898445832,6.184867974132871,true,
649,4e3fc63e,11,59.78222012342748,6.724470706238749,7.305176881216934,3.8835064432537947,4.8,6.885947282695973,6.056428040167505,true,
650,d20eae4e,9,66.65942400354872,9.466774358481702,7.247777656331543,2.2154512973687734,5.625,6.398630507451861,7.904893063398034,true,
651,449ad6b9,9,59.65335595058578,7.016094051270523,6.388984812231857,3.374449191223135,6.124999999999999,7.303146905014975,5.668736944238107,true,
652,870b2e4a,8,52.7766605772449,4.749126164390026,6.305108467749589,2.3298698583596225,5.857142857142856,6.569132238219839,6.069867506085318,true,
653,a7207965,13,66.7756267274832,9.433256216103217,6.426003407561569,2.9048871480906446,6,7.802078368360038,7.016839306678342,true,
654,d6de0189,10,64.02179267435221,7.4720604847724355,8.167527814942687,3.103154264185337,5.666666666666665,6.223883867480248,7.074954828546136,true,
655,c4f50ff0,12,62.62035759371089,7.382343550253864,6.442913990972772,3.9922816203911498,5.454545454545454,7.955442473380153,6.3907502983957745,true,
656,abf2b8d4,7,51.10524039763659,4.820320698924368,5.77501251349562,3.5232354033690263,4.666666666666666,5.446557878645882,6.261331776700127,true,
657,d4108755,6,57.33841527710959,7.04841717803759,5.5772011955663965,3.0364113252592784,5.800000000000001,6.528850251577875,6.215652814056103,true,
658,d2769ee6,10,62.7511693379957,7.276539280780847,7.235629483854714,4.0340958999213985,5.5555555555555545,6.593709294833358,6.565063041309431,true,
659,7c46d09d,11,59.72425824634877,7.247512817428626,6.568964056319626,3.0036159975483567,5.799999999999999,8.146192912601268,5.328358009956476,true,
660,c6158b78,12,61.392661306887774,7.363371018948648,7.305233159121767,2.8826008477056746,5.181818181818181,6.642752475110385,6.92647788599078,true,
661,ae6cb28f,8,61.110998100704634,7.1588543400344875,6.551826079513622,3.806020502350845,6.428571428571429,6.883000941753647,5.793637579362245,true,
662,e607ad13,11,62.14033393270168,7.09943568753693,6.789419360937261,2.3994652023652283,6.2,7.4440570976808935,7.183418351020694,true,
663,39e550fa,10,62.77046593765089,7.037523553398826,7.5214137414684,2.7139322357956144,6.222222222222222,6.811299114560892,7.004047499016173,true,
664,c22b8035,9,63.316809334439874,7.005213559963583,6.758697595473058,4.449484793392775,6,6.719819173958425,6.819877823411927,true,
665,22918df7,11,68.40280820888935,9.37658988105295,7.269818674880566,2.657102079588446,6.199999999999999,7.716111924911404,7.238556418296439,true,
666,c58c4180,7,52.95529496095632,4.652026010962541,5.6827534402171205,3.92761959512537,4.833333333333333,6.632152734501718,6.278690585809352,true,
667,a07c62c2,9,56.13975664883135,4.731166949147745,6.595360090909242,3.12302797010582,5.249999999999999,7.015043626253117,7.113619728013777,true,
668,872e6253,13,64.20610264906465,7.27637761568928,7.051974724676431,3.5752511616647773,5.249999999999999,8.084139374870253,7.191275686716087,true,
669,b905946f,8,56.4314881019921,4.668676834637057,6.8037767461347185,4.361061895204181,5.428571428571428,7.5128039164756375,5.637587060379422,true,
670,b11da2b6,7,51.60170756624002,4.614457570624545,5.59087351729393,3.368967943145637,5.333333333333333,6.053489963412819,6.134043909859718,true,
671,8dec74ec,13,65.2583705178094,7.54193303665483,6.984710482027415,2.7992357932260004,6.5,7.930146783737252,7.293195877475837,true,
672,7936bcbc,9,55.54407487356437,4.848702305630354,6.780278115611944,3.1813812224482763,4.875,7.198233424680602,6.632410309825371,true,
673,5dc38fa0,6,60.199867437990655,6.864354875295914,6.038861345285277,3.3488461003158823,5.8,6.024187558720978,7.5336991762709165,true,
674,39bd0e15,10,56.61652924525936,4.483185420166415,6.995761501201306,3.0624325471050167,6,6.987203899410973,6.722763656896307,true,
675,f2dffb4f,10,60.46902269471558,6.746521347781231,7.043904836076212,3.679411349586294,4.888888888888888,6.27786519255261,7.127958721305994,true,
676,a5c1be06,11,58.101676432828754,6.758802444489021,6.054043793395438,3.050277352472604,5.499999999999999,6.517923521502054,6.702547750515947,true,
677,42c5851e,10,60.71391309377315,7.154892196275225,6.998389695981217,3.1309016410342547,4.999999999999999,6.838928781110782,6.889931623930931,true,
678,e9e04369,8,61.14075987185531,7.416979967246016,6.530359050541229,3.3269755794522795,5.57142857142857,6.368566003017782,6.962931925526961,true,
679,6118bf2b,8,61.20547904578302,7.28776950248546,5.179511160263292,4.387452999365572,5.857142857142856,6.916159317468032,6.948310361409131,true,
680,22bd1b95,10,62.63748309203283,7.502926439383891,6.981235275359905,3.954088030157678,5.222222222222221,7.801657302272597,6.07554935437078,true,
681,3c8701d8,9,61.83729987684593,7.3894179309717405,6.840604354807987,4.168095997456182,4.749999999999999,7.190907829975217,6.485438518077852,true,
682,1b562224,12,62.48428806451271,7.166302305141054,6.311981668959117,3.3941039234685153,6.181818181818181,7.8094458834221285,6.692362020905655,true,
683,ab33faba,9,61.31963402920728,6.941743125823677,6.548485767219877,3.6201836586251477,6.124999999999999,6.382396385646156,6.847475726309746,true,
684,1650ed26,12,57.282093287057094,4.748228485734667,6.989978157108695,3.439753979475046,5.545454545454545,7.643466643816758,6.426172355194796,true,
685,d0de8169,11,64.25787074135762,7.551715203879067,7.012525810300989,3.757977081504443,5.8,7.377436207343942,6.82431952412519,true,
686,e0b9c709,7,52.91639092201905,4.6844289456304296,5.803116146051828,2.389663654596324,6.333333333333334,5.81870540579513,6.734745070292961,true,
687,42524995,10,54.348063857700744,4.773138876080205,6.857180248610053,2.9013379358970717,5.444444444444444,6.489621897331933,6.243425272179969,true,
688,18f2e44d,9,60.58266781544531,7.375266009688153,6.688103115200427,3.5068958820530316,4.625,6.652957607351064,6.979719815053739,true,
689,10fc1dba,11,59.94551311571415,7.074993549102531,6.094897761106103,3.158513403819274,6.6,7.476208149325741,5.736652011692833,true,
690,99acf2f6,8,59.9784283802437,7.308942658936767,6.465202207615152,2.0367321025623966,6.571428571428571,6.604023581272349,6.674966615733359,true,
691,aa1226d7,9,56.536311871095165,4.510084175667037,6.80183115412039,4.262503237917811,6.124999999999999,6.231589941087931,6.20391280651072,true,
692,1c8a84dd,7,51.436952128756694,4.893049750360452,5.287859788950708,3.8685848773092864,4.666666666666666,6.368263014496618,5.947922940438795,true,
693,7c97a110,11,56.97082137357586,4.943464540376853,6.335286708080107,3.17975419071211,5.8999999999999995,7.659826654683576,6.605777646062261,true,
694,36bda44a,9,61.69182861194411,7.257666611258062,6.440896225575376,3.4651935782001133,5.625,7.50865289587475,6.626678412222326,true,
695,cca0a048,7,62.54977305655842,7.236559423434368,6.880747690421692,3.4910079826508293,5.833333333333334,6.23680331774294,7.300806112314623,true,
696,ba0d2356,9,65.01831672268587,7.101829979937007,6.622492829035018,3.92271128633967,6,6.557357818905886,8.288948541956989,true,
697,0322f7b7,8,68.47288466820473,9.278475971948883,6.185917267488891,3.3843009821480474,5.57142857142857,6.781316474428994,8.879830234174959,true,
698,f69a7981,11,64.49157229455956,7.242927325957878,6.907032890368919,4.190385143638106,6.6,7.846711243145789,6.080204588623072,true,
699,0ddc8e72,10,56.9113674813223,4.956519051108564,7.37199037768262,3.2308861548739825,5.777777777777777,7.045891521000412,6.019785452426801,true,
700,b31103bc,7,63.86472663949854,7.456002451529409,5.748335522709831,3.8656145787302685,7.000000000000001,6.227473849941978,7.604087289296435,true,
701,6466bb1f,15,63.200024166536636,7.080830100015548,7.048549398917115,3.581753492602617,5.2142857142857135,7.773699574977564,7.089632315204683,true,
702,d03b6552,9,58.89176405804862,7.487022590554714,6.332691670590165,2.9562518305448777,5.125,6.947936737758912,6.1914983451023184,true,
703,34fdd215,8,60.651610948712374,4.749226262388347,7.983148336375411,3.9135045790987575,5.57142857142857,6.952661114490164,7.274498893353096,true,
704,57750a14,12,60.54103756480753,6.963536441020178,6.916517294078223,3.6345739314177767,5.545454545454545,6.73420372597546,6.289309986213453,true,
705,a7d6ad8b,10,66.00862304069757,7.357226607283851,7.256214834731078,3.9820391010726133,6.444444444444444,7.660724913380959,6.843254736407332,true,
706,5e7de5f6,8,58.21869541862906,4.909526694019326,8.771979541377176,3.5024570901219874,5.571428571428571,6.023296530535429,6.01107832533207,true,
707,7bbd85bb,10,66.53199111802932,7.133795350953114,8.142777884877445,3.529789427147424,5.777777777777777,7.332055637598307,7.628738793749051,true,
708,e92b3e2f,10,63.4345410585298,7.023553527434111,7.17724139386638,3.3477728024704887,5.666666666666666,7.259096238544847,7.31634080236605,true,
709,9682d224,10,54.244185078818205,4.945453687601233,6.344020300984398,3.010495895430122,5.777777777777777,7.242791928144702,5.662753025639638,true,
710,bb64b642,8,56.13620583331431,4.760793804770568,6.2562765200394255,4.4236975906439495,6,6.549450747118584,6.00845444533136,true,
711,a12bd233,8,64.64225448127505,7.122974066863821,8.58252937754136,3.7799024088172075,5.999999999999998,6.1804736124317365,6.570179620498592,true,
712,e9085129,9,62.02792074863753,7.442890716547939,6.735895452401093,4.177915692334067,5.249999999999999,6.224683938993129,6.835916666680751,true,
713,cfc4cc86,8,67.03856888312448,9.392625406121223,8.123477634684425,2.701435182190774,5.428571428571428,6.749012253232769,6.877415889583353,true,
714,9e9bf691,13,61.979657738072724,7.44208341273998,6.704591903843026,2.9002514860155357,5.666666666666665,7.965544540109865,6.488510347325596,true,
715,409096dd,15,64.27756309854632,7.269555749867196,6.839665061373443,4.003489287108397,5.428571428571428,8.025334175511173,6.972743934471444,true,
716,b4f122aa,8,59.76268147529829,7.127300255905174,6.119109939353916,3.86615301773076,6,6.406371453871429,6.115890789282088,true,
717,00ec4115,8,56.598128966240566,7.088051922583086,6.314695637016331,3.073957797762123,5.428571428571428,6.16972351353991,5.574060599431875,true,
718,a46ead80,10,51.771678427157546,4.554903684603283,6.899453676102931,3.7823062062616306,4.555555555555555,6.585115811499291,4.976680107270855,true,
719,762f635e,10,66.01112273942178,7.126586096491548,8.218447770486321,3.2442808788456587,6.111111111111111,6.690111822595626,7.67320752612044,true,
720,32646b89,10,66.13572710316203,9.38568172438421,6.848272749477644,3.272878117824588,5.333333333333333,6.630566550272199,7.286414661309394,true,
721,a72bf1e3,8,62.604555300747506,6.808300330864999,6.734648627221305,4.070579485103841,6.571428571428571,6.38682083697524,6.753332669652561,true,
722,7fd43060,8,61.47139507886949,6.8436491971816595,7.444997192177537,3.416849900359263,6,5.97704755146975,6.7072025453937325,true,
723,51cfaf65,8,60.68188087598031,7.593890045924581,7.370797635225335,3.154129613124045,5.857142857142856,6.36371712250919,5.66204359315882,true,
724,684e0907,8,51.48140352164032,4.818324215486386,6.281758509363735,2.9243254218088235,5.57142857142857,6.116821801829518,5.348073726094963,true,
725,99ae2fad,13,68.15589846295181,7.144215865074251,9.407902078257317,3.4614606014589833,6.083333333333333,7.140994412186879,7.210901439463948,true,
726,f87dcaa8,12,63.01330388842581,7.371300507266583,6.503508056429716,3.5818883756901645,6.09090909090909,8.052961342882055,6.333394591259363,true,
727,5cd57be6,8,60.180812908689646,5.018833831024855,8.161243602498729,2.9610384477169647,5.142857142857142,6.6832174192354685,7.884788751803582,true,
728,d075ac0f,8,65.41607482200541,7.507786135736121,6.151526409711847,3.426793938086345,7.571428571428571,6.220405660695764,7.9069763484925835,true,
729,9d933027,11,61.42986107366572,7.028399380506559,7.051688283166201,3.079480214538941,5.3999999999999995,7.5388432399497916,6.634864827237573,true,
730,ce25f812,8,61.76387023418533,7.163102825114882,6.719988411555866,2.872806102883479,5.285714285714286,6.141855507768904,8.129682968761752,true,
731,aa716efd,11,68.5781242043932,9.584866079797814,6.960435774330677,4.380639706879863,6.1,7.435084194536049,6.209727940290171,true,
732,9b93001d,8,61.09813389302076,7.24957730260382,6.381503377886434,3.6046037502520605,5.857142857142856,6.614936667626547,6.642773115972689,true,
733,a14c8cb4,12,63.747876932355894,7.63889805472534,6.528423187448625,2.895268643104043,5.545454545454545,7.98738616143389,7.464970549804595,true,
734,c20d05d2,10,60.966832336493354,7.305545075299832,6.990425126848248,3.215027092188212,4.777777777777778,6.916534107998032,6.92759263884284,true,
735,7b9cc559,7,61.383777839912305,7.359935743599517,7.196213432979042,2.9483104477148387,5.833333333333334,6.346625580091544,6.646039347840731,true,
736,66491e8b,11,56.111568849065435,4.654736528766718,6.020086097322402,2.753144713427608,6.6,7.543535346465427,6.6361404521626275,true,
737,6f1eb7e5,14,63.52520799503452,7.437731371669025,6.853246270390066,3.416308722675067,5.461538461538461,7.74070157522333,7.0350833821781915,true,
738,1e1ee772,10,62.45559310183982,7.44973059399361,6.575010774118794,4.2015967510337875,5.777777777777777,6.185819312990146,6.794162040278879,true,
739,df56a6a7,7,50.06227462778135,4.63963100270505,5.005216045150543,3.6362654511648227,5.333333333333333,5.910518219458458,5.717356397834953,true,
740,43837dcf,12,65.85871623841201,7.357227400207403,7.231242690885766,3.6353849910151683,6.181818181818181,7.542855286050119,7.361713154100606,true,
741,17b2cc0d,11,61.517891920812254,7.065181486775873,6.168064484427883,2.4959078339229106,5.3999999999999995,7.295155413082137,8.124933602797421,true,
742,b743da68,11,59.859144644065424,7.04362690775158,6.280777738038666,3.6601252066355108,5.699999999999999,7.217256223539481,5.999780579593931,true,
743,6fdfcf5c,9,60.93746948739522,7.32264081491288,7.202876974977276,3.2737545380375277,4.75,6.5841694684375796,6.875262462960643,true,
744,1dd6665d,7,63.29067750776629,7.135658043977174,6.928290316320564,3.0235194066589357,6.499999999999999,6.5989472444084285,7.390563740258166,true,
745,35fa3090,12,74.12027485135356,9.541835501508983,7.853644743667053,4.344102236150442,7.090909090909091,7.64853201315143,7.439409305130961,true,
746,ccedbf30,10,61.9252882286748,7.575372012564328,6.64779632572444,2.5588757260818085,6.111111111111112,7.028562346374844,6.901772722734096,true,
747,ca4482e0,8,66.21592814187497,9.566182511579143,6.222703656273779,2.4736381726547827,6.142857142857142,6.042164951832042,8.136837791943195,true,
748,415e702a,8,55.012249288293276,4.792233613170561,6.67101579645771,3.7127256199853265,6.571428571428571,5.648056976163722,5.70777968832233,true,
749,7b93ad28,10,62.59748968827678,7.3822601984787175,8.2128006342836,3.193535971173072,4.555555555555555,6.682382186451598,6.888462441398259,true,
750,5415e4fd,9,60.630524391367864,7.085707598292359,7.211456074226097,4.047080959779505,4.75,6.29516772111065,6.48629340010325,true,
751,5b8eef8d,10,62.496425028209714,7.213629259002236,6.581299981896501,3.7047213018913165,6.444444444444444,7.237818603144461,6.285907089118638,true,
752,423e0915,8,55.39497491261887,4.70854293783536,6.163579133799285,3.432090281521655,5.999999999999998,7.201123274860365,6.184607482022291,true,
753,f772596b,12,59.40060328652414,7.398209435950906,6.932992502162569,2.8441410977335155,4.909090909090908,7.576301303542081,5.8520916981416935,true,
754,3720f08e,9,64.03370465406987,7.137178368574275,6.367855525239683,4.321187344951095,6,6.705473618694048,7.545652566913304,true,
755,2c0ba1e3,12,62.74460914053442,7.308681645678469,6.521460198058507,3.791413279674588,5.181818181818181,7.23970308721627,7.29578171989791,true,
756,4c52e712,11,60.260311265350104,7.079790777886107,6.595781393966155,3.2195640123808835,5.099999999999999,7.1227897413579875,6.7787753110525335,true,
757,b26fb2c5,11,67.60381811672482,9.594337660766675,6.743884094053995,3.8334747166911654,5.6,6.7011837434618915,7.211142835281129,true,
758,5dbee9d5,11,63.36304459455681,6.98841334339328,7.544107288489261,4.077629065879731,5.8,7.378097593807562,6.173105879217333,true,
759,27904794,9,58.00050705646189,6.7796449961017755,6.12711392083531,3.0471020430833584,5.25,6.280340609870594,6.908231582093,true,
760,272d50ae,10,60.30854683563934,7.65564679353705,6.221921702067328,3.655340285028053,5.777777777777777,7.074934646402037,5.680348150763186,true,
761,21fc3055,8,60.983591952375214,7.0065847516619595,7.258391474372362,3.113361897394577,6.2857142857142865,6.309975946557545,6.275471681531178,true,
762,dd37cead,8,56.34074068847936,4.9253804780763595,5.647044826641817,3.6269495534729668,5.999999999999998,6.455754942197854,7.250144120093259,true,
763,ab26f2f4,13,63.73439350137915,7.439795252072602,6.930519084143332,3.2888312802481607,5.583333333333334,8.174721017334676,6.806880724514359,true,
764,04988d7e,8,62.79693418554989,7.108948957604097,7.1145418773986275,4.751482215405516,4.428571428571428,6.600608710457554,7.161527237352172,true,
765,59f42660,10,63.699808700629546,7.102921717597176,6.8214565396009945,3.2028154256107833,6.222222222222222,6.744627279406808,7.717869865555081,true,
766,d8c221f0,9,53.1975739974036,4.730645408157847,6.6212668353782576,3.131762297994683,4.749999999999998,6.9192184882265515,5.9890110603914195,true,
767,15ddee6c,11,63.82494736364627,7.425810196511585,6.480645060747122,3.808533081305957,6.499999999999999,7.244942507506359,6.721358906411114,true,
768,587ec65f,9,63.05438500331752,7.238723179649302,7.404367780502552,3.8351048508021885,6.124999999999999,7.452606707581588,5.780147804596266,true,
769,6b698ff1,11,61.64984618060974,7.4366316331026034,6.494459928646938,3.251085299244098,5.799999999999999,7.308184202564025,6.534209221564556,true,
770,b04d9fb2,10,64.15895787654223,7.669016952020389,7.600231845080508,2.958226953653341,5.333333333333332,7.456414753469951,7.084024116498552,true,
771,a7d79988,10,64.37102317831278,7.26530282232794,7.664840600772856,3.4603438624986116,4.999999999999999,6.7469297469022,7.847809776834397,true,
772,0fba4f0e,8,57.664210215083855,7.172299063880079,6.5262055411980775,3.446841363994293,5,5.90677338201392,6.036509406505043,true,
773,10ecbbfb,9,60.31288701173917,7.016105895413038,7.175261279078116,2.8029897063755,5.624999999999999,6.516299931170563,6.643874458403688,true,
774,acd18550,13,54.799336125161545,4.748519972106685,6.310247598995585,3.5291890688992424,4.999999999999999,7.931064233426891,5.936774164423715,true,
775,9105dd25,9,55.955331790088614,4.684950955745353,6.4982559400363336,3.9480544934315702,5.625,6.828202539119106,6.284388921104776,true,
776,febf3ab2,7,59.3176636505727,7.379537534739384,5.9738255390140615,2.9232437764501515,5.333333333333333,6.189730096857997,7.210966553851987,true,
777,fde1ba15,9,65.55601973910912,7.112931268472217,7.502081327200113,5.126028151592086,6.124999999999999,6.48527103062936,6.660495017843115,true,
778,7e9ddc1e,8,68.80279339598486,9.751664904806413,8.516990029617398,2.9569921183973427,4.857142857142857,7.226014730242175,6.989874832431623,true,
779,ed39609c,12,65.00533952818373,7.2529212194128725,7.744429006069092,3.3625013313337284,6.545454545454544,6.873738720372867,6.901502350352835,true,
780,7219a34e,6,66.69602381016455,7.281582087056368,8.451658905449825,3.1196508882251983,5.799999999999999,6.221273640337328,8.296265166672113,true,
781,089554f0,10,64.27962448769826,7.155746237695241,5.881689140459676,4.19178540639549,6.222222222222222,6.904709188236472,7.923816078963408,true,
782,71fa04bb,13,65.13923892497124,6.945296966088415,7.659961142943174,3.8194340261463844,5.916666666666666,7.079005592405939,7.357796727776506,true,
783,a7c1ef21,9,68.9564289044564,9.760030723871955,7.434926872444077,3.9062215462982928,5.125,6.536032357457009,7.512003043835504,true,
784,ceebf3f9,10,66.11720141478767,9.383660002844486,6.57565876518521,3.542459316310931,5,6.986494646584195,7.348403763035154,true,
785,15a273e3,8,58.58952634876787,7.203662906425817,6.290593955347633,3.058408918245355,4.999999999999999,6.400596191417018,6.728927219682898,true,
786,d257f0c3,10,58.56137113625573,7.230722682132281,5.9827224687765135,2.4241001977397985,6.444444444444444,6.161643140172982,6.522013987860805,true,
787,9cf25f7d,10,58.05799352176871,4.627362682867741,6.306979435960297,4.018450611397561,5.777777777777779,7.393274102531535,7.096099264928469,true,
788,76633f32,11,63.126718058563334,7.22577536323366,7.905401589356194,2.646165848875455,5.5,7.221540876197221,6.997752664009196,true,
789,f4975c3b,9,55.29248065127322,4.858661901249621,5.628266136510083,3.915346255358305,5.499999999999999,6.767825745227885,6.741227842215306,true,
790,df7a4fa8,10,60.09996534141343,6.998070059937971,6.2967575052436295,3.9797172432565535,6.444444444444444,7.260481152424294,5.275194775427706,true,
791,24d4d114,14,64.13619938796256,7.526967846142698,7.1112856604208625,3.3094510781482502,5.923076923076922,7.657136974069651,6.796656857043914,true,
792,c5452b0f,7,63.978700400432196,9.404093640966607,5.9700834695287,3.4140658247602294,4.833333333333332,6.4114421789041565,7.377961546866299,true,
793,e87fb33a,11,59.06991835094702,7.161872515656195,6.914493032555508,3.314472975515683,5.199999999999999,6.918839429775433,5.73385357077848,true,
794,cbae98a2,13,64.39915283469881,7.309718744708827,7.563434410529569,3.970306515823934,5.416666666666666,7.038463596308324,6.969414034441918,true,
795,d3d47363,10,55.38108244014869,4.80255251783487,6.432803585758174,3.084447671393453,5.666666666666666,7.034389427163074,6.484498612257382,true,
796,444d96e8,7,52.82728022188192,4.533136159654387,6.385488886781355,3.7768743285367066,4.666666666666666,6.184053797673206,6.212244433421125,true,
797,a6d6bf6b,9,60.6334113074123,7.50930148650709,5.9148310390802195,3.950490551362417,5.624999999999999,6.461603495892294,6.555738624633217,true,
798,a7f9572b,11,56.07531066208267,4.8163488985291245,7.4775718015526165,3.1917079150341983,4.699999999999999,7.6870391675864695,6.106212608984862,true,
799,c3dc298e,5,50.25614331478966,2.450230874805512,7.042065401792617,5.186181625382463,3.75,5.494044996411853,6.402220655603035,true,
800,26493186,10,55.84026050573975,4.734216702611826,7.1818855165655515,3.744271805135313,5.666666666666666,7.603611776393187,5.173296921478834,true,
801,f08d389e,8,51.54513248297846,4.695598771848181,6.046980418941459,2.354647028685093,4.999999999999999,5.7931723272242515,6.868488498222224,true,
802,fa2ad45b,11,56.278749592083344,4.660283012055426,6.556753757484101,5.183859096078172,4.699999999999999,7.2104849276727645,5.873300177667746,true,
803,0caae619,8,65.8144687254435,7.17145628982323,7.021379008223314,3.5565012243170635,5.999999999999998,6.908083736594244,8.343669204302463,true,
804,343d913f,7,62.615842440360304,7.202165864344384,7.032222505472078,2.905394548154389,6.499999999999999,5.7203069741223525,7.521321345172609,true,
805,3af310ca,8,58.565669960393535,7.337001245520774,6.230447575827585,2.7405465343855187,5.999999999999998,7.723097671430354,5.275931669541619,true,
806,6defd052,10,62.621557805434676,7.410144601516858,7.692749417313508,3.963709074677657,4.777777777777778,7.458821724137731,6.050069682168658,true,
807,e01e9b2b,9,63.294195643613946,9.577478283170517,6.622824565792968,2.6352104176055247,5.125,7.073127263872086,6.2245081442264345,true,
808,06c30e2a,12,56.334805864425626,4.705000084492204,6.43775779139611,3.1289826206931264,6.09090909090909,7.652298136782155,6.321762145956309,true,
809,050d9e6a,8,63.96060662324369,7.247629198704754,8.32496771263226,2.8702715678219093,5.428571428571428,6.504091550644074,7.336949911026856,true,
810,fe33d4a0,8,55.71136551399968,4.64726557263075,7.205542887558257,3.859227237241169,5.000000000000001,5.959499764682766,6.6424704599621744,true,
811,9ddb932e,6,51.99861583018684,4.674989539957945,5.532397848297215,2.9723833648717863,5.6,6.772745757603877,6.003795963377085,true,
812,a687aaed,11,66.38189889079275,7.550042545524781,7.693967900595745,3.5309669773641432,6.8999999999999995,7.617584603978016,6.4694857316392635,true,
813,b108a352,10,60.82594761826974,7.402020006481769,6.69241590263516,3.17980043639793,5.666666666666668,6.837691488253297,6.411920261274869,true,
814,320cca68,11,69.62646503327039,9.647913906244913,7.900360305650423,3.6867872931818746,4.699999999999999,7.267904564727646,7.59981238097139,true,
815,a7e9a23b,11,62.525466787251375,7.370869206760615,6.187701173141197,3.7460564762673165,5.3999999999999995,7.703492486010568,7.0042025878082095,true,
816,4f462641,10,62.8603562635698,7.4856198716790905,6.550697509657936,3.5778191486003537,6.111111111111112,7.736092042064542,6.2754596041698125,true,
817,91a6634f,11,57.33942256821102,5.028783429748818,6.693871654326649,3.296507682010091,5.499999999999999,7.536738711664814,6.66546736090079,true,
818,663789b5,9,58.519713068431685,7.005074703881207,6.660803100368151,2.9698234857815557,5.75,5.951445188624675,6.31666646126658,true,
819,79f6d41e,5,51.70596748576006,4.6586919564833655,5.640255275798805,3.669282377562799,5.75,5.998291268244248,5.54859092124311,true,
820,533e053c,12,63.625004620817045,7.224526265592844,6.944244528105054,3.50168437115925,6.181818181818181,7.118024117246483,6.978558279876003,true,
821,bd82067b,10,54.04595844696102,5.083443426475431,6.22143243125102,3.2880083809008833,4.999999999999999,7.837957616463948,5.53375298345272,true,
822,3d8edd4e,12,64.13953275640377,7.41387598885866,6.89314718727539,3.917009003792057,6.454545454545454,7.919648215907927,6.027108102429347,true,
823,79b55fdc,10,66.42737886942919,7.28946422307836,7.349796089645915,3.7772060782463748,6.5555555555555545,7.691636205608194,7.111574187711819,true,
824,d1fbe501,12,57.45518166695547,4.8290803940849365,6.386382930160089,3.539676520812657,6.181818181818181,6.514935101252053,7.130210408930237,true,
825,74ee3cdc,8,63.40023301210597,7.3252125432129835,7.483493959860752,2.4458090531475936,6.142857142857142,5.998013504492317,7.8706959964305305,true,
826,4a5480dc,9,56.75641273288879,7.0636012415944105,7.024414670073942,2.550369919897838,5,6.271892680102496,5.725474081898603,true,
827,46cdf74e,12,63.77963818840907,7.293079227301133,7.103643426126898,3.3341628343785583,6.181818181818182,6.778205531625633,7.1924669058392965,true,
828,f6cb17d7,7,60.38729610476979,7.352303318833361,5.499422670918362,4.337750851712319,5.166666666666667,6.7908922370207945,6.812766638044922,true,
829,cdbd2b64,7,60.600330024999195,7.4180878271828945,5.198945814452613,3.42894781227997,6,6.080820049524469,7.6961849187059945,true,
830,1a9f287b,11,58.613593461776276,7.023592329413032,6.29998449153703,2.33343979329589,5.300000000000001,7.381706869189815,6.676255160990715,true,
831,eabfeca1,12,61.637058195353866,7.097656768154935,6.511402457332922,3.1454055529594154,6.8181818181818175,7.43934747577255,6.070569291005203,true,
832,934cc1fb,10,62.862880529407946,7.109027862815684,8.319394999527818,3.5781834485827457,5.777777777777777,6.341589228767818,6.141182392476877,true,
833,221896ce,9,64.14263835599898,7.35309003027098,6.764619647308489,3.278988270950947,5.624999999999999,7.063075177753687,7.947669201829375,true,
834,d2090d16,10,64.9396032403089,7.404633345819485,7.542918691577211,3.3053271872970247,6.5555555555555545,6.530870015634482,7.154832658979472,true,
835,c6e3ef5c,7,60.795471173835,7.239447854308711,7.370618102688655,3.184509883317683,5.166666666666667,5.373554326560388,7.239990460630128,true,
836,babf727d,11,56.42275522612371,4.924052840562898,7.532981582137826,3.1718942346927883,5.199999999999999,6.9018214798459265,6.241087445171717,true,
837,a975ed5d,11,59.45929166283076,7.178535960041719,6.811671763461525,2.6650188379281805,6.099999999999999,7.6406574348309535,5.399153424228601,true,
838,093c2dd4,11,67.301464659728,9.369262117759463,6.826371222394392,2.829545691618725,5.799999999999999,7.325771969598391,7.50382776515323,true,
839,ac1b1835,12,62.42322033009956,7.447435908580779,6.6299606176308705,4.028931276419708,5.636363636363636,7.182701490886437,6.354916902800905,true,
840,f7d82857,11,61.01082236048338,6.803640082969512,6.9469345552034945,3.4746370808575073,5.8,6.982725023529346,6.452826651353073,true,
841,7dc6ee8a,10,63.04474871839762,7.204550820474597,6.101666074568713,3.1506951670486796,7.222222222222221,6.747271917997121,7.200776968956308,true,
842,95192504,9,64.03018053902228,7.188405427064913,6.508272321394269,2.8053076690057606,7,7.192478842102998,7.536322434447343,true,
843,57f98f11,11,64.40060497230455,7.219336749298066,7.225329075360298,3.3826684905721884,5.099999999999999,7.487324605120718,7.846989487894486,true,
844,63590dcf,10,56.72421139846201,4.812377685948602,6.728879078170835,3.396292938422471,6.5555555555555545,7.383967155431895,5.715426876068289,true,
845,602144fe,9,56.65226130465311,7.024582599440071,6.191614208049103,3.316110301972698,4.75,6.354901631730961,6.0008063631847985,true,
846,2449f1d7,7,50.51975803616447,4.630318214275635,5.636194229317363,2.6307657400291498,4.833333333333333,5.8013539522739554,6.68059056214029,true,
847,a750e0c2,13,63.80677721623812,7.516152228049204,7.414611676189737,3.3804160343199876,6.166666666666666,7.692384370790641,6.072970970072335,true,
848,350cfcfb,7,59.666043906260015,7.083982961634894,6.5691095174640495,2.9368991427624045,5.833333333333332,5.742201438809603,7.0178949981913465,true,
849,48fcca50,9,58.373752015252066,4.911119100873145,6.7323787013518865,3.8372725654651343,6.499999999999999,7.061751903502774,6.352365137960449,true,
850,342adc8c,12,61.96212778194536,7.214877450525997,6.177558516838156,3.54373438182065,5.181818181818181,7.654686386083388,7.254969265075948,true,
851,095933d1,6,61.096587470889084,7.46096938557689,6.487674753614999,3.0322171429288205,5,6.048152310712062,7.835528390361956,true,
852,cf81b96a,9,61.73161077420812,6.9192589431676605,7.949182626614908,3.7031896423719464,4.625,7.0258377275613455,6.468923925840657,true,
853,bac42fbb,6,55.167463343221655,6.743316396163948,5.39046512475373,3.588514149047928,5,5.614988880643012,6.314938963730919,true,
854,15dd84ae,7,59.13107365850674,7.042783036590902,5.961315923965429,4.146213078598032,5.833333333333332,6.75869948523873,5.6951361127072815,true,
855,73874119,3,47.294226590395624,4.7452184779187565,1.974698421673179,4.346619212847469,6.5,5.501360027430488,5.759531422144132,true,
856,bed3cef4,10,54.25311197847408,4.768471505515033,6.046284997745884,2.882751667895073,5.666666666666666,6.827189135487301,6.59359281067608,true,
857,2bcd2d92,10,66.38235822994695,9.735852473689265,6.783537702809937,2.698330726648427,5.333333333333333,6.386812079390513,7.746727241897069,true,
858,e1b77d1c,6,56.82882171568779,4.964198821605862,5.345190351854348,4.020540527278973,6.6,5.961316443445073,7.259282559661996,true,
859,849ab0d1,12,61.7338132031732,7.046921133320714,6.773843097982848,3.0468124644335144,5.545454545454546,8.176367709755887,6.5485949195685,true,
860,173620bb,9,53.58857430818939,4.53694994422174,6.279121094860321,3.2180239577476772,4.75,6.745608315741615,6.759835861953219,true,
861,8bfd3c3d,11,66.4718444289081,9.419900756233083,7.168472816997871,2.9505779354807244,5.799999999999999,6.875885109669547,6.872002640775344,true,
862,9eb63102,11,63.24098054774368,7.122947432901783,7.0894944306979335,3.750500440543958,5.8,6.9763286759779515,6.927158205599981,true,
863,20ff307d,11,62.391159244940184,7.187245054412793,7.350852814199088,4.436929618643763,5.199999999999999,7.668677547913502,5.622965064857899,true,
864,b5305888,8,60.143458152953485,7.402302986192764,6.556155611860543,3.8353173993572143,5.57142857142857,7.1518889540965915,5.506239283257194,true,
865,19393ad4,9,58.27344144813541,6.605231922633109,5.629019455592131,3.5374313520155236,6.749999999999999,6.962361503660735,5.679483481676652,true,
866,cfe1b6aa,10,68.59294659123125,7.3518116147456,7.725213948962269,4.532760781158808,6.8888888888888875,6.772941996535347,7.510872249777963,true,
867,14db8f4f,11,61.21647089492118,6.7509053071645155,6.78812435380868,3.899245529040742,5.199999999999999,7.366571933685181,6.640714356236382,true,
868,26139e62,12,61.62454131997216,6.9176748103390056,6.672990438300602,2.8170170350176513,6.181818181818182,7.50551738357216,6.8374913270057665,true,
869,cd92fbb4,9,64.6618854464956,7.5228816190269985,7.021720709184665,3.6174919294956616,5.75,6.6120485301046905,7.6997787413634295,true,
870,4889f7fb,9,59.4606679235239,7.096235382241174,6.4360026414221165,3.4157235984842096,5.625,6.298742767979505,6.432759644911367,true,
871,8ae23ef6,10,64.24304873971414,7.349803134672229,7.7274201765621715,3.6698074327246757,5.333333333333332,6.939303999851139,7.071173400198382,true,
872,2a3facba,11,61.051388148895796,7.4984727612397615,6.745346298459432,3.0347889744967937,5.499999999999999,6.965820248219744,6.551669806384597,true,
873,66220624,14,62.88890028264727,7.377717835609438,6.43845612387607,2.8927090031425133,5.384615384615384,8.21518424091202,7.358297377582078,true,
874,12aac956,12,56.24637979760423,4.888663774331926,6.661364018702525,2.629685418954088,5.636363636363636,7.902958247171579,6.491055259893654,true,
875,50eb64e2,11,58.747040830330235,4.968191340457736,6.293836252638375,4.07859894558511,6.099999999999999,6.964579353952127,7.078157556308929,true,
876,fdd6a754,7,62.00495650848103,7.132501842168267,6.379714779978984,3.3820827815912153,5.833333333333334,6.143041007931529,7.749202400062389,true,
877,ca02016a,9,60.78799680319754,7.547308057109531,5.700872676556781,2.8666573647335056,6.125,6.903066827414463,7.038935734055427,true,
878,6304719b,12,62.079931696486064,7.054674676529021,6.299474877604865,3.52859338642283,6.545454545454544,7.5012748717765945,6.403192884815271,true,
879,bdfd836d,9,62.42541922340941,7.202421532540294,6.13771918755927,3.9735912156108526,5.624999999999999,6.805102644987164,7.374375000926409,true,
880,ff5993b6,12,64.26301518826902,9.57015352882703,6.402133667527327,2.378041809846613,6.181818181818182,6.486511569577585,6.703926040574119,true,
881,a85c0e1e,9,65.71124336810584,7.493837521871024,7.929729194792509,2.8567776834297285,6.625,7.119970684644674,7.051445609829525,true,
882,06efefad,9,61.52030715161218,7.3907509420640345,5.951883488068579,1.9558423934488882,6.874999999999999,7.0801095451885185,7.414439844850647,true,
883,1a32d5e8,10,56.432947201139314,4.835316605581245,6.669871141952223,4.430236916617255,6.111111111111112,6.609426741061247,5.563256901018445,true,
884,841e08fb,8,60.028880602442484,7.066944728837427,6.399672526518771,4.646734137092626,4.571428571428571,6.592585464726865,6.406610822563448,true,
885,87b1de7c,7,62.16757355739654,6.979051815194647,7.237727756590389,3.1953868951640474,7.166666666666667,6.517235703189637,6.051714783712892,true,
886,e22dc246,10,60.55882520851277,7.343822186320451,5.917693650346241,3.3669541904454743,6.444444444444444,6.58396783421105,6.455146048850496,true,
887,21c690fc,7,72.21484961800522,9.7344706578964,7.724163028564924,3.6201550086349314,7.666666666666666,6.650841482829096,7.141661609255127,true,
888,a44ebfb3,10,60.39151933407308,7.008487561673497,6.23828365329531,3.4253083839057337,5.666666666666666,6.98278757915997,6.729365855554417,true,
889,5759d790,10,60.98789471057536,7.2751462728639105,7.202225523372386,3.260764508777991,5.333333333333333,6.639228181275222,6.468052205895887,true,
890,3ddcd926,11,63.141519697357,7.146175596329454,6.811659050322521,3.3630484384067896,6.5,6.972421034763476,6.889683932079217,true,
891,592a1be9,12,62.16490255978311,7.207429457980846,6.2320199481469825,4.22461741501916,5.454545454545454,7.674146471031715,6.5169610137210245,true,
892,75c9088c,9,62.065338439217044,7.314192732825438,5.853854772102914,3.74261741803928,5.624999999999999,6.338846817455195,7.8251107020904405,true,
893,95fad84a,9,59.73409424600666,6.701316664718569,7.302690700625054,2.9660460484675224,5.625,6.466656815182229,6.4439241050935365,true,
894,1cb722ef,9,53.41714053642626,4.51915649379593,6.137850772565728,3.5324133722415154,4.75,7.045030074034431,6.368315091467547,true,
895,b070db64,6,53.51781079532461,5.094961208177715,5.5828793501412965,2.305070803845067,5.6,5.9232174029491045,7.4119638836967425,true,
896,3f47258b,4,50.28698716698302,4.800662170776595,4.538645979471988,2.7043151944555297,5.333333333333333,4.76518080217798,7.616304625598856,true,
897,57fb82df,7,59.77247796225966,7.0905078876695935,5.298662089620386,3.562629323098202,5.833333333333332,5.792970331395786,7.711631111037743,true,
898,38b7b2ea,10,62.02454271917745,7.244845798295611,6.6098782630016375,3.072975060261486,6.222222222222222,7.135023541142263,6.749972931610977,true,
899,554e4c01,9,63.92328707233026,7.215936871721507,7.708355648636816,3.719317596170414,5.249999999999999,6.068072150046092,7.636199172322637,true,
900,2b246072,12,60.53058645068135,7.52919075675633,6.6033245354477295,3.188536765583921,5.454545454545454,7.307666437352701,6.070286337782672,true,
901,54ff911b,6,54.782338300849034,4.718001565098065,6.33727876204405,3.718984130878995,5.8,6.148746311963061,6.268612218532393,true,
902,42c8dd31,7,66.4309755370399,7.436884202948248,8.240945912098544,3.4970289653190285,6.5,6.592521379796935,7.088017099525921,true,
903,6314a423,7,53.86270155685846,4.739528999394434,5.604589562395073,4.091186662867989,5.333333333333333,6.297887053241714,6.416852221726117,true,
904,80d1c2fa,9,64.04910852105816,7.350346115316964,6.6363955655379,4.25168985257035,6.375,6.728930912992782,6.8226228488169,true,
905,a3997032,12,57.71087845946716,4.85990767205556,6.284550353415108,3.762333783433233,5.2727272727272725,7.803106510756336,7.045431423009031,true,
906,234949ec,11,52.68036939857722,2.455478422082843,7.788945704949083,3.198205049486697,5.1,6.399874800498228,7.001227603013994,true,
907,e74e94b0,9,59.362012620527835,7.345627231244061,6.462494271982192,2.966132472838151,4.625,7.03272584847811,6.797729207240524,true,
908,587d7d82,11,64.43269256610134,7.488707099063359,7.992498250881394,3.7201288518937035,5.3999999999999995,7.030863646241411,6.620809988351834,true,
909,7cb5813e,6,55.57203366121732,4.77566207289039,6.9357186849621675,3.2528714293477905,5.8,5.943857669453502,6.578522311686293,true,
910,8806a5ed,9,63.3389166771293,7.163376131108689,6.534159918250003,3.419016338389321,5.999999999999998,7.141546600657693,7.479154999920932,true,
911,4735a776,11,59.655952688847606,7.226588506776922,6.34825918496801,2.6470227393747434,5.1,6.714962591007349,7.280377710601538,true,
912,b98de6f2,11,57.134829117439175,4.653870750381823,6.920573042916013,3.1874439973737627,5.3999999999999995,7.139694419527647,7.15921707378711,true,
913,d21ccdd3,13,62.05959628199237,6.944965552505888,7.1802543401416274,3.391453920149836,5.25,7.512375846878699,6.804752671700781,true,
914,35e9286a,7,61.647996899146705,7.261827059467085,7.475075861151567,3.127739075330745,5.333333333333333,6.306484021757709,6.893180465000674,true,
915,f505fe1a,11,70.84264893257868,9.267673504832194,8.181052570432447,4.156117737680057,6.199999999999999,6.813152528860049,7.082018884850391,true,
916,a9af4a93,8,62.38962223949021,7.183698385630263,6.5033635509162435,4.40500505196666,5,6.472375349318548,7.3691118811850185,true,
917,581e7701,11,61.00610043516663,7.248502111892529,6.953948701893704,2.9772333559349384,4.8999999999999995,6.575379601859757,7.362084029602787,true,
918,da7a4ea6,11,65.16338873824446,7.265754233455465,7.823311937567584,3.666510326307495,5.8999999999999995,7.198901515693297,6.944642338309443,true,
919,be9408f5,11,61.06884055275883,7.02857836905299,7.698102632776474,3.4158570865244537,4.799999999999999,6.675330800465598,6.568068829819657,true,
920,5ed33985,12,63.91681151122466,6.987707782674531,6.151658467665243,3.921210862195704,6.181818181818181,7.853285517537014,7.314633384628079,true,
921,50ba2ff8,11,64.05327098917807,7.548888946383709,6.729831875979238,2.9899357235269193,5.799999999999999,7.159453989113438,7.771870407930961,true,
922,d5199ec9,8,59.7948573766361,7.223804544599577,6.504100054806491,2.9930544148633036,5.428571428571428,6.486491209560901,6.802281331933554,true,
923,f174de16,13,65.12327729057378,7.16215991636471,6.983370135510135,3.3063121748784265,6.5,8.399516666810404,6.899669333656926,true,
924,ab1368c8,7,61.16443430517993,7.389171959212302,7.026938489203456,2.8887636059625073,6,6.85817421549722,6.255668567396013,true,
925,ba612ffd,5,47.32821280735479,4.450834978452688,4.558675899979465,3.5335298279548737,4.75,5.78675930784156,5.525351229657213,true,
926,f9f5ec3e,11,72.67606788472224,9.545263103184542,8.508746377840806,5.094325290038854,5.799999999999999,6.747468639873283,7.011534403331366,true,
927,ad66ebb3,9,62.71376636679058,6.96649073726439,6.792095870169399,3.0844264012784604,6.874999999999999,7.505778150618162,6.473945422720814,true,
928,44ca68a0,8,68.10066845084981,9.606309032780665,8.442992777379457,3.133622062913395,6.428571428571427,5.957485570863556,6.255278030237166,true,
929,78c22453,12,62.36854254394764,7.049098919547647,6.702904963896611,3.6445136235889204,5.545454545454546,7.469826668346441,6.890484290472958,true,
930,d0750594,8,59.98321809263707,7.129578924733493,6.647862740928274,4.049573503603086,4.428571428571428,7.047050096834774,6.410143391934406,true,
931,2e23a49a,13,60.290658372868684,7.422802006579508,6.499673095688453,3.087452087598488,5.083333333333333,7.239757654438332,6.5752685589404605,true,
932,43835b31,12,65.52537821352844,7.535893720105776,7.213361110033092,4.648736998124344,6.272727272727272,7.145567980857886,6.340941627441049,true,
933,8650c680,9,60.976605981427994,6.929881405395726,7.505870211575908,3.209398840020135,5.499999999999999,6.977879533389882,6.2356753714209665,true,
934,ef16c318,8,54.515991870841695,4.7983225404246035,7.332139447522036,3.151116051318129,3.9999999999999996,7.062315676856897,6.423648047429231,true,
935,9171f8fb,6,55.93323152060273,4.880051005409718,5.760115668370003,4.2040231482630634,5.2,5.885282655329561,7.482181622684691,true,
936,95814555,9,52.97606782925548,4.639573447697927,6.026803753385898,2.925237200437857,6.124999999999999,6.588122837504535,5.828972237925788,true,
937,c305a91c,10,62.247443915129736,7.197187902754523,7.593072725966247,3.5787857998304933,4.555555555555555,7.124619949248887,6.882422447747711,true,
938,b99fd11c,7,56.36276584045278,4.508635026595119,7.068089635072509,2.6029317391687137,6,6.865719235902918,6.957568725462419,true,
939,e40fbe7e,9,60.5793230666461,6.982904586935041,6.084021367458104,3.6356037303454496,5.625,6.4951703168243995,7.16505530663654,true,
940,25b782ba,10,65.16224128213067,7.259154484677234,7.25399623563151,3.751761214458558,5.777777777777777,6.573109733462547,7.9102751572021415,true,
941,e313e945,12,64.48479598624519,7.542975285228923,6.679622860565254,3.8817377363773367,6.181818181818182,7.956486155280396,6.496964857632851,true,
942,8dfc5b17,11,61.04457454639426,7.477351728176616,6.835830038445126,3.0792148842006983,5.199999999999999,7.199139929161999,6.5366659426969935,true,
943,96c644a9,11,63.8224545252093,6.848727431111902,7.318244348880599,3.4269785391448035,5.8,7.531906418120114,7.226687616118204,true,
944,74622711,11,61.2711404779867,7.085993879035022,6.505207625171399,3.067337618528834,6.5,7.866259320855068,5.943435589439959,true,
945,b0816705,9,64.86306244773927,7.502151062132867,6.8556420047337365,3.6941606889644514,6,7.492622916703075,7.166736901350519,true,
946,2b177113,7,62.16950747753458,6.813645505120804,6.870849535823607,4.120711748749618,4.666666666666666,6.434951536750205,7.82084561090045,true,
947,a3b36410,8,55.16751797484372,4.851801755332432,6.1844800631357835,3.6297038835437245,5.57142857142857,6.8829163086761636,6.267200899636966,true,
948,5da95a31,10,61.285388607698934,7.227973384725571,6.744397200000505,2.7667552815506817,5.777777777777777,6.808928160734993,7.065967351693229,true,
949,6efe2520,10,66.82921660635662,7.1826449300530335,7.4397891740489195,4.0487760536098145,5.777777777777777,7.616729535823308,7.782906546069562,true,
950,9f5d6285,13,65.18270645846616,7.64933205715898,7.19205059913438,3.418557094123443,6.166666666666666,7.367771206602863,7.040702351150198,true,
951,8f4f0f2a,11,58.32973120622377,7.005716859963971,6.200904009481633,3.427376331332381,4.699999999999999,6.775301282734217,6.575003473587376,true,
952,269603e4,13,62.91614751618424,7.374576105571354,6.9476689370338045,4.020823853348289,6.166666666666666,6.9826090379997146,6.104601161801985,true,
953,8b503469,10,54.32123197111484,4.811624468411937,7.398605660832568,3.638592989519933,5.333333333333333,6.9893093578635765,4.82714359585482,true,
954,8975cd28,8,59.577325060456864,7.403848316470761,5.873077950989961,3.5480137067733906,6.428571428571429,5.785787081397594,6.2818234444009144,true,
955,623278df,10,58.07381881877396,4.772981340182284,7.553332924794552,3.071975196882793,6.222222222222222,7.041198687637628,6.438907789614863,true,
956,a8e1654b,11,61.22799597137156,6.808253715692501,6.638199028404521,3.0354194887662884,5.8999999999999995,7.415165434076637,6.872558203126523,true,
957,699731df,9,60.33942162574128,7.1146944573563955,6.390009668664211,4.043251264725463,5.125000000000001,7.574928112417091,5.979683973142977,true,
958,50cc102a,7,60.73343038543839,7.3234334923938755,6.100965439916159,3.7411098942936505,5.333333333333333,6.175910991350849,7.214713993847733,true,
959,f0c9155e,12,63.04135161643845,7.421903280875288,6.543991150041876,3.5952649173458977,5.545454545454546,7.394314493950377,7.091883108387783,true,
960,89823535,7,58.99468525766914,7.509659427584334,5.765236925789817,3.2974616561896894,4.666666666666666,5.9944514294108275,7.436136616253847,true,
961,75efa6fa,10,57.34693340297423,4.708453842293485,7.41056631938339,3.973124421375313,5.666666666666666,7.266553821887821,5.796917201595411,true,
962,89e836be,9,60.687937527526586,7.455504533633617,6.855417161776027,3.272267372303972,5.499999999999999,5.888468659993599,6.781782832307275,true,
963,5e8aa346,12,60.83651908210016,6.980846003088537,6.713278727358011,3.802864973772891,5.2727272727272725,7.292742721262195,6.339978544229737,true,
964,04c92b13,8,67.47221642082019,7.600377466032159,7.567462676177199,3.864416987523368,6,7.299247915318322,7.740981049061861,true,
965,3b8881ab,6,52.59751433064277,4.740095993736785,6.184951022342363,3.9188809268116294,5.199999999999999,5.745084798418523,5.800052243132688,true,
966,7fb8480b,10,60.3255460412454,7.288205928377271,6.692622830736543,2.9889768894656474,5.666666666666666,6.249584867868682,6.800288539251382,true,
967,df350b86,10,68.29027438540768,9.471447645508988,6.903668510694513,3.226073893378592,5,6.377225612440795,8.740203584634148,true,
968,469a1b27,12,66.79651121911176,9.460939123943813,6.650848584471351,3.0764778079166244,6.8181818181818175,7.051653408917641,6.469202215018532,true,
969,0830c7f4,11,61.32852981771368,7.020968681680255,6.795310647211791,2.9788587350780773,5.799999999999999,7.519210504243665,6.613582477976124,true,
970,deec42b3,9,57.115662133883305,4.796091749800982,8.373914882923408,2.9357642691136316,5.624999999999999,6.665745000904012,5.956218428080309,true,
971,b476c4f0,11,63.61815450687359,6.870877280450857,7.902035513076873,2.8837265187132144,6.8999999999999995,7.8076451437985455,5.957683905228471,true,
972,40af371a,10,56.40431969437202,4.710615403513144,6.535269985120647,3.522694587699362,6.111111111111112,7.132176211956228,6.241059711997605,true,
973,bd283da3,8,61.57005998648545,7.099222379907323,6.805541525362346,4.9424394396032,5,6.459724042666419,6.2958255402388135,true,
974,718f5f63,6,47.320720342140206,4.400315768812439,5.783002476683875,2.146665181952668,5.2,6.301096075059828,4.902476192256992,true,
975,08026e4f,8,63.04509221038073,7.575522085386481,6.957205273039267,4.364831721955917,5.428571428571428,6.299302079141225,6.676488502726844,true,
976,7a1d1f4a,11,64.33241807895493,7.125922997017374,7.693478219089122,3.6801296427125254,5.399999999999999,8.260916553043497,6.490002104509221,true,
977,276d69f5,10,60.42564169265194,7.453333998146114,6.370564065371888,2.967373944319799,5.444444444444444,6.575426979703263,6.972095276562137,true,
978,760ee535,9,62.692072788107055,7.078949302750556,7.567942509419475,2.9197343162237868,5.25,6.338366569858398,7.7680330925593415,true,
979,da04f21f,13,62.3947810473998,7.136839966463739,6.423910338125581,3.2645218939604046,5.583333333333332,7.6963060601370525,7.2232948438658795,true,
980,43100d62,8,58.29912144239779,7.110849305391758,5.77675688095195,3.155432834144935,5.571428571428571,7.17931883971474,6.135917077088597,true,
981,00fa327d,10,55.60439910135534,4.719528477794681,6.640802380731691,3.2630442138162112,6.111111111111112,7.478017740639868,5.710915348899199,true,
982,35bad2f2,10,67.97965914505039,9.461745004292519,6.7530876543725915,3.2044345131788887,6.000000000000001,6.949983289046168,7.596597995080557,true,
983,907ccd41,9,59.4218010687124,7.588562407957156,6.152413973615799,3.207916496719602,5.125,7.0999607226011054,6.226427283377346,true,
984,5adf8548,11,53.566018563619124,4.775585342382032,6.411846519205765,3.159060918256253,4.699999999999999,8.147685769663997,5.574633553409412,true,
985,69d3119b,11,63.68511031672993,7.479263999961823,6.1105588976382545,2.911044672624056,6.099999999999999,6.689399351352165,8.364539791177025,true,
986,7ee6b446,8,57.75336747907267,6.679192502448993,5.897132635869028,3.0003140239110757,6.142857142857142,6.401384309621818,6.359839160800432,true,
987,6dc45ce9,9,65.35773399119506,7.276096867516035,7.163286508078485,4.091652183804878,5.249999999999999,7.496375835415677,7.628594760544792,true,
988,2b4a51d2,10,64.4142093272025,7.27667355384411,7.414240778132173,3.819983566932533,5.666666666666666,7.154526544659938,7.009380662206514,true,
989,045c4eda,12,62.65434826797589,7.470583306673684,7.0705148295804525,2.649189812501159,5.818181818181817,7.7809890029281465,6.675311437155447,true,
990,aa12eb8f,8,63.00770908381303,7.35533250828689,6.992914035484633,3.5777709934105637,5.428571428571428,7.380682792840307,6.834573010339212,true,
991,2b02cdc1,12,58.11138119577082,4.893247365536799,6.938986405859196,3.7054416778354002,5.909090909090908,7.480520844398906,6.350390985631046,true,
992,3e89d0e1,12,61.19111871159397,6.997612951876135,7.048879514492704,3.1559393954218353,5.181818181818182,7.041841929724504,6.9660363477280125,true,
993,9cef9cdc,8,56.285546992153705,4.554573144424007,6.673715420200602,3.038325681000685,6.571428571428571,7.00891245411197,6.333975818561202,true,
994,31040ea8,8,59.87577873450533,7.236236910627633,6.233311827571501,2.9876904766835644,5.142857142857142,6.721844773345495,7.1697575887512395,true,
995,a8a1dc53,8,58.007044903815164,4.910163207898149,7.270674074365171,2.347417800584991,5.571428571428571,7.611302965529981,7.291015924971967,true,
996,f599fcb2,8,61.27513831623791,7.098662909978597,5.636977291800016,4.488235541650084,5.571428571428571,6.003052412243562,7.468037238192322,true,
997,3088cdb2,9,69.98049157587039,9.560479768517496,6.676947999704895,4.318302186285261,6.124999999999999,6.478108333800506,7.879216916183981,true,
998,615d2c33,8,57.38259445452975,4.791478119806822,6.395712653416502,3.805298840189701,5.857142857142856,6.505768999406175,7.161179057611156,true,
999,4f329420,10,63.71188809147736,9.351216455382628,6.270740069414425,3.948097735937074,4.888888888888888,6.853831258074553,6.235387281707383,true,
1000,479f22d6,10,62.400913501072935,7.269844497996176,7.052772082299932,3.077863585034723,5,7.4438460409736065,7.267914616693065,true,
1001,97010bf5,10,62.422999493973805,7.521950713193382,6.976138711422755,2.8876858587300216,5.777777777777779,6.493362558572702,7.233183829528488,true,
1002,2285d806,10,59.86917824903058,7.354862131175351,6.402496345762414,3.1601197536512537,4.999999999999999,7.107410613031536,6.605198012014569,true,
1003,ec771f22,7,62.09489683969417,7.186416348585122,8.577604520594043,3.2833232638950296,4.166666666666667,5.926692510788356,7.193172510671886,true,
1004,63451c0b,11,64.17003586006173,7.482120284039957,7.060217158339323,3.5872971520328725,6.6,7.694383122728375,6.118141692865475,true,
1005,cf8b7648,11,54.97466213250113,4.508983168711503,6.537986614329348,3.833448241174145,4.999999999999999,7.116593750479226,6.323626422542942,true,
1006,1d3c7256,7,61.03004558778465,7.0567242356856665,5.958855675086257,3.011296319256633,6.5,6.249156944523779,7.433470766852054,true,
1007,53a8c913,13,64.2016291154967,7.085025701360336,6.734564930441677,3.4046108350815096,6,7.857564163846334,7.385740265913165,true,
1008,8cc61d28,6,49.19865374187462,4.944653083653477,6.916569731187826,2.856024722066147,4.3999999999999995,6.514461699217021,4.143436033717537,true,
1009,a1e7d038,9,55.49868111974167,4.672682840782378,6.722185760632481,2.674863768952426,5.625,6.85863636364909,6.897755474913501,true,
1010,3c894ecc,9,62.991082668786504,7.401907543133945,6.03729553902384,3.3586813053615714,5.624999999999999,6.647208871874893,8.17478677760385,true,
1011,f15da014,7,46.86465581735998,2.3858032016485957,5.466328067312734,2.9287114855785177,6.166666666666666,6.492975424131451,5.540078951061316,true,
1012,7973401a,12,63.67556198583026,7.449376764228057,7.371386336996989,4.363977569709511,5.09090909090909,6.793401775273836,6.703949038185323,true,
1013,5f76b7cc,8,56.685830802421705,4.800196870206341,6.899833790086644,3.93389390850688,6.428571428571427,6.422346475534633,5.800964775128079,true,
1014,86335d02,9,62.51067111429168,6.974877080317633,7.253914501194287,3.2304126851385706,5.125,6.322720750088468,7.926550344830961,true,
1015,1b1609fa,12,62.11215508154696,7.0281527408783075,6.292523165903644,3.788589404195021,5.818181818181818,8.204285482092784,6.365868183509306,true,
1016,73716373,9,63.862708068837776,6.9002305696297155,6.352464468008318,2.671481634904918,6.499999999999999,6.751305282620266,8.685196806405887,true,
1017,bb81b411,6,58.27283982931489,7.281956425490786,6.3552841769625115,3.671251248008709,5.199999999999999,6.268692150934264,5.8278857272977564,true,
1018,4056dbfa,10,64.25935014908862,9.308561175411027,6.4189373806979075,2.722326782743208,4.888888888888888,6.961854304196276,7.392031138027548,true,
1019,0089da08,8,58.81543504404761,7.399581904000228,5.629804033656018,2.7247446588022193,6.857142857142858,6.439184758565817,6.058050802836581,true,
1020,15237a4b,9,55.148553858352486,4.631482781521495,6.381754882703723,3.236654575593864,6,6.634383927973689,6.451853406275889,true,
1021,8ed8a88d,10,59.81117046993651,7.103648421151296,6.540365018926427,3.1626746769289844,5.777777777777777,7.078269316558096,6.110709086286102,true,
1022,1dc205c5,12,60.93115997184897,7.288207322802874,6.729615406523568,3.181153931178183,4.999999999999999,7.834504574255942,6.447466218688728,true,
1023,dfb4274f,9,53.37927550656203,4.61228372798851,5.805944203568859,3.5284206701528897,5.125000000000001,6.7983148342331114,6.427925058335104,true,
1024,77056b5e,12,57.0035552026237,4.841880394937129,6.974073697651991,3.563036392464364,4.909090909090908,8.380351125270355,6.129234639511626,true,
1025,1a2868b7,12,67.36533729025867,7.505199066157552,7.452544263939319,4.040196925229748,6.7272727272727275,7.309768396613112,7.164954334547559,true,
1026,90824d6a,12,63.12709238794351,7.520334950654701,6.789383515278272,3.593418892777254,5.181818181818181,7.309239450040731,7.1432880620597174,true,
1027,70beb541,13,64.48199997371613,7.338605081887401,6.903181112134935,4.026931287315383,5.583333333333332,7.311622593270222,7.256329808668194,true,
1028,d39fd424,8,58.42251382361902,7.206738080328414,6.513927266543991,3.359707133498574,4.428571428571428,7.00861985753405,6.2395979987827825,true,
1029,a6f87783,7,59.5931419081004,7.08319289677783,7.613796287560547,3.1243837713878473,3.999999999999999,5.771990857062971,7.261326175915599,true,
1030,b95ad996,9,55.40181615378431,4.812148236855869,6.674642110715712,3.1291482943708204,5.624999999999999,7.154747150392819,6.175436857536629,true,
1031,3aef075c,9,59.692163161937195,7.445795379366969,6.116490986706437,3.6910731424479692,5.125,7.237225131604651,6.059474442783864,true,
1032,3ef9c1ba,6,57.926965936773136,7.1639959275667895,7.444526171223061,2.4202846380540666,5,5.793194552960631,6.249756888946731,true,
1033,39368834,7,60.36601330389005,7.210913768293249,6.437831251230885,3.745342544026252,6.333333333333333,6.40626529900788,5.882117413598159,true,
1034,91468a5f,6,51.79914078273066,4.919760084593035,7.071076523158661,1.7386501540183612,5.8,5.45214277223575,5.898563841445645,true,
1035,61b8a984,14,64.67305558759597,7.298504388004904,7.380345917385597,3.055342481225804,6.461538461538461,6.950211778460827,7.300165454668486,true,
1036,7e47b3ef,10,60.713104294018834,6.876932512987749,7.527694162507324,3.255354043874038,5.666666666666666,6.3581040490320415,6.353209708680657,true,
1037,7881a4dc,9,63.584281910110924,7.23953588602663,6.88533744614572,3.3873091600465917,5.625,6.660979898336565,7.8217011583773335,true,
1038,98581a53,9,62.915270516157385,7.4853069775656085,7.353926538300552,3.155030325201361,5.625,6.7540315061432175,6.903790770732174,true,
1039,7bb6e301,13,60.9813127791357,4.751815403674725,8.328343224243104,3.6004580351838755,6.833333333333332,7.124806324833068,6.276928274765675,true,
1040,a3869410,8,53.71255397397556,4.670770504599487,6.289054964606492,2.961436483632406,5,6.673526586489198,6.739044079413688,true,
1041,b4d2d1a4,12,61.45816457741426,7.411432726995117,6.45871716675748,3.658194606211843,5.454545454545454,6.559473532660107,6.896479174900684,true,
1042,a69b4745,10,62.57470533337731,7.502074728481074,6.482229796489174,3.209402449335011,5.333333333333332,7.370555915375277,7.327805908078048,true,
1043,549eed3a,10,62.473745777554726,7.304157801764186,7.690860304813933,3.1783969753505676,4.555555555555556,7.227457416981175,7.0685074900471685,true,
1044,ed9da913,9,61.651315706635394,7.646939448806474,6.260679882328062,3.424050728827145,6,6.562431759142148,6.702533549335752,true,
1045,c19dcd78,15,65.35449252712594,7.1462939585528344,6.739387115182296,4.392802224734045,5.857142857142856,9.054414228292412,6.448164675501312,true,
1046,24e26981,10,63.75327276952467,7.521931588238633,6.721461274660061,3.273558833815643,5.777777777777779,6.820185613977845,7.643260926902199,true,
1047,6127dd26,7,60.26508336809548,7.093389737167145,6.173307814364237,3.2783753321226783,5.833333333333334,6.33178714554322,7.038318274661799,true,
1048,682ce0ab,8,60.723111849488866,7.2583564089557315,6.5174597922764255,3.1112205864043125,6.428571428571427,6.697855049226162,6.219334350160208,true,
1049,328155a4,9,62.766463037196274,7.378765199812445,7.31985985672827,3.422510601095237,5.625,7.624112371727552,6.195122677702662,true,
1050,e6211851,7,60.00512819582461,4.925552232940181,6.534565718161831,3.5832103075559227,6.5,6.150313320158281,8.172785768933439,true,
1051,d41c446f,7,61.14503264831139,7.148804931259935,6.366025657067696,3.390660790476325,5.333333333333333,6.645345200511953,7.3626868935227385,true,
1052,45338167,8,63.51386352352212,7.129322566952871,7.876735376419694,4.694538967800269,4.571428571428571,6.836516524303701,6.58151035645958,true,
1053,68f3b7ac,10,65.26612084081788,7.068564182565797,8.564260537431426,3.202372196196842,4.888888888888888,6.838032821080443,7.921344881981526,true,
1054,b29f6c3b,9,58.22662827045924,7.520616144527945,6.3555392108931,2.184601783206268,6,6.325871724579035,6.136324462721523,true,
1055,1531cbe4,10,66.45560877295877,7.393600882525778,6.660954110874618,4.370299901342877,6.8888888888888875,7.390156188912301,7.097204740082212,true,
1056,7a2a4732,5,61.34200942313263,7.029832256067379,7.429464510889948,3.4386865020008237,5.5,6.3694961884357655,6.5863236642482805,true,
1057,de53a3ce,13,66.80416952688296,7.351759416074892,8.52818105032488,3.871895614109853,5.583333333333332,7.672389053017782,6.827907872605938,true,
1058,11b5c860,7,55.657731943723064,4.805022622956511,6.923201827913261,3.2514136046504514,5.333333333333333,6.707941337252784,6.491648439695846,true,
1059,96aecc18,12,63.69565374645141,7.623757341766169,7.08241800098677,3.716224252451648,4.909090909090908,7.464795581458883,7.069703576754325,true,
1060,4b753784,6,65.5743439516117,7.120279603854043,7.534082186383929,4.765768194127262,6.4,6.356397082103291,6.799753262781558,true,
1061,183dc9fc,9,62.12039443294505,7.339332932707717,7.094034856546589,4.435350292731578,4.749999999999999,7.2669739615056645,6.173966633457075,true,
1062,e9cba244,12,59.280531060763735,4.795879009942259,6.689102899566502,3.2966266109700038,7.181818181818182,7.142325993482489,6.858035146948028,true,
1063,d4d4a03c,11,62.07512921981653,7.441903209671822,6.653363281338883,3.6757409346352716,5.8999999999999995,8.020240605661115,5.715681406238486,true,
1064,5b85e8c1,10,64.13098105944673,7.364190432603708,6.731554676279215,3.2271416251085108,6.111111111111112,7.195527100029285,7.537408415821732,true,
1065,8bbba1bb,10,60.031129020374095,6.994880273733029,5.636821752597791,3.752784326870575,4.8888888888888875,7.63955731797517,7.047280147545033,true,
1066,e46d4fd3,6,58.66462060623098,4.972855151333315,6.218895071685598,4.671741933263978,6.4,6.952208902927078,6.372348104102846,true,
1067,2d7a2a5e,9,61.20908266336724,7.483761411812476,5.95266586791352,4.168986226400296,5.75,6.7315293259769025,6.396604275834318,true,
1068,035690c3,10,61.599555730136814,7.568717846697066,6.804844560587687,3.1629390064687946,5.444444444444444,6.496650275038112,6.942131800327564,true,
1069,b6f95be3,11,58.75437454198146,4.761844106699377,7.6982928168714135,2.7998495621722754,6.8999999999999995,7.288550829124359,6.2093362967312125,true,
1070,1af47101,11,65.34867168737455,7.145704053566024,6.800868409360948,4.175882409949132,6.799999999999999,6.680220121044675,7.325276022221357,true,
1071,63a2435e,7,59.84318206062472,7.157118055887401,6.427458795744054,2.6092755274338546,5.333333333333332,6.585906225025033,7.306100948729691,true,
1072,2d070f79,11,56.18550945884158,4.8567675327855016,6.675892884069231,3.1455950257926344,5.8999999999999995,6.950490488167805,6.437803460461253,true,
1073,42d9a4dc,10,61.35930884944857,7.285940033247802,7.0265502698815645,3.245154712149555,6.111111111111112,6.807082805437803,6.111697223439382,true,
1074,6b6657ab,9,59.91070948895118,6.970180795213208,5.6872856207167395,4.350007348748431,5.625,6.977850406208877,6.29594817672973,true,
1075,a93e2a87,9,64.12839464009028,7.2947121773581385,8.272763373043254,2.7914825708356816,6,6.33424488756517,7.147647492358339,true,
1076,bcad78c2,11,65.09834278300445,7.346830592136522,8.541745341314018,3.299338461385394,5.799999999999999,6.989037906320732,6.6651331360866655,true,
1077,5fcfe46e,9,60.66530651204079,7.110136850126788,6.2829313239896205,3.365672587943722,4.75,6.8331189862699935,7.592598686511557,true,
1078,1c703b65,6,62.37068353646119,6.9950340898754835,5.814249645260613,2.8382155978718058,7.199999999999999,5.928645565582949,8.136550715761418,true,
1079,448d48ed,7,59.901952235694615,7.020124470930674,5.854500290294308,3.4825617661737467,5.333333333333332,6.512801044385445,7.334811943243674,true,
1080,47c98d92,8,57.23804375421945,4.59991248908775,6.454736454885444,3.932414169481161,5.999999999999998,6.465066843496895,7.036710670465271,true,
1081,5b644461,10,56.99444177828239,4.74279667371511,6.5036747103004044,3.170430613075831,6.111111111111111,6.5765161134228345,7.195294194008448,true,
1082,c1392788,11,54.186525451708604,4.700069008427829,5.991665210174408,3.4152122844722235,5.8,6.9486566707954704,6.051927577067832,true,
1083,a268e370,7,57.0666116928,4.473208823257834,8.043062195749915,3.3947070740203507,5.833333333333334,6.258729200903806,6.289829333903873,true,
1084,61063e9d,11,62.63556867892316,7.168009463431652,7.000563544611158,3.9290997571361728,6.1,7.926735101552538,5.6578387570941295,true,
1085,4a0f5d5c,6,56.016643114051504,7.190260487135277,5.492051842228026,3.5072074918436673,5.799999999999999,5.930891703629672,5.432540417086857,true,
1086,c8a9236b,7,65.40130497062864,7.185306065379112,7.850164048916736,3.227783021967884,5.333333333333333,5.559615363012844,8.98126646371383,true,
1087,4baf1d90,12,51.988491974905074,4.692269957783929,6.62042044920996,3.5686051900152207,4.727272727272727,7.320079340569356,4.790748761654012,true,
1088,f9545389,9,58.37347427132769,7.0163944084647225,6.183421262714895,2.776363280164952,5.125,6.342203157572516,7.089580075873942,true,
1089,a2f258e2,10,60.74483393808804,4.7316845334063995,7.002098185804219,4.416331835054993,6.333333333333333,7.822234451138688,6.697303083880646,true,
1090,fe3be229,11,62.21768219396239,7.050241686174442,7.163929020860962,3.4567005799216886,6.1,7.382075174131877,6.148902866963587,true,
1091,4192bacb,11,62.43389346135181,7.309342239902918,6.65529990719674,4.037465377334612,5.299999999999999,7.43993375189542,6.577791601358923,true,
1092,55adceaa,9,60.858602897074064,7.013569759431513,7.46674444586903,3.8140326812940337,5.624999999999999,6.080520051049556,6.081445802272039,true,
1093,b32dc29b,9,64.09084575808797,7.386660594191999,7.168635563324832,3.868906640782523,5.624999999999999,6.676966687783661,7.249405213224654,true,
1094,51fc7922,8,65.31904420811672,7.468288416450591,6.47881179108478,3.363069782787002,7.428571428571428,6.373738887946908,7.657026679163316,true,
1095,5d9f65ff,6,57.97740510505167,6.926210184025525,6.483641837622928,2.820951549200121,5,6.518270542947583,6.641569631064241,true,
1096,7e3e84d2,9,65.89628580264831,7.344646748834702,10,3.4266097606718895,5.125,5.9810654918259445,6.768230577743547,true,
1097,3876b3db,8,58.9137841211072,7.3172175188239565,5.4803103957690915,3.022951289369537,5.57142857142857,6.221939756556406,7.239261970038483,true,
1098,f5603c02,11,62.373626503363425,6.998596559054698,6.8701794215325345,4.003435057578013,4.999999999999999,7.913230695459523,6.636177631483802,true,
1099,63e1cc5e,12,54.854247708945564,4.7479021472578715,6.368292678088362,2.968142045518641,5.545454545454546,7.832023999774209,6.015725633226353,true,
1100,54e69dd7,8,58.65754847765711,7.030525667591354,6.375009422507155,3.54846994395746,4.999999999999999,6.711173010295031,6.258168768039766,true,
1101,69109890,12,58.21263587884046,4.689737407855455,7.138932751558984,2.7705809634191803,7.090909090909091,7.827612892686638,6.063501821718463,true,
1102,bbe3e17f,10,61.17157803311001,7.054189088296786,6.466033638332933,3.92757977415318,5.777777777777777,6.6951185671982145,6.547054063982915,true,
1103,dd62b76b,11,64.21637382017613,7.147500650722936,7.2214954597120355,3.8395638713177553,6.6,6.928532998310722,6.613230999561749,true,
1104,db03dd59,7,57.354839836468365,7.248845600771767,6.729176412988972,2.4442920918274447,5.333333333333333,5.983705959827649,6.133324522540837,true,
1105,02316539,10,55.98036418998879,4.8825524446613535,7.529688610644051,3.5209895717737965,5.333333333333333,6.767131541783356,5.740883492909834,true,
1106,227155b8,11,57.29736008993022,4.796217021453312,8.434474490765261,2.838041253376032,5.3999999999999995,6.706512942742112,6.228521277344175,true,
1107,92b743fb,8,50.86098175209868,4.755244546624535,6.150553313899729,2.897060274685289,5.57142857142857,6.047818581737923,5.278776367950144,true,
1108,2c54e455,8,60.67782549286377,7.418844767580245,7.112155467586337,3.524315234827647,4.857142857142857,6.546379090149154,6.4515697612791385,true,
1109,2088da2d,10,57.73282041512956,4.65393712585403,7.729016894704192,4.2277187845780455,5.444444444444444,6.1990722880268,6.390953834384343,true,
1110,f3d9fcf2,8,56.81092585449206,4.911636151104717,6.081432256146358,4.394892009626013,6,6.673924745417777,6.31607293753486,true,
1111,0761e026,9,61.84458306746897,7.271063164054757,6.828864988819079,2.966837800107293,6.000000000000001,6.321801632734431,7.198630168437958,true,
1112,28654aeb,13,60.93131647269522,7.277835002856681,6.481602190722986,3.694942379161891,5.583333333333332,7.616508488996933,5.937918173802705,true,
1113,672cdf7a,10,55.434428779583996,4.984105486886325,7.35127288694445,3.089848301753442,4.444444444444445,7.516939637530062,6.10693426042268,true,
1114,02677608,11,61.34486143600361,6.97487148816722,6.787147850002961,3.075462401066081,5.999999999999998,7.1347674899602875,6.681995526318824,true,
1115,c70c5678,8,69.20161148770346,9.454201103338336,6.381873437026579,3.28782850312678,7.000000000000001,5.566810702591639,8.613230866455853,true,
1116,4b16bac7,13,68.13785450732328,9.518573250590274,6.93446572657057,3.501114890078385,4.749999999999999,7.309079623815565,7.958415960848216,true,
1117,71243040,7,61.10593225616688,7.191846507411242,6.831809457450156,3.6181929093961736,5.333333333333333,7.672197086832628,6.015387925632144,true,
1118,7fecd718,12,64.47755849872865,7.194355077022501,7.00541482513043,3.785564273991042,6.181818181818181,7.5254996336788365,6.9046694673270235,true,
1119,1d88e8d9,9,60.05792841105801,7.43947948637729,6.43834208690259,2.672686494689339,5.625,6.8302777281594995,6.673590535044431,true,
1120,52b62b14,8,59.09339128426035,7.207900505937321,6.133744818470633,3.497343206891532,6.428571428571427,6.504361666158115,5.575268066244865,true,
1121,34b4d261,10,64.24596155164602,7.4255563147291825,7.2948873935346805,3.200969949620669,6.222222222222222,7.020932008572547,7.044235763585146,true,
1122,24154aba,12,57.3646125383133,4.856504692892801,6.459610218540855,4.557006310665879,5.181818181818181,7.386482053984998,6.366625749778677,true,
1123,8198f6b6,11,68.82400674457244,9.456142294418333,6.820037242677331,3.6502975415016192,5.8,7.86955790512322,7.185110298087433,true,
1124,1c23cea3,11,64.85755753500159,7.170782663299552,7.353548570279365,3.3171864581756636,6.199999999999999,6.847094215134223,7.608207047714471,true,
1125,1fefbdca,10,61.74825567101462,7.298829696763429,6.796563007738976,2.278935778384416,5.666666666666666,6.89817421077848,7.627724508004403,true,
1126,8e6cbd02,13,55.649730343862174,4.794991019915647,7.361334062870361,3.162913393462189,5.583333333333332,6.701593870211685,5.964091008984582,true,
1127,c1e56db9,8,59.51605062589523,6.851656183008043,6.460645025284144,3.264591005964703,5.857142857142856,6.60539675531657,6.446337480384209,true,
1128,f2613467,10,61.36083374661426,7.13694613597112,6.562484986214965,2.8344873411370277,5.333333333333334,7.552738610014602,7.197896011393852,true,
1129,f40e5147,11,62.216065205660925,7.330409410264941,7.795773599893092,2.867153900062879,5.1,7.0741545353788045,6.734959064614898,true,
1130,0d4e4f95,12,65.16624873240966,7.586948569285823,7.11212586498638,3.2217125895864362,6.181818181818182,7.4300521855310775,7.287892104294561,true,
1131,513911b7,9,61.469206295395665,7.1087125081830935,7.132703764189958,2.8875478138969615,6,6.941671918557887,6.55938510472787,true,
1132,bfc7a807,8,70.86898159176064,9.521699460364767,7.532258143412623,2.999186312101313,5.857142857142856,6.812914359903061,8.688214945225434,true,
1133,6c6fa682,11,59.87280152572967,6.983971980813834,6.241411036622347,3.39244884893683,4.799999999999999,7.638855742464925,6.776722446802602,true,
1134,899f0249,10,52.156068609397835,4.636034829845968,6.492262329628832,2.03137613586316,5.777777777777777,6.6091156879736435,5.973747077241003,true,
1135,7ebb7126,8,49.1844472771023,4.660611342795445,6.0993813050685874,3.1480373038234624,3.857142857142857,6.791100250542222,5.217075773634452,true,
1136,3b5eefb8,8,58.93830525947642,7.006955098518891,6.096769425090522,3.5296646891846937,4.571428571428571,6.591823413525133,7.123902969056405,true,
1137,45baf86e,7,61.60837350743391,7.3090935844686395,6.092536007607608,3.894641277305572,5.499999999999999,6.401177943904433,7.2951483939098445,true,
1138,32259fbd,9,62.507015097299345,7.005040781513657,8.008133524904464,3.872603601358976,5.499999999999999,6.6988325175558145,6.103962319054024,true,
1139,5bd19403,7,56.79880077138268,4.898930215336587,6.151141643588722,2.5817730263387095,5.833333333333334,6.277907044636212,8.165557940286535,true,
1140,fd38d6c0,8,54.34539005352076,4.663752467931523,6.330877364251324,3.774303014935232,5.57142857142857,6.7318937248581765,5.867371426913836,true,
1141,dcbcfbb8,5,59.374543818787885,5.2029160937495265,6.362062050239255,4.7008238719172395,5.75,6.081305281760285,7.4069028461464494,true,
1142,afd18614,9,58.9148873121715,4.772884044698171,8.485293572862215,3.6528955126262446,4.75,6.741267828986632,6.861282408756429,true,
1143,7f3d0ed0,12,60.93448954523286,6.929556049460935,7.034918597037719,3.9002395264110095,5.545454545454545,6.998173827506206,6.029552799050638,true,
1144,459cb97a,13,62.310630093456055,7.257956351534864,6.877638759477071,3.7436604474464006,5.083333333333332,7.381815151786925,6.811543539615291,true,
1145,df839008,11,64.47300384264435,7.326316769554405,6.698880065976375,4.3254681254705725,5.499999999999999,7.019413881969646,7.457021329295555,true,
1146,ec319131,8,61.36688408294888,7.600441541734345,6.896736647920726,3.4220555337485927,4.428571428571428,6.786970031201337,7.09966578890863,true,
1147,0c3c1a2a,9,62.66960653530848,7.474880742500964,8.265602815977479,3.439585863722053,5.625,5.972419128031886,6.17579981365976,true,
1148,3a5f56d1,11,67.12519353588353,7.409748764492857,6.9979348063549365,4.089408475656786,5.799999999999999,8.37899632014133,7.585033794862354,true,
1149,e2ebd330,7,55.92425607288763,4.648945901644143,6.919518475858455,3.5758898968099935,5.166666666666667,7.3471836910317805,6.2543088152210515,true,
1150,6ddbd9d6,8,61.07514751518566,7.551527911529696,7.888463989072104,3.0003278206688595,5.57142857142857,7.011244049400061,5.369313832791251,true,
1151,063141c8,10,56.83583273129737,4.899848450253903,7.221462920366081,3.9785508646769094,5.666666666666668,6.986774405190795,5.677732581272952,true,
1152,5b0cdfd7,12,70.18179253830797,9.251189758653114,7.039718213705957,4.093749787810333,6.272727272727272,7.029928633836189,7.6910080558632465,true,
1153,35ab9170,9,59.96896083376175,7.4688363070039765,6.5254334147078845,2.6921408748000606,5.625,6.829329926264791,6.497571980043026,true,
1154,1961ea85,6,60.46122247070015,7.389220025120526,5.102195062956102,3.456404999055804,6.6,6.280711746186883,7.121962743802408,true,
1155,c011db1a,10,62.51009540907162,7.5291108643625275,6.706380057185261,3.664487525023389,5.444444444444444,7.394662471767495,6.566814686625267,true,
1156,20a79cc5,10,59.05794557270113,7.029270158591046,7.48810481897713,3.2659677574474393,4.999999999999999,6.860308350622915,5.559420078261471,true,
1157,f250f5e8,8,63.56896309465537,7.304396197667765,7.0373947041147815,2.8855919863776616,6.428571428571427,7.091758270436971,7.117339992803933,true,
1158,e320173e,10,61.14655869479681,7.128165149136192,6.496528667231457,4.669018042015547,5.444444444444444,7.29549934204332,5.686727395349617,true,
1159,08bfbdbd,5,63.973942629480575,7.540041361709399,8.763137748055549,2.8888347117248787,5.75,5.218921650869481,7.1633528630308465,true,
1160,cc2e758b,8,64.01394488246878,7.293853056759735,7.698843707334236,2.8006537986795066,6.428571428571427,6.749609092150898,7.023624191801188,true,
1161,8b4cec67,11,56.83974215801492,4.976233684842675,6.3029088861769615,3.699766479629607,5.699999999999999,7.721115410082075,6.214249438792202,true,
1162,2247ae07,10,55.0113443321079,4.783442835142628,7.3319351956799474,3.0947108038349214,5.777777777777779,6.773086559425941,5.526877623939509,true,
1163,533eabac,11,60.77709105764312,7.419661090204367,6.73280548632662,3.4547848950966595,4.8,6.886664114854419,6.751087490456053,true,
1164,26eb1479,10,66.9796462966752,9.346040388192765,6.809419315625434,2.736156637098721,5.777777777777777,6.595065642575399,7.9326393131835715,true,
1165,c61b3a46,9,60.61681258103854,7.487599093076248,6.6827540915112795,2.3988878089220944,5.624999999999999,6.717474936268127,6.987350848615069,true,
1166,964b3543,8,51.93774781238407,4.693216754913911,6.281474409657459,3.190859665733221,5.999999999999998,5.919696039759525,5.281920869625387,true,
1167,6dcbdfe9,11,61.29059313299641,7.3447831267823975,6.156374238412273,4.117415732417894,5.3999999999999995,6.831472388870757,6.6494322167242075,true,
1168,892a973b,8,53.976206837407105,4.54870252294295,5.977466218810617,3.861816184590475,5.999999999999998,6.420341205684691,5.913709081839845,true,
1169,631d8d43,9,57.60589912781418,5.011736603243598,6.8637155676016794,3.6478371652396837,5.75,6.553697330875368,6.7904008622158045,true,
1170,69d85ba0,12,59.99512049219402,7.199414162289972,6.446836971097535,2.7484987079088623,6.545454545454544,8.206656736091993,5.225377781837963,true,
1171,381ff192,8,60.341765997619916,7.35353270625466,6.786823317428781,3.340077835213768,5.142857142857142,6.759101146129954,6.446887888292167,true,
1172,0dbf0dd7,10,62.256560390323585,7.086336180312703,7.384406313753165,3.1608766451763604,5.888888888888889,7.405708884222369,6.3233526517158545,true,
1173,75a99b6f,10,61.10991126373904,7.331603260974212,7.056614670079694,3.358287971695713,5,7.189024724252365,6.444583111490102,true,
1174,da585c06,12,63.44942340190684,7.077814866621494,7.04538516525893,3.6747489715565465,5.545454545454546,7.996010196118188,6.746898927991399,true,
1175,71751353,10,64.6023890585723,7.333129654028469,7.2406779024449435,4.001246446506388,6.111111111111111,6.980026956234354,6.820113788187548,true,
1176,2796e0e3,10,68.66735300506718,9.497707883168736,6.7093213560617615,2.6822950518077353,6.444444444444444,6.869143084200164,8.102025445904898,true,
1177,7846696c,10,64.86036770469363,7.176638447581587,7.903919801078077,4.606448177639751,5.333333333333333,7.3823347777398425,6.342587552672896,true,
1178,3bb2832e,10,60.745450796451586,7.4069361880425,6.941475539259559,3.6625217512595842,5.777777777777779,7.921018702152309,4.949999230755054,true,
1179,9c7e7d4f,10,53.00317126990204,4.787974365830339,6.480498644193435,3.3287676751554627,4.999999999999999,6.259454889971875,6.013132016041151,true,
1180,a2d082b9,8,56.59704691669133,4.897385206524577,5.752113888498329,3.635134425614211,5.999999999999998,6.58720500800246,7.2250581125050015,true,
1181,da4a8da0,12,70.35082808133681,9.30961963006053,7.42628751261014,3.591947861449657,5.727272727272727,7.862547384912139,7.679573035470727,true,
1182,432ba6b9,9,56.360341379159166,5.042436298801831,7.364634688707906,2.84956059668165,5.75,5.981162254390087,6.661807727327644,true,
1183,50d57bd1,9,60.38977411716879,6.913763620579645,7.135114189129965,3.1832618727673907,5.625,6.505683234699794,6.51658024079368,true,
1184,4f756980,12,55.558969887499586,4.701415239789839,7.639041506673828,2.83162834969537,6.454545454545454,6.8681693231792185,5.237704193032202,true,
1185,cc88a937,7,59.18986257751679,7.230527457134279,5.516561874285697,4.140799941357707,5.333333333333333,6.933735508281723,6.238544091275568,true,
1186,23941286,11,62.03371996306588,9.185934337844309,6.17757713794333,3.1931741725637846,4.699999999999999,7.18055736624521,6.192876275517348,true,
1187,8332c9b6,9,58.95903835532437,7.332015926285761,6.265994670949966,2.392901464678737,4.625,6.849965017263042,7.38427143728488,true,
1188,98c242ee,12,66.84103254718823,7.3591646397401185,7.398277631755014,4.5824820515061075,5.181818181818181,8.121769344699398,7.344727243038237,true,
1189,aacfdd6c,8,61.9559121630924,7.324302417017073,5.88188137188676,3.9740183158544062,5,6.444559369515623,7.962115953092784,true,
1190,ed487fa6,9,63.98614898927651,7.266805845861298,6.660606476845542,4.118149838931052,6.124999999999999,7.110789701639423,6.923135923671028,true,
1191,4de97b1f,13,61.49739583545034,7.165257782556642,6.277014180298755,3.630883276738027,4.833333333333332,7.6063050315888265,7.200671297427298,true,
1192,2ea9dcfd,6,59.75879950254071,7.281412295610017,7.08978243494421,2.5217003131709563,5.800000000000001,6.512354232501364,6.25516892018207,true,
1193,e103f9e5,11,60.617511728415785,7.559321627221114,5.892601682612806,2.8610793931894793,5.300000000000001,6.990929702485113,7.3554435648343155,true,
1194,82efb526,8,55.25401540037435,4.618562872117005,6.326450379266986,3.9508592766710797,4.999999999999999,6.2568300225598374,6.999846370375912,true,
1195,d4229110,13,54.89885997374601,4.883840174169673,6.516444903789713,3.2146801482499012,5.333333333333333,7.677478068941763,5.813219409818544,true,
1196,ac3bab1d,13,63.40018256919109,7.135336670896709,7.092612070585793,3.593188286415506,5.916666666666667,8.25701203722804,6.226469367055148,true,
1197,780e06ce,12,57.79598161915851,4.705880988630757,6.941342783954543,2.777232293865642,6.272727272727272,8.334068907095745,6.334872296309468,true,
1198,6ba637fb,6,56.960049622994866,4.8603411281427675,7.190826070410087,3.3143116934168915,5.8,6.147775199170143,6.797711311315776,true,
1199,49786684,9,63.811239180538294,7.331923502898757,7.108037186760033,3.035192113778592,5.125,6.164747979533187,8.637589621624814,true,
1200,14c14fd9,10,54.85740602165692,4.99171238539663,6.748060051118647,3.106665937116118,4.888888888888888,6.612993835596344,6.572569328113352,true,
1201,912bf30c,10,65.9209671954624,9.595309709444741,6.440926880776906,3.9098117783737867,5.444444444444444,7.064142380671043,6.4407068538444765,true,
1202,6a07a550,8,61.5266647406237,7.306591962147621,6.965561411662376,4.397773935346512,5.428571428571428,6.513345314872768,5.989558135830153,true,
1203,93eebc79,9,61.168860682322176,6.735491677729548,7.426219441429343,2.978539431189492,6.499999999999999,6.259601852198508,6.475524747236246,true,
1204,615d888a,13,62.60491562972112,7.371032454249286,6.225627663800633,3.1025302865979767,5.833333333333332,8.360217448006415,6.794953436956289,true,
1205,596e014a,11,62.99364534957491,7.373447059878798,6.2926975769096885,3.5295082045300865,6.199999999999999,7.249229767588964,6.986108812118414,true,
1206,c209da66,10,53.18385587829052,4.7678450427115715,6.296799794748738,4.098106290709503,5.333333333333332,6.512882550260299,5.232366861511629,true,
1207,a7067fa3,9,58.37620172702913,4.852371548753126,6.803725035866003,4.081930568229534,5.249999999999999,7.499906563550718,6.851987778703129,true,
1208,747168d4,11,60.63181605163669,7.242950514178801,6.175535789299461,2.9970834844421113,4.8,7.504945753849979,7.383516906743525,true,
1209,654d40b0,9,55.943937149352784,4.5465501260982,6.88722050988175,4.141097999935639,5.25,6.75973134430579,6.232318719108032,true,
1210,d3eb2bae,11,64.78449954275365,7.452389097461058,7.3369438044149735,3.295045578554818,6.5,6.68847908174951,7.171039303209197,true,
1211,a83fda1c,10,53.511616909698,4.646585337932225,6.8806525134860115,2.989869856105645,5,7.0913152128963794,5.8104745706916034,true,
1212,5fa4766b,11,53.52833568967491,4.631405440266284,6.394162141816603,3.313761410513644,5.699999999999999,6.742360641968501,5.691148382467596,true,
1213,ef01b740,11,58.80565839528963,7.23389308538109,7.045047478251239,2.197639305625987,5.4,6.636889121707545,6.355945751907679,true,
1214,a18b0874,12,60.40142722069179,7.134767075942625,6.507664267736413,2.4525537174794905,6.363636363636362,7.6152265928674625,6.215939464220165,true,
1215,6bdb6aeb,11,61.00652686721779,7.306043546138901,6.645589311691312,3.3255231707436437,4.999999999999999,7.431859702788811,6.6806896301890575,true,
1216,177c6033,6,58.86114919579869,4.700139795993289,7.043543714321755,4.13508787867961,7.199999999999999,6.2330085511104825,6.256178974112106,true,
1217,d13f8cc0,13,62.510014598677664,7.386578342256712,7.101229025604632,3.8442017255680607,4.749999999999999,7.807358309398918,6.478996282046477,true,
1218,64b84424,7,59.54880162351381,7.091315066572105,6.048482350101676,3.504134928165883,6.499999999999999,6.106755425701019,6.20746361277892,true,
1219,50ed4142,11,66.18810407237413,9.591976813544784,6.647722658067804,3.449529469200133,5.4,7.019779620039217,6.8396141926290674,true,
1220,88491143,8,60.291056436767605,7.123239377875645,7.7279235384791996,1.9052429239946076,5.857142857142856,6.237058456770712,6.745127473433289,true,
1221,2106b5c4,5,59.04700849647148,6.89942661818487,6.040267043758018,4.392315751421544,7.250000000000001,5.985788830230913,4.889485675150388,true,
1222,98b408ac,13,60.364329046093275,7.145993298229079,7.273290544901164,2.864340722810532,5.083333333333333,7.25691690034435,6.349565279948922,true,
1223,b519b66f,12,60.45290125106919,7.0064143354269,6.556343824959804,2.492685673887588,5.2727272727272725,7.208989785255939,7.416041034562929,true,
1224,0b5fd929,7,60.18466195493215,7.0603556119379824,5.6705301565034985,3.740265405313863,5.833333333333334,6.606021473797789,6.9449189643633495,true,
1225,a5d5e645,9,64.81610445345825,9.337928130566013,6.130311857526269,3.757734107127583,4.75,7.393395330179929,6.8927567795573115,true,
1226,03243955,13,61.05833559607342,7.363800261654007,6.008717620416039,3.5607263255267068,5.666666666666665,7.190091768418197,6.678826901616825,true,
1227,34fd1ddf,8,61.81293151557932,7.373813967846888,7.2285663025821645,3.1709210887896195,5.428571428571428,6.570432744080936,6.817386346010524,true,
1228,20948362,11,60.43662533437946,7.584194583585575,6.191653970494866,3.5272469088890652,4.8,7.683046200919723,6.347372907890199,true,
1229,b11e23c1,6,56.80536667320858,7.4275386983206,5.62448922198217,2.99609379513987,4.3999999999999995,5.825901085587726,7.074409106352849,true,
1230,7e1b9ca6,10,65.96404187961835,9.556075601990115,6.873876835010493,2.9923240316362514,5.444444444444444,6.929997832896986,6.951857818872727,true,
1231,1a321e52,12,64.00215883866304,7.448603533849863,7.112504650605376,3.749033444119054,5.818181818181818,7.118591584891359,6.86021434744252,true,
1232,8c63008e,7,59.56844895218821,7.264783940387482,7.275118024895455,3.955885881403258,4.166666666666667,6.264657977588615,6.235085075394672,true,
1233,051b1655,10,55.3992874246919,4.679125136881922,6.06816411818925,3.2609025797451974,6.111111111111111,7.1500252784583065,6.396947689357081,true,
1234,7fce6c5b,8,60.206341412373476,7.580593014886608,7.430758957811403,2.943981542588895,5.285714285714286,6.432895697123096,5.95335396067282,true,
1235,fed6c17f,10,63.323566858387146,7.258841215565517,6.955262425403339,3.401325648169875,5.666666666666666,7.031831593895823,7.318996374622799,true,
1236,a89ca8aa,7,60.14088008922176,7.137549855407112,7.960015516691245,3.6113889055171255,4.666666666666666,5.660907816322232,6.298126747341687,true,
1237,b779d380,9,62.224093133281,6.867179074003605,5.821576206457914,3.6831403859960488,6.5,6.868295426279467,7.434694044484474,true,
1238,961ca85d,11,60.38307546019175,4.576478511160995,6.432572742420586,3.9892528726438337,5.8999999999999995,8.501760721873495,7.482405283702304,true,
1239,c0247efa,13,61.21118917178429,7.335735900759895,6.475878291524029,3.214280029573944,5.666666666666666,7.533912044122084,6.420838918556023,true,
1240,a4659252,9,52.33831185006903,4.88519672849114,6.667524700421972,3.0125975321294463,4.874999999999999,6.843993656234052,5.379434470231173,true,
1241,81edae40,12,63.243570001254454,7.078145288437701,7.6487948224309985,3.1624502658049267,5.090909090909089,7.565564397741372,7.128677581611625,true,
1242,e869e53e,10,60.66489764139908,6.950426216592199,6.109750908705322,4.002719337881453,5.777777777777779,6.751701567880909,6.628123202005796,true,
1243,74c3ba1a,7,62.508830936652245,6.78486461427714,8.52748450109556,3.8881437400615138,5.333333333333333,5.653306005082867,6.623490745225311,true,
1244,250641a5,8,57.77211784272281,7.097794706059254,6.29158782705141,3.278837874716004,5.428571428571428,6.984548357131372,5.516428721553345,true,
1245,7d32711e,11,62.497595249024315,7.162834624898048,6.552567096780178,3.3673517014742806,5.3999999999999995,7.8439649086843115,7.093044532759935,true,
1246,9c1edb68,8,57.92621438306103,4.934701114950494,7.38369561791475,3.5925823194032027,5.142857142857142,7.315590138299915,6.592123394538289,true,
1247,c5cfd492,12,60.968912761174245,7.033322094585728,6.260110531216915,3.0392956074677007,5.909090909090908,7.668112969457524,6.68727616677822,true,
1248,d14ebb27,13,62.83266535563634,7.315620188246783,6.561275117399359,3.906454060119897,6,7.698027467866969,6.264826479048283,true,
1249,9544ad26,10,64.38861565814213,6.992088864789215,7.925048591200147,3.4924663568574794,6.444444444444444,6.577611838862266,6.8376860105947825,true,
1250,b295a4d6,11,59.719077715805525,7.346483269194216,6.840616303203303,2.6297299272477184,4.8,7.7695773528904954,6.306284802413792,true,
1251,f1684dd7,5,58.63134976850699,4.748461375132831,7.134858024205613,4.254087198268163,5.5,5.8429764717402275,7.486090153344156,true,
1252,5f25e647,9,62.59620934561703,7.127496636244167,5.892852278000006,4.039937959953849,6.125,6.976929689849852,7.21598189946458,true,
1253,b099d7e9,10,63.98012478468617,9.377411219342966,6.675415984033391,3.179963832985831,4.8888888888888875,6.8137796632906396,6.637759217200365,true,
1254,c12148af,11,61.35469150446725,7.44419107683769,7.050044320316861,2.994492067591782,4.699999999999999,7.0177177366113535,7.1125163063900265,true,
1255,c519cda7,13,63.44590412616773,7.144967198685635,6.694772661968105,4.803916492359482,5.249999999999999,8.185172664448402,6.169423869547694,true,
1256,fb2a168b,9,65.04497206688792,6.803285945581797,9.258690749508665,3.6402247722558285,5.624999999999999,6.129644569322527,6.923854583059143,true,
1257,5111c527,9,61.162125620667204,7.431952219520995,6.384903957475418,2.362539479540279,6.124999999999999,6.7716614884183866,7.216756370948923,true,
1258,cf30710f,11,62.100448112030186,7.094483183604127,7.896238959447001,3.3563965903665696,4.8,7.202843095094641,6.570844925851182,true,
1259,a7ab4807,13,64.12326993792242,7.509923580952103,8.387419631893279,3.223728477671012,5.916666666666667,7.427851403592424,5.820884310539882,true,
1260,4dadb558,9,66.87987185451189,7.490242639312142,7.7253067374065685,4.016799542069847,6,6.624830484009238,7.693241368648921,true,
1261,0ae51e9c,8,63.259698951796025,7.240568914743975,7.469890570328322,3.4037424524045683,6,5.678531175507025,7.406596190137546,true,
1262,7b55edc7,6,59.194954559885595,7.714909157546029,6.22811510583732,2.9829948891161613,4.4,5.675509798899227,7.563750248958646,true,
1263,85b9e992,9,62.586062767523714,7.071935693231119,7.0839010677280925,3.5250640357199194,6.625,6.059529560346306,6.759016594517617,true,
1264,a4c49203,6,59.6012255029583,7.247764524292486,5.481031767954508,4.017335792999308,6.399999999999999,5.794417063824996,6.452000803508593,true,
1265,be1fd17f,12,63.16725182473975,7.596842643856795,6.7804254402179645,3.3396051799207975,5.545454545454546,7.452976654108111,6.928251922973153,true,
1266,0b8e32a8,11,61.46786926233239,7.26298577641556,7.4950116050337545,3.168214981359568,4.799999999999999,7.330188656282513,6.518687611961152,true,
1267,04efa6a4,9,54.96383366728097,4.756435643463861,6.1114078025952905,2.3848604073319137,6,6.967328005150042,6.986241093563483,true,
1268,3ec21f66,9,59.14225940384364,7.388240223416929,6.534528211412862,3.680351777932133,5.125,7.463255090690218,5.300873275235239,true,
1269,8677512c,11,63.95796658083547,7.447754377780459,6.9719395195789255,3.1524090582903006,6.6,7.168455519534563,6.824718722803432,true,
1270,da93441a,11,63.85506948925293,6.97624908492026,7.051301237972262,4.486693482660361,5.499999999999999,7.057913389412436,7.006328132374126,true,
1271,755ef874,9,63.31166222487124,7.246900337598516,6.8866019009650685,4.177165062458261,6.124999999999999,6.57392439367122,6.664370923999156,true,
1272,47985547,10,60.63953882285118,7.24623343631599,6.158712005389016,2.5888220660476433,6.444444444444444,6.64484859254434,6.988836872169925,true,
1273,c5553d4d,8,58.329827754211166,7.467533019424505,7.234469409077537,3.1430081586797356,4.428571428571428,6.085311463056902,5.999301487689259,true,
1274,8957b0d2,9,51.76340607610812,4.5982311785996774,7.367904416326342,2.2234835842341725,4.624999999999999,6.167596761405626,6.004487326873639,true,
1275,32017d19,9,66.27991757165249,9.6732363367895,5.993702984941779,3.111358805845613,5.624999999999999,7.685905160723125,7.108431180503979,true,
1276,bfe4de16,9,56.494296324402946,4.767450430442342,6.109290274965212,2.6103254497335566,6.125,6.7363900360151,7.639465371467924,true,
1277,864b8922,9,60.14509052377513,7.206652940214096,6.295702859307634,4.228388051641008,5.624999999999999,5.948258983243921,6.346677807407833,true,
1278,1f3232e8,11,62.70197360810572,4.879635083209641,6.955188061662817,4.805039553842553,6.199999999999999,7.585000044867101,7.543842942476194,true,
1279,c070bbd8,10,63.26593500275685,7.135829100539693,6.099172543416136,4.439607919015809,5,7.197130331108463,7.776756397775241,true,
1280,42340d68,10,64.25841870523713,7.458208902963708,6.922791017685645,3.1735151420621697,5.333333333333332,6.96712098336921,8.127793505333177,true,
1281,8600fc60,14,63.81205129845231,6.926522915403842,7.045884053596391,3.4587051853595727,6.230769230769231,7.702397615274349,6.9228709947961775,true,
1282,3bdac47b,10,63.738409385652105,7.313587356038097,6.399926232193111,3.302543867288026,5.666666666666666,7.941540114309758,7.514446910945145,true,
1283,fd1cb3c3,9,60.99796593555692,7.597265201328567,6.693991631426026,2.9458649828187027,5.499999999999999,7.6814474889426805,6.0911208616272585,true,
1284,618bc4d4,11,70.02188847503695,9.607701030398818,7.685558903986335,3.556562018416001,5.8,6.591849455784142,7.721979900345963,true,
1285,296e4932,8,66.75342305557497,7.275046733424932,8.263480749888302,3.794482929236637,6.428571428571429,5.7979402066817,7.714476926985455,true,
1286,d87029a7,6,57.284425892497225,7.105345614917693,7.477224442141503,2.2289339185493575,4.3999999999999995,6.233817543003607,6.298871234486224,true,
1287,7cd28a99,11,55.19959376777355,4.638641355955874,6.633125558585997,3.9795604996079916,6.199999999999999,7.487915163491319,4.91046844991823,true,
1288,da706fda,7,60.89512463022651,5.0206665488471565,8.15061763927136,4.565544506642644,5.333333333333333,7.410764069371913,6.307837730510119,true,
1289,3418adfc,10,64.46918610943902,7.327438340100804,7.268499839631847,3.9815945336269074,4.777777777777778,7.251047547691258,7.627649863263611,true,
1290,40190934,10,64.4131551126685,7.1484103012587585,7.470788653991326,3.51350400258842,5.555555555555555,7.034207435223819,7.512066459591168,true,
1291,9ae69a12,10,65.0238915164287,6.884218666916701,6.8035017019355175,4.046103214455772,6.5555555555555545,7.380553399175767,7.2870466124409825,true,
1292,878581be,11,65.22139099640525,7.322355091435069,6.542361526257576,4.687756075449895,5.699999999999999,7.500201177510121,7.236725753968158,true,
1293,a28f806c,5,58.94931636800265,4.947485755389926,8.268561503988805,3.25431085763501,4.5,5.600407667120654,8.15449872488534,true,
1294,56b02797,9,63.1335882695377,7.022357578318895,7.296947030859205,3.2693853003719977,5.625,6.808939665911855,7.4290128303494285,true,
1295,0fe8d4dd,4,59.7372272202282,7.169066903298702,6.779344240017248,2.43705806778252,5.333333333333333,5.423757132854471,7.7834064809065,true,
1296,a38abb28,10,54.284059278188096,4.657600517662525,7.2142990327850445,2.6515284242706825,5.111111111111111,6.439669370398206,6.498107680985452,true,
1297,28826248,8,55.42059531807212,4.706989255849959,6.144436487819454,3.9297243906382255,5.857142857142856,6.553529193275466,6.320590939805881,true,
1298,ceef8d4f,9,58.68894028237345,7.059028382354293,7.183792795443323,3.824886182365896,5.249999999999999,6.149593542156626,5.403013864996574,true,
1299,3bab10b3,10,59.96852235049586,7.4317622154890275,7.439227336784464,2.9560449087580434,4.222222222222222,6.266863589615363,6.911130114958491,true,
1300,ddedc721,9,56.80701602278168,6.700037223374136,6.114083757031614,3.435627653788094,4.625,6.413412077572575,6.458416881172876,true,
1301,c137afc2,9,65.54174757691322,7.244310494680213,6.774517969041497,4.650752059871565,5.624999999999999,7.766984375438172,7.18942615629358,true,
1302,4033b4d1,11,57.87967069843708,4.884184937934215,7.250919959983228,3.195835978939679,5.799999999999999,7.5670066742597095,6.403104904833533,true,
1303,f0f47e7e,8,59.65639279312191,7.275193139281173,6.3896022426826,3.0509339000640594,4.428571428571428,6.123629509087216,7.753692465192937,true,
1304,b01f3014,8,53.83859904520587,4.514221950480449,6.079586301519597,3.7335655020512086,5.857142857142856,6.670548128901588,5.843591030437668,true,
1305,e88f5e79,10,58.2677860801664,4.867110429705703,7.145190978779335,4.493131740046816,4.888888888888888,7.125341162871935,6.631298918998752,true,
1306,3411b542,12,54.93360699542477,4.853450939219296,6.4341369302850815,3.6708243948175805,5.2727272727272725,7.381471336054756,5.792148999162253,true,
1307,e929c618,15,60.705318345341624,7.404136258219461,6.5935271592509865,3.0763474759999716,5.428571428571428,7.291040216670616,6.428650304099522,true,
1308,25814d13,7,63.20969616774128,7.069909665072628,7.253664483682381,3.4836222487513453,5.833333333333334,5.897994010411647,7.690469661300844,true,
1309,6ca3cf3c,7,54.84219392050511,4.615491028216476,7.062987642102695,4.106997268201844,5.333333333333333,6.168121811994812,5.749943318300301,true,
1310,b5317e87,5,59.11925688022551,7.073660588582965,7.082987276813569,3.622003646296227,6.499999999999999,6.269566882361862,4.817827637835239,true,
1311,a3f74080,10,62.39292778180715,7.2913062246509455,6.3175104549906,2.9121189047323264,5.666666666666666,7.225742844481446,7.688692027669854,true,
1312,bf2ff7e4,11,59.52920789753003,7.259023110132268,6.303145332391414,2.4804106812296136,5.3999999999999995,6.444338718755169,7.296650803414403,true,
1313,248d577a,9,64.0996360231203,7.604945230231305,7.67612603519425,3.5693149488719613,5.249999999999999,7.053853852753347,6.8537842935836215,true,
1314,cf03a0a1,13,63.61816594883038,7.321780276550553,7.422181135052772,3.5098287026177633,6.083333333333333,7.772304768577416,6.077467213764722,true,
1315,5410dafb,11,54.61500676544851,4.749245211621291,6.342999232982809,3.4451731032316104,5.6,6.445903460713674,6.343029792005206,true,
1316,e71fadaa,13,63.929205321203696,7.390677542695627,6.2499104697061965,4.127354744265392,6.166666666666666,8.348155427840691,6.329714361109382,true,
1317,9afde71a,10,59.17349204609805,7.324802565693533,6.324056398026419,4.131055990877875,4.888888888888888,6.555303527958818,5.963788550513115,true,
1318,573eb270,11,59.811931257029336,7.319694397308819,6.1789008324234125,3.1046097274529134,5.1,6.436758734596509,7.215281536110039,true,
1319,9f99ce50,9,62.93762469761943,7.012663414041687,8.897655942081892,2.916865508417194,4.75,7.422016903793198,6.420058987246993,true,
1320,ef9781aa,10,60.80336587834533,7.412261527862423,7.135845943608152,3.833762566951887,4.888888888888889,6.7315750578393665,6.099514007506428,true,
1321,56097482,9,55.780384432399195,7.095474824576656,6.222333963578266,3.0054247741416815,4.749999999999999,6.35827293900102,5.697698149145838,true,
1322,0469434d,11,56.49680005775801,4.614745313240933,6.658778306541982,3.694599076677747,6.4,7.062926661570587,5.944546296279725,true,
1323,0d787571,8,55.95701864294763,4.659123789151911,7.718501150664105,2.823968963457889,5.428571428571428,6.830564178409057,6.256623418404096,true,
1324,1e841eea,8,63.99223752466139,9.583230329766328,7.179828771069761,2.0440517866939207,5.285714285714286,6.618709512568367,6.7160944078102185,true,
1325,986e13de,10,52.13642587351156,4.714732787040724,6.830786258766713,2.6496109610471703,5.333333333333333,6.281961602521971,5.59674398576221,true,
1326,964847c9,11,62.03991266582379,7.514087383805383,7.980403143204107,3.369932692503184,4.699999999999999,6.368444262617967,6.6120983248942,true,
1327,3bfcd14a,9,59.59439155485984,6.847972127878325,6.7062595288755125,3.881967517813734,5.125000000000001,6.608243510468565,6.31507363477001,true,
1328,a1485858,10,61.288495990036665,7.314067462276268,6.6950789739106,3.4055379276023374,5.777777777777777,7.324816042303166,6.159953847816238,true,
1329,f968fda8,8,51.92247297875814,4.6968550027501506,5.556468353762368,4.080056873473822,5.428571428571428,6.5819735254124385,5.24094924503968,true,
1330,617e671c,8,64.08143848605259,7.246283163042014,8.658932730365757,2.9415710901027854,6.428571428571429,5.932414729295195,6.597118254281243,true,
1331,ba216673,9,61.60307575051288,7.239031194200138,6.706190199342603,4.126911316006813,5.499999999999999,6.676889208014343,6.415024130561998,true,
1332,e207bf31,8,62.425314891032826,6.992409559327508,5.72877625517562,4.075115791960772,7,6.686087553727997,6.886951674447824,true,
1333,ef986817,9,60.40128606765264,7.293507543511001,6.459415591393784,2.4421390332238255,6,6.732533895510249,6.947820941237583,true,
1334,8cd7d088,12,57.967569437324315,4.91567737301661,6.205350918828183,3.6472667198409123,6.8181818181818175,7.588931242309345,6.20892950926893,true,
1335,110fb8a0,10,60.54040386383623,6.804315167356835,6.4631778971903975,3.70328318724417,6.111111111111112,7.435606381068375,5.938634679284454,true,
1336,d7ff2595,7,61.31133810754653,7.43582519474577,5.90088097246074,3.831165019486386,5.833333333333334,7.154988809882354,6.501184928730845,true,
1337,539b6aae,11,63.897467191851646,7.178604298311851,6.910980510090721,3.190183900413336,5.499999999999999,7.57371968509476,7.714597796994523,true,
1338,fdca3d79,7,53.19667706978699,4.796858122842001,5.860429403988376,2.69333686161297,6,6.225897767876633,6.45987978783748,true,
1339,340e9d6e,10,63.14100776696777,7.536704632006166,6.236154606210936,3.6489930979545697,5.666666666666666,7.194105741709557,7.300633876314195,true,
1340,512cdee1,5,59.369706413714106,7.079317336702752,5.080773493960515,4.299858586928203,4.75,5.5873393614859665,8.0821570938481,true,
1341,ef405e5b,11,58.40147989377118,7.255397136916542,6.469891325249899,2.6195240277263276,5.4,6.432042415811162,6.4395746795540845,true,
1342,6c36720a,9,55.54306080387634,4.840463025262837,7.037285244622075,3.118727188603397,6.124999999999999,6.927645483662047,5.633885910984757,true,
1343,f801cd42,9,64.24610027468333,7.286664682434843,7.67425455211432,3.5914547496805493,6.499999999999999,6.798342562544955,6.423565284981604,true,
1344,c91dcfc6,11,61.347730395039406,7.408193856773533,6.758808265900583,2.7240982022982543,5.5,6.769241810351853,7.175705529879924,true,
1345,6cd540f5,10,62.79305507707419,7.357942119247295,6.626632036246491,2.7241330692549854,5.333333333333332,7.1962474583013005,7.976380690824412,true,
1346,2b16d595,12,54.92772498338756,4.820973590572901,6.420679457124655,3.6421341099498004,5.909090909090908,8.23944316082223,4.815880024670874,true,
1347,a8ae1a16,10,62.768162083259924,7.2429870768745825,6.231086322019794,3.5402207513910398,6.111111111111112,6.397635437452117,7.662131661073819,true,
1348,0179ad6a,13,67.25538493384369,7.21248944606018,7.375748150708436,4.0363524721825295,6.166666666666666,7.41867175827277,7.8649943710677785,true,
1349,a169b7fe,13,66.13570395466336,6.958266840386927,7.447724505865087,3.389588334001386,5.916666666666667,8.445722808206359,7.568451294253944,true,
1350,5a63c670,12,66.49322499983036,9.433141674032195,6.343922599351919,3.670953560311896,5.909090909090908,8.314242148180913,6.049278071042117,true,
1351,49674dc3,9,54.26664177855606,4.854768496045332,7.740124689732292,3.0598958714226137,4.249999999999999,6.489815347066546,6.087509754837491,true,
1352,2682d716,9,55.379300872811044,4.532613909287867,6.499121268053056,3.936510009188652,6.249999999999999,6.270818994688206,6.009082086006378,true,
1353,dbed605b,7,62.62667598246782,6.854339637048247,7.639745173925844,3.468802438173754,5.833333333333334,6.809060179532439,6.681841725677831,true,
1354,20a330d4,9,60.24955118512927,7.217988592535023,6.524566458657241,3.17914106595495,5.625,7.033216995214433,6.371246460363659,true,
1355,92bd6f88,10,66.55639667315826,7.157866208000923,6.9245412342259804,3.867843214216452,5.666666666666666,7.684651488714352,8.350715319129531,true,
1356,f1bbdd0d,11,62.69057954686227,7.533675386070863,6.659916924426296,3.510695858392612,5.699999999999999,7.078084776819178,6.828717476390531,true,
1357,8089e061,8,61.79671454946625,6.7900714267062705,6.588549077968752,3.3662786386376418,4.857142857142857,7.128272515941164,7.963945383708444,true,
1358,e57bbb2b,11,61.73354406450406,7.285049462779146,6.5670116645855225,3.9165323633315245,6,7.497660956594692,5.831146954446192,true,
1359,0d35c587,10,60.36928477629793,7.032041605481914,6.918514652880531,3.222428591604006,6.111111111111112,6.720976496499489,6.033763674271939,true,
1360,5eb4633e,15,63.3701916057284,7.232185297646708,7.241808620554488,3.72672685180189,6.214285714285712,7.190958773063093,6.293275490236638,true,
1361,e3590322,12,63.96784181843057,7.369328424665984,6.911986329120198,3.7629643508615267,6.09090909090909,7.790196032140626,6.464351442300748,true,
1362,ab636a56,9,62.779893472670864,7.498889565317133,6.96830067876747,2.976467112512896,5.375,7.034482430999869,7.354182538439302,true,
1363,d4e70be2,12,61.99314332408561,7.014526469999418,6.529034207432474,3.574473252493677,5.909090909090908,7.44254214026176,6.6831498288252424,true,
1364,a17e86af,10,60.079921499721316,7.3981399438343605,6.125549225417498,3.0716603750020877,5.666666666666665,6.835130818403124,6.6530733811652665,true,
1365,2c02ff37,9,55.8608653333461,4.649460009609011,6.4806497107247605,3.8301241254633687,5.125,7.599692151477846,6.295498238057212,true,
1366,7ea54b72,11,64.5137399175478,7.298413389780804,6.925214715075469,3.333488451797814,5.699999999999998,7.606396480388174,7.600141763951596,true,
1367,f0f4c6c5,13,57.361175067134944,4.951243873296114,7.475913837013756,2.9627161968930764,5.249999999999999,7.0206312919865,6.822073130792229,true,
1368,682a408a,10,65.80429939647229,7.573129546922276,6.569610180541868,4.134055246169419,6.5555555555555545,7.810962792032843,6.848297315793983,true,
1369,ffd449ee,9,61.46618728378989,7.100776603032026,6.589567104051729,3.2823227894464018,6.5,7.484070866246515,6.010953572538242,true,
1370,2f5c873f,9,58.52323693281889,4.803550432234058,6.511943994073424,4.783572234151085,5.624999999999999,6.856266392802198,6.776790333165389,true,
1371,058bf6ae,6,57.083361888829984,4.628611560606776,5.969432928466108,4.559104282182533,6,6.798902960027325,6.646267943606629,true,
1372,c932fc2c,9,59.28739487308412,7.474472046106351,6.022336321762069,3.523823945973678,5.375,6.348662322890162,6.410122263512429,true,
1373,c0a3dc0b,6,61.7005566500183,7.237890048999484,8.457313387462955,2.549708711343145,4.999999999999999,6.832307232396417,6.433320967137519,true,
1374,6428beca,8,59.0320103119177,4.678246733379769,6.917470702173676,4.465458363081131,5.428571428571428,7.34309068374089,6.9077738089313305,true,
1375,f870a171,12,60.73949475560507,6.7660945203037475,7.598530364308435,3.07515490084346,5.2727272727272725,7.5837468426720385,6.105324261892369,true,
1376,ea057eb6,12,64.11153731701492,6.968304386726788,6.7029320243013935,3.987499149512127,5.909090909090908,7.650087272078872,7.2031111423518075,true,
1377,a0066e0e,8,56.69343069770421,6.828988532993186,6.730479359336343,3.6799439377708727,4.428571428571429,6.77714031466394,5.398555244223762,true,
1378,d65cb260,8,60.578473061018116,7.041241871626496,6.897427921829382,3.830277982887592,5,6.31353911016107,6.776803870346737,true,
1379,45e83a87,14,68.31818282658277,9.614710576249138,7.526810015431833,3.644985630566096,4.999999999999999,7.322098384892217,7.064215039753041,true,
1380,b27f35a1,11,63.35144928401627,7.418436930829357,7.299535196087668,2.8572657203902807,5.199999999999999,8.20559419930192,6.924775725059474,true,
1381,37b584d8,10,66.28093966775195,7.22147948953001,7.104382310249583,4.956995823583298,5.777777777777777,6.771256780454554,7.540381268051203,true,
1382,3612d3f9,9,55.2815606914908,4.93341491271261,6.440069682019822,3.059613405521993,4.625,7.59344795028805,6.777677078552131,true,
1383,852a25e1,12,63.93880919353143,7.230388547646873,6.8040589421414746,2.9184842088632323,6.181818181818182,7.8050273212639745,7.327574321030433,true,
1384,76966fb4,11,63.0537882659149,7.294678790451904,7.072219764518694,2.715561256109637,6.199999999999999,7.645939721471741,6.7970575964926,true,
1385,e852899c,9,62.56139528479071,7.512015247016309,6.279354973922226,3.8524531918842926,7,6.029088968899437,6.492470509475739,true,
1386,ebcbe145,11,59.80650810778792,4.655121471276873,8.108292148522121,4.297980189589924,5.799999999999999,7.55548659447941,5.925256358513256,true,
1387,08aba2df,9,56.76179814868158,4.990684335740494,6.795547267147992,4.069447011542231,5.999999999999998,6.290703519967266,6.046571028371538,true,
1388,5036f1d8,11,56.973796312080225,4.84677731885486,7.32735124122223,2.8561974903155254,5.799999999999999,6.913926561164155,6.591779780141406,true,
1389,4c67d04d,9,63.09264573761585,7.0754798390894305,8.54883537494224,4.082795201552968,5.625,6.7267631854331,5.5324706523876275,true,
1390,9e60aca9,10,66.48430165889857,9.520687388221111,6.814571419969523,2.8892242320677197,6.111111111111112,7.145670760959319,6.74340419757106,true,
1391,61b021d4,11,64.74940713681329,6.815382466610153,7.363865940360511,4.0737528409637,5.699999999999999,7.206295151066346,7.446381465327647,true,
1392,f86f8b47,9,64.59434451113772,9.38700150261526,5.9482336559544615,3.6643258013330695,6.124999999999999,6.378909048748276,6.530741465557012,true,
1393,7a97f5f6,8,49.450463935177275,2.463532410410323,5.614716437405362,3.8604898884124457,4.999999999999999,7.475978932112261,6.1941847300170245,true,
1394,00f5f0c7,9,56.21325568396476,4.902958006205524,6.991980998982996,2.2165119829567685,5.625,6.871010332473425,7.154022264044938,true,
1395,25d35ec2,9,56.6996028539402,4.778402458413789,7.010394078022981,2.875414511547976,6.124999999999999,7.409503300617686,6.23395864076488,true,
1396,d13efde0,9,63.33932283964611,6.967962798764765,6.473955991627205,3.591453376721755,6.499999999999999,7.052466221390398,7.258416625665437,true,
1397,c6f0b6b1,10,60.26401474558674,7.504168021686625,6.740875426891294,3.1028212731830265,4.888888888888888,6.721337567454975,6.715079201282643,true,
1398,fa978231,12,59.67372805714952,7.362165910351647,6.484457402645313,3.431354149279126,4.272727272727272,7.061940081685364,6.791466981960381,true,
1399,df6a2cc5,10,58.31667808128272,7.39486868866942,7.024695038371971,2.945534987405647,3.888888888888888,6.643949699803379,6.507137201014688,true,
1400,0fa8468c,8,65.04032230362462,7.22097244163153,8.337261250838354,3.3550366139591783,5.571428571428571,6.444589334051053,7.438209751849325,true,
1401,38b248e7,8,56.32891236416807,7.105839343849146,6.030056279850882,3.1508314266260036,4.999999999999999,7.191419875264453,5.311630652536441,true,
1402,8ad14ca9,8,61.384670917631,7.26277193982505,6.656722385114256,2.7291012125398564,5.999999999999998,6.182726965161393,7.416417077114628,true,
1403,67715b22,11,62.08593527759102,6.98409744258075,6.038891150196972,4.642268494974895,5.699999999999998,8.095167431918856,6.082055690427641,true,
1404,d1adea84,11,65.1463307096614,7.283099313203437,7.412922185922148,4.172684984508916,4.7,8.072892238836983,7.2753186772505325,true,
1405,9fcab1af,9,58.014123059361694,4.6562750585251775,6.754138398313534,3.757512148679076,5.999999999999998,6.5998617604136065,7.164352776296916,true,
1406,514e2876,8,56.4105583356899,6.844671499452539,6.828049727583162,3.2077220650358296,4.142857142857142,5.774011770979178,6.397510886114248,true,
1407,a74b2a8b,9,62.59911551235462,7.448542939564196,6.680611296984342,3.6579809311925744,4.75,6.553543400597855,7.807846172646775,true,
1408,67f2bc6c,6,56.1507474834605,4.755971723369197,6.415035240280765,3.0128782898286457,5.6,6.990091434399794,7.096329273269026,true,
1409,ecbad2e4,10,60.197766109511264,7.193973645762237,6.558602603773035,2.8769557123647402,5,6.123708902755789,7.6593443726867365,true,
1410,543ba154,10,63.197210541251074,7.5144368233056715,7.366657016988061,3.4548262936855543,5.5555555555555545,7.338916909781007,6.442420299523052,true,
1411,23ef5b1f,9,69.88252340360417,7.464648720860781,6.728776407795933,4.533830153514512,7.875,8.068490732194771,7.417163843996308,true,
1412,e00feebe,7,56.52311974093048,4.8395025008009736,6.6417351653036985,4.078681215603967,4.666666666666666,7.3108882277267355,6.626334538707074,true,
1413,a7368cd9,6,58.922863626280616,7.126637613932756,5.496308862143532,3.97639880836468,5.199999999999999,5.890454586215435,7.12918360511302,true,
1414,42cac0b2,11,60.429443697388066,7.043669503443548,6.823471103582663,2.6710191297616395,5.1,7.785144970230195,6.733711648503853,true,
1415,37b6dc3f,9,60.050509729212536,6.835758221388148,6.703274058686336,4.2064205206723235,5.5,6.605645449476382,6.003185583343926,true,
1416,46f2fce9,12,60.71980632854367,6.958507555116999,6.4636764846756165,3.1837723728080216,4.909090909090908,7.862263601073815,6.9872552970925215,true,
1417,64289a14,10,62.31191496922677,7.207711455293191,6.101939795682984,3.3325418973286247,5.777777777777779,7.569606913529003,7.279336014623025,true,
1418,d8cf6e94,7,52.06335280708214,4.557246721937238,7.355377100316303,2.69431005969761,4.666666666666666,5.722290592040276,6.069229356144116,true,
1419,bdad547b,11,62.4155498391478,7.024680481946931,6.413814657032252,3.1032378463383936,6.199999999999999,7.0099296457257205,7.4443296650439965,true,
1420,e2307a55,11,67.55303275309599,7.132483819279796,7.580773901443745,3.73386279838959,6.499999999999999,7.349097704981066,7.947144404493175,true,
1421,2986ffac,11,60.01626695257258,7.28420354223131,6.021420045956926,3.5000482892535136,6.399999999999999,7.731137842028555,5.332558480077692,true,
1422,aaa22810,11,74.20552410913704,9.37637124578041,8.6873922250861,4.776939727454213,6.1,6.733685890952244,7.864183673343059,true,
1423,b5f0592d,8,59.43698200825282,7.028564052093972,5.976918677137751,3.4442795577250283,5.428571428571428,7.235674118433053,6.465729951515831,true,
1424,2a898724,12,61.4394980315509,7.421516739698792,6.502369572091737,3.862136140949381,5.2727272727272725,7.496085353735127,6.2149411385769024,true,
1425,5fac3ae0,9,64.35836832150827,7.55019725543542,7.703952377476769,3.6590090357006466,4.625,8.046276075385196,6.812323043997878,true,
1426,279e026f,12,62.20655477300646,7.1388051483786725,7.0418475647289,2.7365061197519815,5.454545454545454,6.931264078164599,7.566249469746432,true,
1427,acc7a079,10,59.09594784109657,7.150227197212852,6.812658268414211,3.5955689023823485,5,5.679385355348777,6.560282049102624,true,
1428,00888aa3,10,55.11136890164743,4.887975684565964,6.827161892168398,4.057952440221632,5.333333333333334,7.058368065087755,5.307242391659192,true,
1429,69bea366,11,59.84374117565227,6.971149215021375,6.6817992459768165,2.6546842276251135,6.199999999999999,6.564602101609433,6.552203587747238,true,
1430,9f7c0c5e,5,51.89593463631756,2.2980454713752474,7.279078206904518,4.001645770816133,5.499999999999999,5.833764874559018,6.602290441243317,true,
1431,c16eacba,11,64.60410150483514,9.643526393888756,6.308194980005349,3.3514515704074377,4.699999999999999,7.198701824015068,6.795543711356858,true,
1432,5167bc87,11,62.65282971822493,7.430866475515844,7.166719794699773,3.042593448973678,5.699999999999999,7.078553201258931,6.830835672034233,true,
1433,e4a56c89,10,58.466450395382196,4.871940118602164,6.750481891158059,3.932958618463248,5.777777777777779,7.15504212452644,6.855921972870407,true,
1434,9380def6,4,53.47777631706169,2.5865404119956965,7.110353734508188,4.46102207598468,5.333333333333333,5.774311215860853,7.0732894686037096,true,
1435,08cb70be,14,64.85279792023412,7.3889042587580445,7.7083964743840685,3.4343497571831154,4.846153846153846,8.674942010656316,6.855660502797571,true,
1436,abcb2819,8,57.47985897235148,7.439173425009866,6.087820620162299,3.0800073270712125,4.571428571428572,6.731467345285026,6.200273479600408,true,
1437,e745fad9,10,59.60031496262404,7.066788100017415,6.023946090205211,3.5574584592562055,5,7.399872689017956,6.606239493993874,true,
1438,c9e7256c,9,62.07223360602042,6.9939177153648275,7.372842340562131,3.7286827112567824,5.125,7.054271021402412,6.681454946623775,true,
1439,47defc9c,10,61.548713192033624,7.291586011891092,6.97082221011307,3.2980244381288295,4.888888888888888,7.272913987402746,6.884416826750081,true,
1440,10677f00,10,62.97110259583877,7.254905577211741,6.795070840346961,3.06515594923177,5.222222222222221,7.40220105928049,7.689442002921054,true,
1441,59313aa0,10,64.36932884543737,7.007551430656135,7.465798105510483,4.236598647269729,5.222222222222221,7.63316236074784,6.917949153865221,true,
1442,d4b3ebb4,10,61.04184100432023,7.522487107706261,6.097885368071803,3.9988811455259334,5,6.813140568781627,6.814049795262641,true,
1443,3f90d05c,12,62.87553434117442,7.532389191205786,7.1381942170816854,2.8848866384122958,4.818181818181817,7.4671721974819985,7.45174125384475,true,
1444,717d35e5,5,48.07804726592673,2.24349280885368,6.733307197946198,3.567406740540599,5.75,5.959911853133219,5.255980885942842,true,
1445,3024b3bc,6,59.93055237397961,7.102898805381771,5.923527400674486,3.629323101673853,5,5.994899350800343,7.664004872822848,true,
1446,e65f9730,10,58.79260461568052,7.467161083893672,6.415760399469875,3.15257310101296,4.999999999999999,6.560223421666379,6.259751926961577,true,
1447,18e2a70f,7,57.23697118925479,6.8986604213128615,5.932097346310286,2.740804696202923,5.333333333333332,5.681659627688655,7.13610318743131,true,
1448,6263d530,9,63.731135219242915,7.0221285965712354,6.486660185802372,4.165069270844506,7.375,7.342968962645591,6.038271633226448,true,
1449,25650606,12,63.33666783181176,7.080332523127435,6.876188193731048,3.3064885434913944,6.454545454545454,6.95637962165339,7.094215073396061,true,
1450,8cb383c7,11,59.27545547543737,7.139970997528351,5.66858702921552,3.2325333575798845,6.5,7.053973174021449,6.0027556035995655,true,
1451,b79a99f5,11,60.312910811231376,7.1023080531566105,7.1450380735282835,3.135530867446736,5.799999999999999,6.647068944505908,6.080996869076513,true,
1452,3764fe1f,11,55.76167026329099,4.727419300417286,6.607738954981704,3.2897804853956547,6.099999999999999,6.951483401578614,6.135511939453664,true,
1453,d2ecffef,7,52.299249688469146,4.768876881111367,6.089054434566331,3.6302809882164357,4.666666666666666,5.731986471527373,6.3759813668673,true,
1454,255c66f5,13,64.13961489221413,7.246122874120687,6.983180288780621,3.371386541092818,6.749999999999999,7.5296380040498185,6.5909792387154456,true,
1455,e168d9c0,13,62.45733854230246,7.118996345214743,6.492379320852079,4.220013396436101,5.249999999999999,7.58581447469025,6.738454879164829,true,
1456,7ac198b4,14,59.877002542741955,7.17216963727845,6.591078299632817,3.1295070186032095,5.153846153846153,8.523108590111418,5.6331639790410115,true,
1457,646012cb,9,62.982237636429836,6.807494590868481,9.55179144596121,3.7378706914831663,5.624999999999999,5.94054103414593,5.593306055060268,true,
1458,fd56e3c1,12,62.47523946255015,7.223304502084873,7.4721234106374546,2.588737738995723,6.181818181818181,6.87461599787096,6.797137614035477,true,
1459,731d7fa5,7,59.349045670094,7.096102217143358,6.601904990412636,3.2147864924827565,4.833333333333332,5.900414971822094,7.262766262581907,true,
1460,39c8ec80,9,62.898223064769795,7.483949937979392,7.371843104718265,4.270959075998242,5.25,7.027914836884598,6.062617512873382,true,
1461,2dfcb4fb,7,54.14232570751015,4.740890003081603,7.400532347829663,4.126704822031625,4.666666666666666,6.526575525915496,5.213141646791769,true,
1462,26f93f6a,11,59.80294112472852,7.175367373500375,6.652889135813486,2.649468839244069,5.3999999999999995,7.285294328775182,6.523948734706721,true,
1463,227de654,10,54.96744195057091,4.801413011250989,6.847614668858962,3.7456510489954975,4.666666666666666,7.333269621462935,5.918918052618149,true,
1464,b88b8817,11,62.11748132118139,7.239211409105332,6.133254663238089,4.005705161471556,5.6,6.957626312701462,7.074168566076796,true,
1465,f4f94636,7,64.11896173250238,7.206814145738389,6.808048923665685,3.443259819883919,6.5,6.646748525087515,7.481858650793727,true,
1466,da6efed9,9,60.90049298221133,7.3912747881643845,6.240121044093465,3.271695319442841,5.75,6.420775072003819,7.011096278421687,true,
1467,8dc3f237,11,61.989034108119995,7.166362009262814,6.837511084863549,4.354753793617291,5.499999999999999,6.389842453141522,6.559670064885518,true,
1468,ca45f7ed,10,61.270504539743015,7.058607207574402,6.188643313759827,2.7397450440198923,5.222222222222221,6.861261262092508,8.191206969237028,true,
1469,72b8b6d8,11,62.8830403756053,7.3572848796042,6.657174010784636,4.153895577554337,5.799999999999999,7.099788526763276,6.483988547779834,true,
1470,ce9ee5af,10,64.83017508878346,7.360152855460882,6.467425493103361,4.1178964508306235,6.111111111111112,7.409261609958719,7.27478345806817,true,
1471,d6365eb8,9,65.38475740127795,7.295095053076204,6.271377815276071,4.334180719342029,6,7.28776217667498,7.803201823511254,true,
1472,0fd6a1b8,9,56.21101858600859,4.609096992977015,6.301191526726079,3.1075321281454187,6.124999999999999,7.309258774538579,6.6947462723519235,true,
1473,b55f4d8c,10,61.01835261731048,7.420676530102709,6.438003430200625,3.7325207048137585,6.5555555555555545,6.774554616129391,5.607242832817539,true,
1474,cafe440a,11,63.05218353443991,7.070673665909304,6.741648496765204,3.821974337078631,5.8,6.4610512125291,7.477604481096431,true,
1475,1f68f298,7,61.18376647963798,7.669911740215623,6.107073395824644,2.6513045083848445,4.833333333333332,7.087077146752834,7.8182268932648515,true,
1476,d73d5af4,13,64.37397901902747,7.195711561657153,7.061865793817619,3.6840712856778097,5.666666666666666,7.5512325902323525,7.271160158672707,true,
1477,0016a50e,9,62.046439508050426,7.065622688406988,6.829006698455704,3.4730211213498485,6,6.8767205405124745,6.744254542758668,true,
1478,286acd0c,11,54.413249540346825,4.466820769342096,6.947911775408999,2.9999710265044386,5.3999999999999995,6.794795133056441,6.2735047388692635,true,
1479,c4861537,7,62.3991038992,6.942017245441724,6.057259988759475,2.7291574493596684,6.666666666666666,7.1286885904431925,7.7320648426537915,true,
1480,8736d80d,9,59.82308148964197,7.303226049202725,5.872219937075807,3.4138248730329384,5.625,6.305278975952268,6.937199440265601,true,
1481,72c30b69,9,65.32082981716955,9.399025350459155,6.977850724712782,2.2684118352755736,5.499999999999999,6.916462361046907,7.254438969511066,true,
1482,466a63f9,8,58.71058404359942,7.49385783749728,6.384764442845619,2.6095015060638467,5.142857142857142,6.674012078345538,6.490520922884331,true,
1483,9500ebdb,9,63.16865476018302,7.242947721047432,7.598717081280377,3.4825123516762484,5.499999999999999,6.842064232656856,6.827669331533289,true,
1484,67ce5df9,8,65.4525735056265,7.114324511477323,8.013143019824108,4.06798748336778,5.57142857142857,6.465759785714239,7.4607539334737165,true,
1485,453ac04b,9,62.44685315419104,7.256580538708776,7.446617897688269,3.0097850418534455,5.125,6.414925529464902,7.5414279782164195,true,
1486,080f17d5,11,59.94720859102688,6.8576066338769595,6.119369061607738,3.194279931054622,5.8,7.066175573853576,6.803617070561758,true,
1487,0d5bf46b,9,59.16470980940031,7.058616960921855,6.827281592762201,3.8870666299200214,4.75,6.326805083137746,6.222050691024897,true,
1488,a41eccef,11,62.82084342558706,7.21332943016511,6.6773487829558755,4.619463306594884,5.5,6.540776472237577,6.781517736157554,true,
1489,0b82402d,8,62.87100503718378,7.309499610337457,6.2879670724060235,3.712499921718798,5.999999999999998,6.925264925184302,7.201761737477257,true,
1490,41fb3bbd,11,61.14870359923232,7.081610536812745,6.657640348338769,3.5394632727219943,5.1,7.444767603257833,6.7130881780697145,true,
1491,1a6adb51,9,51.992185699510514,4.8098374887541295,6.777182762955768,3.7352771942449814,4.75,6.946607382863611,4.5980049360281985,true,
1492,3cd8990e,7,60.05372303868911,7.497884373427629,6.4473515781869635,3.9461976425754153,5.499999999999999,6.6750800634085845,5.7256363930980765,true,
1493,646651e2,11,62.60087993079611,6.847626811606925,6.770282099547896,3.597256284145196,6.099999999999999,7.3867739508297525,6.8154630172463335,true,
1494,ec9e34ff,12,62.669480861795996,7.272297213129462,6.71733924441206,3.6077839733179125,6.272727272727272,7.951937867212189,5.952528993969036,true,
1495,3e46558e,8,59.80109587525739,7.039678815680848,7.122588456933984,3.354561986977888,5,6.058660644334232,6.717572141604644,true,
1496,3dafcebf,11,57.23399135938606,5.056862718094864,6.7837154019602846,4.1706907726684825,6.1,7.159786663591425,5.52354156162554,true,
1497,fc5f9067,9,60.804789221228006,4.789544170850008,7.598624829649562,2.939716405725323,6.499999999999999,6.935073141829789,7.775022193053958,true,
1498,b3189138,6,59.21452439695457,7.038253124171478,6.121084890736118,2.8694627352320423,6.6,6.7063653865402095,6.09541395003531,true,
1499,5471dccc,10,62.26767854548793,7.583846224878012,7.297850834255367,3.634543653233751,5.333333333333332,6.880847921256306,6.258719601784567,true,
1500,4b4552e7,4,54.84655769310268,7.293128297354763,5.175019507214307,3.1429066971410635,5.333333333333333,5.197863511897135,6.146936345107967,true,
1501,0a3d9de4,9,66.93621589629882,9.466187461428934,6.519498038136067,3.3958345695996113,5.125,6.812757001973882,7.880316205825259,true,
1502,d703064f,10,66.77370372561968,7.563134483758498,7.205024728763404,2.859687571995812,6.5555555555555545,7.872560924425706,7.801307204468995,true,
1503,9a6075cc,10,61.35974721483878,7.120768149732583,6.58168453192865,3.840145178916932,5.222222222222221,6.6282947689365965,7.020873376619846,true,
1504,9018cdac,7,60.67642875634489,7.688156726536119,6.088602223828358,3.0529990141486074,5.333333333333333,5.874042732956836,7.582621893787175,true,
1505,9157bf9b,11,62.91089688055944,7.392202998752854,6.220880838306052,3.3109411617815283,5.8999999999999995,7.5335309587659935,7.232190718280632,true,
1506,6f397954,10,62.50484943782935,7.540483273824367,7.75668370009204,2.7557479676723022,5.444444444444444,6.945635571423704,6.605908489139018,true,
1507,a504d1b4,10,61.08163594483534,6.966506445313322,6.554587490516407,3.5515959220945024,5.333333333333333,6.731251817415961,7.152794692120422,true,
1508,b7d0ccc3,12,62.46669400523342,7.120978086451097,6.460570794440709,4.052480603228643,5.2727272727272725,7.216302675696567,7.127940693287015,true,
1509,c8f8ae9a,12,62.16453866928195,7.019141770397943,7.6161598994322155,3.194001095811727,5.909090909090908,7.005328377436889,6.335123757709834,true,
1510,61d4f049,10,60.74223924892706,7.130705915332018,6.443253491215389,2.6757709317987826,5.333333333333333,7.231391546315949,7.328456730325335,true,
1511,e0a4ad4b,11,55.93206475240643,4.911710492382008,7.359674264202107,3.177820686579761,5,7.281773175499097,6.072941675237946,true,
1512,e3131386,10,59.84233811661103,4.972255337944706,6.413350382146874,3.985447377337941,6.5555555555555545,7.676134526714064,6.806519044066488,true,
1513,d6912327,9,58.12421128086457,7.43145279380973,5.5316893748139515,3.4337602750881033,5.125,6.254597144836289,6.6406483182292035,true,
1514,030e3e80,13,67.09618947526111,9.44902717508901,6.50111554535699,3.069471681051972,5.666666666666665,7.926003096356843,7.144088809541661,true,
1515,2e53cfe3,7,64.36881836134539,7.171411687179659,7.335807239965293,3.786933600821222,5.499999999999999,6.360715727225495,7.831362800559998,true,
1516,2800d52f,7,63.154140248541175,7.421420380248797,7.208615750702421,4.663295488567203,4.833333333333332,6.2722183702362475,6.893608584625367,true,
1517,8d7a3933,10,58.822441010339084,4.789420033936397,7.874354733925263,2.90096940699328,6.8888888888888875,7.402492969570445,5.900992880733529,true,
1518,5c6a1781,10,62.714395792137424,7.141505057253088,6.367510548961998,4.942824040315581,5.333333333333333,7.513599590073241,6.339488798372019,true,
1519,f93a7e0d,9,59.497235767374896,7.411590758783728,5.989830819081007,3.5312809284691142,6.25,6.132461929941947,6.057028933674056,true,
1520,75b74a85,10,61.35822779960091,7.287550188680591,7.313853112727704,3.156398214241546,5.333333333333332,7.3359782278878205,6.1919898963568425,true,
1521,8c6a2ccd,15,59.54138341789765,7.339981925428502,6.802752674309613,2.72791475606835,5.571428571428571,6.779571113730714,6.189038394712769,true,
1522,960c9ab9,11,62.08104748021739,7.113021879749245,6.51304902460107,4.0286124111596635,6.2,7.115910816967345,6.235075072747735,true,
1523,620ea6bf,11,55.07518080254937,4.703218665659362,6.831262979674935,3.6690099668659664,5.499999999999999,7.019219222626771,5.699468996672679,true,
1524,3e17fe55,6,67.20666159814763,7.1623559555857925,8.275965851875995,4.419413203995279,7.199999999999999,6.1717911488304384,6.688421394005416,true,
1525,60d1d526,9,64.19079326637645,7.0886954707759795,7.769439185383731,3.499773993489051,6.124999999999999,6.568547913976305,7.031061002515637,true,
1526,3fe21637,8,59.754109382835104,7.376152140872798,5.880019710778765,4.047390088478702,4.999999999999999,6.5684367393880985,6.610432312029523,true,
1527,d18d5028,12,64.54138794723445,7.314120836375039,7.912955974078995,2.716352870110319,5.818181818181818,6.975306726414438,7.48737901578717,true,
1528,8c09501f,9,64.80834543003417,7.491763658046438,6.333099429906273,4.196589903262606,7.374999999999999,7.004161372885206,6.443790340751361,true,
1529,3593ac61,7,61.40269558654259,4.781271846395985,9.79639960518985,3.027711840084066,6,6.479775695225436,6.6245067505283455,true,
1530,e1a781d9,9,55.28627918014183,4.732010122103776,6.812294185242405,3.2764332705942536,5.5,6.7204295529905345,6.317537213662371,true,
1531,7612abd0,10,63.363636618837205,6.846416633759708,7.707275706624429,2.4471173697813504,6.8888888888888875,6.412107287427553,7.291819583945928,true,
1532,0be73696,7,57.45788995642769,7.309053884938324,5.715100389041348,3.0751092186498092,4.666666666666666,6.269002803226108,6.899801775034526,true,
1533,a8252ba6,9,62.160587217317094,7.376589982682812,6.438632644883558,2.4011357870123278,6.874999999999999,6.724533727846548,7.154795136066049,true,
1534,92e3526d,6,56.49630562298556,7.309792824431249,6.029668436927015,2.3718153038238934,5,6.402534694343034,6.339668772802403,true,
1535,894cace0,9,58.39011757926074,4.848023775860638,8.137533694206903,3.339856313588927,6,5.828170626164872,6.68891290780364,true,
1536,3fb52f6f,7,60.436532531023055,7.214444235785891,6.640430958953306,3.070904360838634,4.833333333333332,6.5608075550812615,7.378132784155787,true,
1537,3013df96,9,60.47783794717466,7.355596879028753,6.630456045627509,2.8388584654414175,5.25,6.9109127737077705,6.906081280964236,true,
1538,fee692b5,9,57.830285809984694,4.766252770979503,7.752556569968359,3.80525252976402,6.124999999999999,6.286052680644045,6.065269040888086,true,
1539,6b3cbc93,10,52.14182064179415,4.851549127374943,6.999065365571751,2.180181311817988,4.888888888888888,6.601988917205851,5.840207682171565,true,
1540,76cca2d1,12,61.50281297668843,7.4774263142830515,6.7675683566034515,3.5875344155125393,4.999999999999999,7.571170544513928,6.337303993683864,true,
1541,2203c1f8,9,64.00607443197457,7.492771596355993,6.913086186489449,4.3392597004392695,6.124999999999999,6.6045941992166854,6.590077654641426,true,
1542,65011eb6,7,54.69913821465972,4.958080037185455,5.860148112391588,3.833110552120896,4.666666666666666,5.9567971100837305,7.343988485521073,true,
1543,35ef554a,11,62.874592650300364,7.422223004870592,6.298252679845807,3.029075554444398,6.1,6.954830942238252,7.55314410475778,true,
1544,39e95b05,10,66.33226572453833,7.3113646754285,7.031226583064967,4.3083458179876555,6,8.017950242669762,7.12549206535812,true,
1545,c14b1f0b,11,63.1797960549854,7.023517981065847,7.144546443214372,3.6587682716761925,5.3999999999999995,7.0229155878962715,7.311078186794952,true,
1546,511065f1,8,61.08903665776167,7.258053082354582,6.220015733759367,3.933419644813227,5.999999999999998,6.540321091754562,6.4394975949889455,true,
1547,615c7823,10,61.626141692692755,4.8252354968334705,7.494303620178271,4.003912529428537,7.222222222222222,7.036483898077672,6.73818427610144,true,
1548,6599b8da,10,63.347831429057486,7.422684477279317,7.828438410124586,3.3816336931695257,4.999999999999999,7.2660887694817955,6.7270278441185285,true,
1549,6b3ba1b2,7,46.349967251621955,2.348808697998618,5.858469702478248,3.4877566614312197,5.833333333333332,6.144728271123866,4.948957793434357,true,
1550,5287de59,8,58.85592948902577,7.286284667706377,6.444749731240097,2.1882229739394115,4.428571428571428,6.790955913814615,7.573499810338476,true,
1551,ffbd2723,14,64.45501089567692,7.519958021325404,6.801439476781736,3.173428317641809,6.230769230769228,7.369716908700421,7.318528605261976,true,
1552,fb9949ab,12,65.06599539888686,7.357026735361945,7.8405738893290415,3.591550035252846,5.909090909090908,7.281463485635945,6.784755960298232,true,
1553,121ffbdb,11,61.93498689008351,7.244154532350458,7.019656257275104,3.7489973717780956,5.699999999999999,8.165097035022008,5.50778122390318,true,
1554,b585431c,8,63.47811783098926,7.2143737206909195,6.121328102725741,3.791461733597174,6.428571428571429,6.530622999964978,7.623703309542367,true,
1555,f13b733f,9,54.06999826569022,4.767812668582959,7.166491004018285,2.597571669514625,6.125,6.394198012811583,5.588440439312681,true,
1556,ad4d940f,11,62.18493733330423,7.403987433396975,7.256381023749338,2.9890255142461886,5.699999999999999,7.401049838952145,6.369355786434211,true,
1557,bb9fd2a7,12,64.47048623695581,7.324401802130754,6.865149023306351,3.611029839618149,5.545454545454545,8.648540252170072,6.837019224509438,true,
1558,58245f21,5,57.17134037231862,4.650598930738155,5.523457350223697,4.555866294595487,7.5,5.915263575218832,6.468535220433832,true,
1559,054f3018,8,61.3403803202248,7.4764002882233855,6.769657451495782,2.778043348602107,6.142857142857142,6.331277076127398,6.813425667201929,true,
1560,79482fad,9,61.86468173040954,7.071118165126493,6.076908198155399,4.225122906197497,6,6.48446839122877,6.969711538992803,true,
1561,c495490c,8,59.19645092563819,4.649378824264054,7.823693263114363,4.305228947968154,5.428571428571429,5.950260653221607,7.180794294753741,true,
1562,d91a827d,6,55.15991223079322,4.694255249124011,7.921198532338777,2.9536611622535744,5,6.1458239366684975,6.269683047751305,true,
1563,c3109e7c,11,65.52795104040575,7.515107856829906,7.010273367988394,3.8719362490587237,6.099999999999999,7.151424506688455,7.34338729360354,true,
1564,6f3364ce,10,62.23364931511908,7.532426293551856,6.733801119835705,3.2900751133364694,5.333333333333333,7.423826262483805,6.7764436926274625,true,
1565,bfdc5220,13,61.91257952417338,7.5039304563173,6.648701138421086,3.0104494186234945,5.333333333333332,7.270956417065612,7.050099890581317,true,
1566,597ed2c0,11,59.59249212821508,7.213911669541426,7.207197307329343,2.5981331935463334,5.1,7.5166896337026685,5.981406824116883,true,
1567,7df7a6c9,15,63.73963623631073,7.095642996628724,7.0987090135868804,3.568462226647341,5.499999999999999,8.875544590437894,6.400253130229304,true,
1568,b1f518fc,11,54.46421502111535,4.468712665948435,6.535515534289615,3.6455639984283414,4.8999999999999995,7.443044023539036,6.130687632507886,true,
1569,64904c7b,6,58.19272711077901,7.16252396286597,5.892957393927875,3.9665056004843837,5,6.793739142403009,5.927084181220145,true,
1570,3852dc1d,9,63.87194582120703,7.138804713872266,6.412598408315689,3.8175765297790805,6.000000000000001,7.153408686666099,7.557603361499157,true,
1571,29a2d912,11,66.52888580189861,9.489027359886762,6.5404888314740175,3.9164918508422795,5.3999999999999995,7.148778295693727,6.754226457521963,true,
1572,daf2e87b,11,60.42796943594805,7.484054157265999,6.278858257223103,3.2456559385679675,6.1,7.82681375174312,5.485626449796831,true,
1573,861b6492,9,63.99784738005426,7.467511761134717,7.499388872555545,3.7718935104538756,5.625,6.590365141326139,6.938397947824883,true,
1574,aa38da57,11,62.10782311304642,6.937502786374477,8.033803246695788,2.6986889750387877,5.1,7.277480550082987,6.879522461096532,true,
1575,c7a1f259,10,59.94927686532564,7.248560027874199,6.996587538107527,4.208280100885452,5.222222222222221,6.6506266806150665,5.426824068155559,true,
1576,3580a332,10,62.1113819414004,9.550764518518378,6.151058092239761,3.1355730658875722,4.222222222222221,6.7457260118713895,6.575172044912084,true,
1577,30184e99,8,63.87647803980482,7.629356767061827,5.580423515281156,4.2478435037329545,6.142857142857142,7.308756409522573,7.258767982362922,true,
1578,59c83454,9,62.45266760297841,7.564290856160995,8.602903796497202,3.1991110426700735,4.75,6.255835315480238,6.362252110585811,true,
1579,6ee8f44f,9,60.88724647448249,7.278872239139369,6.220973254671053,3.472199224099732,6.5,7.041412038407557,5.987651017445904,true,
1580,1c6c80b7,9,60.479384647475605,6.950984692989343,5.744234292306398,3.7338665420311012,6,7.084326870092932,6.717060433675855,true,
1581,2e223cb1,12,69.0946195245685,9.34225105045553,7.178456345490474,2.8916142284940602,5.818181818181818,8.143942849073817,7.559110047380404,true,
1582,c4c6e6c0,11,60.68115327653889,7.071526677229491,6.860278624655013,3.364169523146353,5.4,7.084595980654534,6.423901044148042,true,
1583,2fd7cfa1,13,65.50320371885742,7.142365965611086,7.825880846077096,3.644302257331104,4.666666666666666,7.6945830050041994,7.930264761558769,true,
1584,8bd9b83a,7,60.536171184075165,7.656303335804881,6.369994684191464,2.981563141789701,4.166666666666667,6.49344937414471,7.8657546342545235,true,
1585,f78bd3ff,13,62.339347212110766,7.169146520173236,6.841555950158044,2.998163425573571,5.666666666666665,7.945106700647102,6.765823126202939,true,
1586,89e1ba17,12,57.93658502216621,7.425587980640789,6.549232907278075,3.988742268364741,4.272727272727272,6.997532717426472,5.32035369915676,true,
1587,d2994696,10,63.863246727476444,7.192342702746148,6.97027072111625,4.212616149586318,5.666666666666666,8.19452178895806,6.241295809414275,true,
1588,35e1595c,11,63.720283677438005,7.146116653201924,7.09112709441779,3.195428567342338,5.499999999999999,7.499312145747457,7.527453325493393,true,
1589,c0cfa3de,9,67.68633611965575,7.34613685055209,9.03977925867016,3.376263158090595,6.124999999999999,7.084190357616637,7.174689616242304,true,
1590,59fc1689,11,64.58584106313953,7.295950993526731,6.990405381968913,4.416034962336918,5.099999999999999,7.0642502329543655,7.483396404872481,true,
1591,afa57e20,10,63.77293520821475,7.394626553828871,8.089258107659127,3.1946914723312325,5.111111111111111,6.926200963854624,7.01758069881494,true,
1592,793fb479,12,63.03692262109122,6.990792885894084,6.75031458844314,4.884950544270927,5.636363636363636,7.294999210288561,6.252792217042204,true,
1593,f94e4097,9,65.14758193536372,7.388942288826982,6.717996466870608,3.4088529043669866,5.499999999999999,7.419183157248799,8.247431200872063,true,
1594,2d92e6a5,10,63.73618366161402,7.34653791009926,8.095729285099877,3.9142422089956166,4.999999999999999,6.967422157018632,6.498474213379149,true,
1595,d3654c5b,11,63.5886961025118,6.918629485126741,7.2261729139542545,2.4729494944829384,6.6,7.4714515841565685,7.3272972605158255,true,
1596,10ce46f6,10,62.502828806844626,7.102004069947516,6.766496393930677,3.6279695693022718,5.222222222222221,6.723682016320817,7.585591628459168,true,
1597,f46e2ab3,9,58.6360627256863,6.84025464285447,6.9999997318040785,1.930576687695029,6.874999999999999,6.445953331920331,5.904730117954511,true,
1598,c12970cd,13,66.63544185450576,7.465303033966348,7.827857761141474,3.714667170002772,5.416666666666666,7.926312113292003,7.386657793980829,true,
1599,d9ee1651,11,68.28240190149367,9.711129880581037,6.992554509507427,3.2929553990753853,5.1,6.99480163366585,7.8742386443676775,true,
1600,428094ac,10,53.74768587877783,4.791828704653568,6.5111451528741995,2.516222984805886,5.666666666666666,6.834838034040354,6.166423567241738,true,
1601,1f837bc9,12,61.436710984366165,7.21227108839402,6.454966592993803,2.6669351257087204,5.909090909090908,7.788303577691371,6.79817478009964,true,
1602,80f3776f,10,58.62045891272118,6.861706512778871,6.313128835624905,2.572399828552042,4.888888888888888,7.199875828362229,7.075994699993336,true,
1603,5f976eec,10,61.53534369205357,7.339803456367426,6.791047823870791,3.7704965649041884,5.777777777777779,7.159609503428723,5.968872695643925,true,
1604,fcda83c9,9,59.4472748707431,7.001834453913763,6.764679835546097,3.186214784199589,5.625,6.75842948243683,6.116643802783715,true,
1605,4f41c505,2,41.760580138795895,4.930743306247475,0,3.15274711905395,3,4.738645760462692,8.772801696452312,true,
1606,480ddd9d,7,59.421438813472506,6.926077225551159,6.498860098880491,3.560328228391739,5.333333333333333,7.256434889110162,6.0353100800138595,true,
1607,e2b1ba5e,10,53.6997551479865,4.686742820441171,6.687977300199819,3.68221463420647,4.555555555555555,6.621788087500306,6.114151533516015,true,
1608,9b41a33f,7,58.17665571191171,4.533271549833773,7.3139160853397245,4.926628922548116,5.833333333333332,6.079772201112389,6.324595126958317,true,
1609,6dffadc5,10,61.03680420265589,7.314343760216806,6.692763819682786,3.159725667863612,4.888888888888888,7.11451528579194,7.070962664172537,true,
1610,dc5c0d81,11,61.06716456856332,7.157787760875442,7.146151175935309,3.9098757447250043,5.099999999999999,7.162522216044842,5.9935205680605605,true,
1611,dca508ff,10,62.441432763037284,7.654297510115899,7.397022011845226,2.7581992443965704,4.555555555555555,6.564152054169387,7.734086069533148,true,
1612,8c4f56d5,8,55.107584642263845,4.84594802947197,5.946688793559127,3.1060613173001634,5.999999999999998,7.028399544116375,6.47782694436504,true,
1613,537c403e,5,49.524967412053414,2.3261171598641983,6.105808654738427,3.023947840615954,6.499999999999999,5.874084988454699,6.444767885612995,true,
1614,493b061a,10,68.23301016258135,9.559434144223607,6.485133509661439,3.8410140849642125,6.222222222222222,8.14279710282881,6.416099560038367,true,
1615,79992d2b,7,62.73030775907988,7.284715638630214,7.970997328657737,2.6989411261639695,5.833333333333332,6.166596344467783,7.023610460532547,true,
1616,2e169a8d,7,56.69469949862089,4.725494638195994,6.341696069653682,4.714655599547393,6.499999999999999,6.210133915362332,5.833182967969292,true,
1617,cb9e7e8e,7,59.71707730573942,7.292730218093118,6.4102257371660825,3.2963985589889204,5.333333333333333,6.174296183981697,6.794640751312594,true,
1618,86caa4b4,9,60.38532234567471,7.445040904272784,6.215517946711308,3.462960109794755,4.125,6.645685630741747,7.686447000256361,true,
1619,031b8b76,7,54.27522363057428,4.785808938844389,7.321253719655427,4.034884062462818,5.166666666666667,5.901372991702898,5.388361561853552,true,
1620,2c7e87d3,12,62.0526137218965,7.177913270205653,6.386119734202655,2.7259609838328895,5.2727272727272725,8.00701125743169,7.538278772515186,true,
1621,2ba0ee7f,11,67.42436186782666,7.313506234646939,7.019500680749779,4.302973463561008,5.3999999999999995,7.463901654814142,8.53726770826768,true,
1622,24e3ec53,11,62.10509939973366,7.533474402032368,7.3846746141215736,3.1399353049775764,5.2,7.207218693356652,6.459567036977884,true,
1623,bf5b0d82,10,60.41449780427682,7.483645520631101,6.685893534528644,3.2917083625663417,4.999999999999999,6.591097968450755,6.703446030850531,true,
1624,d90815a3,9,64.1541971643515,7.397523013169264,7.9358231498397975,3.3557780179711956,5.125,7.02685570621165,7.150367258996547,true,
1625,648830f1,12,61.79147869160266,7.320895734093138,6.760566964489277,3.1585253118364576,5.545454545454546,7.87090415934947,6.401978620524298,true,
1626,790de705,10,66.20818319560492,9.48001271442352,6.371961239936996,3.739827831206263,5.777777777777777,6.735342340841159,6.866223962771159,true,
1627,3ed458cf,9,62.34902625554035,7.291618003437191,6.348280917220743,3.4952065691824967,6.25,6.279460892959342,7.282211060750226,true,
1628,6f44a04f,6,66.0445783961953,7.608432580246013,8.037097374076335,3.8268550096503273,5.799999999999999,5.465471091897431,7.88389717718339,true,
1629,bccbe7fb,13,61.612778019715435,7.588517062614138,6.434527181610759,2.9953042946269908,5.416666666666666,8.15887148276313,6.392348587825708,true,
1630,3a6f367f,10,63.670614613958165,7.0474212926864155,7.037386707461055,3.934670726089006,6.8888888888888875,6.866739438397444,6.336622175790929,true,
1631,d068375f,10,57.06944038208831,4.834694376848795,7.287692058443055,2.717977889971602,5.333333333333332,8.026612248698886,6.474477158315787,true,
1632,c731facf,8,58.99429755732789,7.49431901102518,5.580948140392513,3.303110548900923,5.428571428571428,5.997005364697434,7.0187960125449855,true,
1633,c471aa19,11,63.19915781063568,7.345335983464282,6.73705471306936,4.252716069079072,6.099999999999999,6.5642628573331745,6.60543485308208,true,
1634,0a2c686f,13,68.00046543640887,7.071382331074588,9.26120287518608,3.4182588230657616,6.749999999999999,8.024965033675901,6.296507074530767,true,
1635,a9617585,9,61.542877817376,6.650228263267365,7.185248119045568,3.796238620279953,5.125,6.694006710482979,7.112992016595661,true,
1636,53d8dcc8,11,56.38722254207302,4.94409417106259,6.503297773875865,3.5309264578282935,6.099999999999999,6.935018170094773,6.142944247543314,true,
1637,7d351e6d,7,65.28589967552973,7.421854045080661,7.386359913189081,3.767557686254556,5.833333333333334,6.369183064161231,7.750332508751204,true,
1638,7d032613,7,62.85919337484874,7.433281751275245,5.483585347429469,2.883186249351756,7.166666666666667,6.537517232187907,7.849503983861531,true,
1639,2de059ef,9,61.912648061354076,6.9500881020772525,6.480590416584598,3.262362027311425,7.374999999999999,6.159405382462404,6.670443897207439,true,
1640,97611364,10,64.41361073750294,7.387775162763001,6.892525554926138,3.5171738485371318,5.666666666666666,6.862796156356604,7.825621509380294,true,
1641,fc2d5d3c,8,64.21562130515403,6.956101212363048,7.951077280462858,3.6031662673878144,5.428571428571428,6.2433420412435865,7.679761134434129,true,
1642,f8121374,10,60.93375656205295,7.362809493274252,7.680767858658317,2.31586465153303,5.777777777777777,6.758746706757697,6.263268038258271,true,
1643,b8a59114,10,60.19527661067571,7.3692538826121945,6.289410818104331,3.0817886148361135,5.333333333333333,7.803164403253977,6.2321948974847245,true,
1644,627e6890,9,64.09457778732276,7.316293179117589,8.88965416695567,3.331295242962813,4.874999999999999,6.1812242013032925,7.052932893822596,true,
1645,1f5ab301,9,57.23312292831984,7.2899918567688164,6.1060298243326,2.6354052991881614,5.499999999999999,6.160052779113375,6.212407219656005,true,
1646,50d02d3c,11,62.026020646576335,7.077933080716753,8.286835649392744,3.7152885268972224,5.3999999999999995,6.804207644486075,5.654915526219498,true,
1647,bb8cecb1,9,65.74376330275217,7.142149499921918,8.920105548790106,3.506335118035432,4.874999999999999,6.589086859697634,7.6703862603117345,true,
1648,d8928bd6,7,57.122854955882296,4.683662924148957,7.716435828165105,3.0476584206885295,5.666666666666666,5.844974568261355,7.092485085195747,true,
1649,05218e37,11,62.579868953322624,7.385812635175398,6.257447197947155,2.72703484314234,5.799999999999999,7.315926824453442,7.738142520155307,true,
1650,fb3260e9,7,53.65886930084338,4.755896630202701,5.62354197374152,2.7005104361376966,6,6.720583413242476,6.652201944206297,true,
1651,d1c57298,6,59.206182428800375,7.048990176323509,6.061874974352734,3.9960656925007068,5.199999999999999,6.630674885322834,6.340164290489424,true,
1652,831b5f3a,10,52.92505098153807,4.708009666832054,6.507306479980878,2.540628532341298,5.666666666666666,6.815941977219063,5.816707347104963,true,
1653,b4507fdc,9,53.5644424857701,4.730259808289749,6.523251436520395,3.6259940661434857,5.499999999999999,7.487727817306481,4.908003366766605,true,
1654,f28b3307,5,54.178249891576485,4.408317820147059,6.045910242614959,3.6059799303006224,7.5,5.352097727616409,5.80888981734461,true,
1655,55a38060,11,58.739973602717455,7.2430880606295815,6.265738840364697,3.604490914493365,4.3999999999999995,7.2813031189563215,6.24774650677098,true,
1656,719f54cf,11,56.60271040026239,4.960823819386476,6.459049443597536,3.203534310149928,5.8,7.0541417175377354,6.717973055646688,true,
1657,8d161e29,9,64.34306694891553,7.205802615811951,7.389071991661482,4.095439175232159,5.125,7.0045992626420395,7.360742282504771,true,
1658,79487621,9,57.37200880248417,7.0722030951295585,6.08196285507396,3.093886780746311,5.125000000000001,6.705860864232732,6.102798729904496,true,
1659,80f20675,11,64.04716830429473,7.139947533442627,8.03810706037708,3.4825739881575615,5.1,7.840895361854836,6.6670987965541215,true,
1660,5c5f5cb4,12,63.64179139148865,7.541487523406786,6.94307906508843,3.571289657253868,5.727272727272727,7.83098011302077,6.504802815460896,true,
1661,7caeeb9f,7,64.0545475554319,9.362294716509052,5.37347264472361,3.380251057891316,6,5.9842171798683,7.404339501812224,true,
1662,f6961d9f,12,63.18884532999185,7.302732918893875,6.288560023321157,3.437592330514491,6.09090909090909,6.99938951477969,7.488522456475563,true,
1663,cb44c7d9,7,60.09658943508444,6.923191597798129,6.698291228110648,4.719169103301087,5.333333333333333,6.0199260921238,6.0098421858203785,true,
1664,0de3fa06,10,65.67235073120587,7.461795191612372,7.294200615737903,3.1457432262071863,6.111111111111112,7.330952168187271,7.69589516275263,true,
1665,3a7a9316,11,61.3362081504642,7.168669084528659,6.929883892663388,2.505187843943537,5.499999999999999,7.328543594584396,7.090803216211501,true,
1666,d8ff3f06,11,63.44435206681734,7.419141192668731,6.935811643886859,2.8789243767189276,5.8,7.371175280169592,7.35258914922618,true,
1667,e2f3f96b,12,63.524656358637216,7.485744264414573,6.674496159884271,3.2289743594230242,6.181818181818182,8.194417821063752,6.456151109966195,true,
1668,0252a083,10,59.409914972535674,7.248389136108078,6.536985076053744,2.8852455697541237,4.888888888888889,6.386810748720103,7.122454957904589,true,
1669,f308c1cf,10,57.96999869610411,6.658053845937444,6.69543891033762,3.179639606883041,4.666666666666666,7.421923510287883,6.10966809592799,true,
1670,d65613fe,11,67.73947862751234,9.617272847733208,7.362488525047621,2.8143629293275416,6.2,6.7454847223871734,7.0288901227218625,true,
1671,16de4a45,11,61.17651989581127,7.317919066351801,6.500329333632171,3.9009442193945865,5.8,6.307263026359443,6.489401357845839,true,
1672,66d2759d,11,56.65828163137756,4.831660868497609,6.3209575809516405,4.38441473999631,5.799999999999999,7.274151715952634,5.880626634490596,true,
1673,7961dec0,10,55.71820064839946,4.723748825392758,6.580654428378781,4.216921712258431,5.666666666666666,7.480796996686861,5.369207310997058,true,
1674,d2d4908a,8,62.44469930348173,7.408800089598245,7.079146489564718,3.0014417880587203,5.857142857142856,7.6078404978533225,6.403792473177113,true,
1675,188edb95,9,60.89314023640652,6.987493494156362,5.655413920528084,4.064140102686502,5.999999999999998,6.5929498531762345,7.012760106859659,true,
1676,27b7621a,8,55.6709728211908,4.684573179110553,6.6930732564160085,3.2348364145643838,5.999999999999998,6.702660516521421,6.334401956995878,true,
1677,631d096a,9,63.965947501604646,7.120864263651723,6.924087598775496,3.380391834691611,6.499999999999999,6.866618758035811,7.295943079660927,true,
1678,7abf6a40,10,61.13676976116474,7.400950477815928,6.204268617360763,2.894678514939613,5.333333333333332,6.965616518481209,7.4615578148435215,true,
1679,0b266c3a,9,61.544199799119774,7.3124980535577615,6.488511587009915,3.0336312388244497,5.25,6.9752054403488035,7.4425401709730075,true,
1680,5a9166d6,8,63.90178101390255,7.375750647106645,6.791245957473359,4.025630309714766,5.428571428571428,6.33811203520324,7.75601942925924,true,
1681,6132c7b5,11,66.4606943395958,7.361460310454104,6.310213169605076,4.509414588584749,6.2,7.672227550822274,7.714554531934806,true,
1682,ce2c9d29,10,61.55937330476657,7.266441247276892,6.853457168905075,4.028405957826954,4.555555555555555,7.470152526255131,6.551211583590012,true,
1683,6b4fb169,8,63.38804495491285,7.40078566431367,7.181953220600154,3.902297097690891,5.999999999999998,6.952463130046235,6.353856166760174,true,
1684,ead897d4,12,59.2969778358383,4.795888367940482,7.746052547915778,4.43528833820763,4.909090909090908,8.246733696123567,6.003225459785309,true,
1685,788aa26b,7,51.638953466040746,4.49138074725045,5.582253523349217,2.780281453484811,4.833333333333332,6.988652718813157,6.5912116007156705,true,
1686,705c1eef,9,59.312757550371714,6.930008898569407,6.069494688434328,3.989657655525564,5.25,6.997817463543232,6.248324267872805,true,
1687,94abaa96,12,65.86858570288967,7.3413823884101586,7.796644806369158,3.950643095554094,6.454545454545454,7.206797654384962,6.579397870862204,true,
1688,d828f837,10,70.67195151124025,9.53241990305438,7.8402556309257,3.005608661016543,5.777777777777777,7.324790080398582,8.015401551944105,true,
1689,cc46dbac,7,61.7099368090104,7.205960989119239,6.769229041702423,3.584362790786235,5.333333333333333,6.079287435690349,7.412251140853238,true,
1690,57d52db7,6,57.472398954460516,4.685825017709855,9.17075697685265,3.72217095519097,4.3999999999999995,5.739979429485539,6.394703956325182,true,
1691,18c8e025,13,55.90316329645714,4.675687230448576,6.2880641449397725,2.9309944052283505,6.499999999999999,6.978339302752984,6.536671138420766,true,
1692,b5aaf9b3,6,56.15106678146182,4.911207014290396,5.743813738972568,3.5151541856268587,7.000000000000001,5.669628338108609,6.874730168419528,true,
1693,e1aac058,9,60.3199891470957,7.170590103855437,6.548340249939136,2.5333776600319635,5.75,6.732902211375537,7.070478726206631,true,
1694,057ab866,9,64.11953325237683,7.400423118303604,7.290425998271391,4.425619401716419,6.125,6.001659772639123,6.697598657351526,true,
1695,25adf0e4,13,64.9860957101457,7.428530571668542,7.0762942353873575,3.8566994065800304,5.666666666666666,7.334548396618386,7.326067271916452,true,
1696,1d275abe,9,63.758932538786965,7.106800125792971,6.567901936848832,4.282690514767849,6.875,6.411849625330372,6.770570750972695,true,
1697,28af99cb,9,53.926675218818154,4.595407407908898,5.993574353347546,2.542209227555507,6.124999999999999,7.001399129591828,6.468796235460934,true,
1698,985fb693,11,60.57965208926029,7.241591891370098,7.066186469164087,2.641568691682878,5.299999999999999,7.4232318056681965,6.469970836068583,true,
1699,f88acc53,11,63.82661940933786,7.502374298308454,7.029073118466173,3.269360760594383,5.3999999999999995,7.245446995685018,7.444223993530948,true,
1700,ab062faf,10,61.38527289508545,7.333755980693316,7.128361157686566,3.353782832967665,5.666666666666668,7.512300977634246,5.792577444186124,true,
1701,1924e075,10,61.29373883143465,6.988183006698887,6.8991701826228855,2.7621319935784396,5.333333333333333,7.92690506158638,6.824825908256068,true,
1702,c7004c17,9,54.63720936859044,4.721047457232858,6.921000437971132,3.4605601188539574,5.125,6.665211567064987,6.060349260595983,true,
1703,57a414f5,7,55.862185125921314,4.695420442157249,6.8637214007053515,3.451312574831199,6.999999999999998,5.968770997175533,5.753694949471907,true,
1704,8d009ce5,9,58.446432826875174,4.818357835268192,8.435765819804065,2.9500612922065876,5.125,7.12448520193257,6.667557037285185,true,
1705,b6c76d66,12,63.34192751671711,7.451295547685638,7.1171399413710645,3.6029089383865442,5.454545454545454,6.582778612081133,7.254040899549416,true,
1706,68c00e73,10,65.93054798474608,7.194126357615685,7.575378309112385,4.878968894442255,7.333333333333333,6.638218556506441,5.860211481156357,true,
1707,c3b991f0,9,58.462054431763804,7.262264646098432,6.938065460408802,3.3277991590001186,5.125000000000001,6.116868245893539,5.840414084925607,true,
1708,ddd75764,11,65.56655656697656,7.32906964904625,6.960138072687378,3.9057034888205244,6.1,7.749136015067136,7.201094704133356,true,
1709,122d5106,12,61.419729483831425,6.896946149422367,6.38216275439818,2.9819523835229007,6.545454545454544,7.64539101761283,6.51272072321901,true,
1710,f9377a63,14,59.758150040333774,4.850580360029389,6.911217552328323,3.8573247170982685,5.692307692307692,8.274389439017485,6.830183849181193,true,
1711,1976ef70,10,56.36272949166768,4.925513177789537,6.613498565759059,3.4792217376491377,5.888888888888889,8.059702704207252,5.545091767948231,true,
1712,6f673d9c,11,65.15437872161667,7.446546910989885,7.387025377662391,3.4989996937762995,6.499999999999999,6.773330112309095,7.099075565806104,true,
1713,8332fd00,6,59.37478204813844,7.35060363851657,5.767811738809252,3.1790495428451013,5,6.201054825300165,7.507246622282261,true,
1714,8e4be3a4,9,64.68109766764579,7.036002385784318,8.442783055246872,3.7942930654919214,5.499999999999999,6.738536216070801,6.844721596084598,true,
1715,a07a420e,11,63.80686431930855,7.290835946234473,6.078706316145366,3.4692715600808888,5.6,7.2070617852945915,8.25484864173422,true,
1716,0bfb1c4d,7,67.67893706322191,9.454173940202864,7.1524613033653575,2.962357147621304,6,6.077931511028867,7.8225629406999,true,
1717,b68ab53e,9,62.21291219108558,7.214515497529671,7.764327403947861,4.294637510021725,5.125000000000001,6.09836189552249,6.279546093820178,true,
1718,f3143471,8,62.26205402228216,7.5670074635872755,6.0310829470174365,3.2342914277896875,6.571428571428571,6.319226169528287,7.187899602861011,true,
1719,24c8a730,7,61.78184494831065,7.100976875528892,5.64005221074988,3.9860194536304623,6.999999999999998,6.865253461852248,6.479927335721918,true,
1720,89a664ec,9,56.58683588920505,4.826162263481348,7.252169422536262,3.047000796984013,5.249999999999999,7.263716680921123,6.533655320735429,true,
1721,87548808,8,62.15519895570503,7.594435455504534,5.960786380972965,2.884448267085635,6,6.881423211267352,7.560046041098312,true,
1722,825606ad,12,61.79655968330759,7.261700503795771,7.014319413969039,3.229210054808087,4.999999999999999,6.549000855072546,7.432550850943043,true,
1723,d88e7d60,10,60.84508500861483,7.272594421788828,6.434262175628062,3.201016666372094,5.444444444444444,7.268989509974597,6.687970265302702,true,
1724,3cb9315a,9,61.10930113815442,7.213570100618082,5.841828705055559,4.152365057920675,6.499999999999999,6.448967846072559,6.333854610451633,true,
1725,715e07d6,10,64.86462538060165,7.478215587151107,7.051156305293909,3.448718233516465,5.777777777777779,6.85119506749188,7.794769966045864,true,
1726,56236a6e,7,50.49322911618917,4.4702547835486826,5.8193524674841015,2.531462623438449,5.833333333333334,5.8592049433095585,5.919209988498649,true,
1727,210b2213,10,55.97638381269491,4.642256538648397,6.949636902476265,2.488056512446951,6.888888888888889,6.348591831002685,6.447363347625875,true,
1728,eca2bc35,14,57.54322141593944,4.793526879375751,6.69041686321647,3.5263655846725865,5.769230769230768,8.750426002315947,5.850986848050987,true,
1729,3f72d963,9,58.04743577242982,5.025611790915517,8.241602488034768,3.414697345378128,5.25,6.528544895903609,6.309767412866774,true,
1730,d0c75e0c,9,58.28445390637829,7.05934849697241,6.3097641695588464,3.6927998428066875,4.874999999999999,6.5266780353928855,6.186941061192311,true,
1731,14af19ec,11,55.26578843619789,5.0252277090881385,6.344693532819122,2.7243179967007074,6.1,7.633740905246544,5.855519356805376,true,
1732,9674ec7d,8,60.11978422431672,7.193041364845005,7.437834177759375,3.3287450014807884,5.428571428571428,6.817353903118217,5.629434813521881,true,
1733,345fc69c,7,55.19699287584584,4.744847939727281,7.348672489175897,3.362231720753794,4.833333333333333,6.331503332615614,6.448585138699924,true,
1734,afb4220d,13,59.601021792310476,6.939999159299754,6.852324577691089,2.9951079507085425,5.249999999999999,7.33160888155532,6.27459781835103,true,
1735,704616f5,8,54.29771659783357,4.854398725005547,5.886342845291008,3.87235947080379,6.428571428571427,6.346750041295893,5.546720884526521,true,
1736,1b9858b2,12,54.128202777542114,4.819536683953269,6.850827775421893,3.164630752895031,4.909090909090908,8.107644211457126,5.263905679925895,true,
1737,32812e86,10,63.87307262051923,7.109885585145119,6.5098325937111925,4.030721654371623,5.777777777777777,7.2361092343835605,7.440237045593323,true,
1738,203424f9,12,61.795082187067685,7.001979766282533,6.9994516204728106,4.0320905370847155,5.818181818181819,7.262640825575346,5.946485873869932,true,
1739,30aea8f5,10,55.841706578387765,4.941330881134125,6.91987964166849,3.2841993997735734,5.777777777777777,7.164462249396589,5.781326871334707,true,
1740,1dfd2e71,7,57.20556937447544,7.155151820184618,6.713119429098783,2.7446124218735775,5.333333333333333,6.080856366397799,5.854338551080689,true,
1741,54147cbd,9,68.88125117388837,9.527256331886235,7.040487547388549,3.6907897426489673,6,6.923825116531367,7.3368458930213265,true,
1742,a41f7542,8,60.55064770081958,7.399360236833909,5.7252734283882045,3.2261391256157643,5.428571428571428,6.374294644921137,7.627685125423824,true,
1743,be834698,8,61.79343955152318,7.497859834112835,6.842600135231047,3.4137269748669765,5.428571428571428,6.477047197361445,6.896717210738723,true,
1744,e1e1b13a,7,60.09949264524788,7.316355371748491,6.01311388323238,3.3543395803917697,5.833333333333334,5.913114424498789,7.068682249424853,true,
1745,432da35f,9,61.31961497314779,7.2049190756823664,6.261100813611302,3.1153822855749453,6,6.902657286873815,7.03789208216538,true,
1746,0dec45b4,11,63.21637879956499,7.063084056330004,7.90132742296331,3.365085314691884,5,7.6468796187256896,6.740752252417467,true,
1747,4fd3166b,9,63.15277389012793,7.100993945459786,6.135673662741251,3.4011534225001028,6.124999999999999,7.305912852958936,7.636911845643803,true,
1748,ec1fd2c0,11,59.60156625017202,4.930987843286914,7.7644943531782555,3.0741117556372513,5.799999999999999,6.935948482274927,7.274623021119908,true,
1749,4b55082f,8,53.91486813889309,4.678671768614619,6.043642739248686,3.0984218672064157,5.999999999999998,6.187228570588008,6.472009683568605,true,
1750,2d4266db,6,54.170265187130425,4.550807906587484,6.37223314750244,3.57041623983783,5,6.237956120432523,6.789692831679743,true,
1751,d64748ea,10,60.96643287144565,7.3082519288542045,7.0266514474460005,2.684500544904805,4.888888888888888,6.089976087359961,7.771289946484979,true,
1752,eb39abbd,11,57.42232394944993,4.750202872136195,6.7852539739736315,3.4753845572531876,5.699999999999999,7.5237590040261955,6.615439450309724,true,
1753,645184a4,10,64.32305330108638,7.309350413081546,6.010260607154041,3.2194862879045174,7.333333333333333,8.163325245719484,6.809850013966003,true,
1754,64ff0d54,10,61.27275754095511,6.964454519538805,6.205564104065656,3.82420521312399,6.111111111111111,7.987749676658681,5.949020260475713,true,
1755,f479f1b2,11,58.92754921612213,4.630972173802375,7.655998354050678,3.641319512980523,6.6,6.816895110011103,6.304432883391582,true,
1756,b664c59d,13,60.291293901855916,7.555763771351705,6.18983969745158,2.8501891954374696,5.583333333333332,7.6893484046394684,6.250281108143339,true,
1757,ea32186c,10,61.36879118743758,6.956834624708446,6.825290784836528,3.5018644430844055,6,6.333678990676761,6.824316119772515,true,
1758,1e30acb1,11,59.18630683372649,7.312503261466344,6.828421878439252,2.57923631031378,5.499999999999999,6.891978447168096,6.117362471841787,true,
1759,b5d912ee,11,62.801885099979785,7.442989633833142,6.517962647120715,4.001300391109809,5.799999999999999,7.224984082054879,6.532374496449826,true,
1760,e4c51730,8,62.10353040099173,7.317246257882827,6.773485602550803,3.9036405817278035,6.142857142857142,6.161642917107292,6.538253502660879,true,
1761,9dfb122b,12,61.84646331755172,7.221926848769278,6.46358161000041,3.129751749960015,5.545454545454546,7.792830050645364,6.889990549010604,true,
1762,23f438f8,10,63.048335132259446,7.476084210309769,6.459651364089162,5.054396349427058,5.777777777777777,7.043865260396238,5.927607956870517,true,
1763,441c1301,11,62.45608609365975,7.169622632271795,7.146927012844273,3.6882007939429022,5.3999999999999995,7.209368032448096,6.631583840394798,true,
1764,6a45a555,13,63.223194707812894,7.6129026445394254,6.513452546379011,3.740065975620085,5.249999999999999,7.320722805706335,7.1732641617958395,true,
1765,0d3b7557,9,65.08170121592885,7.377528834775334,7.597140297952498,3.11302417508581,6,6.681994841898103,7.711872905078247,true,
1766,4d71533e,10,57.655895957663134,4.771917222617341,8.372044179238634,3.0914697027560005,6.111111111111112,6.668200039979875,5.751328289866731,true,
1767,60078d0f,8,61.52626903914552,7.353974951830342,6.816961496811918,3.184594089623688,6.428571428571429,6.426878454451664,6.367014005066497,true,
1768,ffbe9918,13,65.1386021873017,7.3479581353060635,7.612114187771432,4.109066322304493,5.416666666666666,7.662382349849969,6.76132391747044,true,
1769,c9601351,8,59.06843504083373,7.312488049608106,5.618472563924568,3.8687218149807525,5.428571428571428,6.194315357955263,6.612746236937179,true,
1770,b517d6b5,9,58.31495106475296,5.06831138922589,6.4891795423358225,2.8573360584761214,6.124999999999999,6.498797054567079,7.863163658449692,true,
1771,4f24776c,9,61.98045062858288,7.210956382583844,6.5966312935190965,4.03402940209448,5.999999999999998,6.822609232491715,6.338433375126103,true,
1772,5d8767e5,6,57.12129289765396,7.223219205514593,5.30330623097816,3.263207965119801,5.799999999999999,5.905721144923585,6.379423764612684,true,
1773,e2867a41,10,65.7133679429547,9.550172960303978,7.218414589256548,3.9524529871146044,5.333333333333332,6.610347261365223,5.980807509822807,true,
1774,9afd0e30,10,61.416700186957,7.015149607149929,6.317503501985168,3.9773435879330368,4.8888888888888875,7.080751485603931,7.274163059122604,true,
1775,3ad8ea82,11,62.866668027012665,7.108255553681273,6.320527498460277,3.5014857428500528,5.8999999999999995,7.078042076056809,7.540620917154406,true,
1776,8c9a3ce9,8,59.05655081535575,4.835595267800852,6.502989008055628,3.663251516895791,5.999999999999998,7.29976314243932,7.399506245943934,true,
1777,1682d1c2,8,57.099069279732504,4.848034459261335,7.667609915069862,3.0182329241045838,5.142857142857142,6.058367403471933,7.2567385458235325,true,
1778,9829b2ee,10,61.022287619322526,7.042117968619051,7.526862904245259,3.0414676269889465,5.666666666666666,6.470671786457801,6.451865319742779,true,
1779,59157dec,8,63.16305331793658,7.198440768150016,6.637873129402973,3.6139488565723634,5.999999999999998,6.511183565863741,7.485400894294175,true,
1780,3b3296b7,9,65.26374876204233,7.443263379347581,6.639377003877407,4.430433935486563,5.75,7.0359346989437235,7.5102776109773,true,
1781,287ee223,7,55.71830858548178,4.949140399897104,6.042818707923754,4.0667531636586345,5.833333333333332,6.172403002849302,6.462771287448339,true,
1782,c09838b6,11,56.912959602921035,4.81797919807476,7.524065437479254,3.6632924812703203,5.1,7.2295158476073675,6.077366543235529,true,
1783,2e53c11d,12,58.36120815075134,6.853917512877243,6.525645567532032,2.8902406746155127,4.909090909090908,8.13827839638054,5.870134518295453,true,
1784,8dd2e922,11,59.30934439542857,5.065876905959235,7.451009906427894,3.1015515756679384,6.399999999999999,7.00376159356618,6.736198062416724,true,
1785,dc732157,10,53.75478853029829,4.6951703308425685,6.722160030588483,3.6536163716120424,5.777777777777777,7.621360309787233,4.529723463454356,true,
1786,cab6c654,8,60.67513303481352,4.739610794332558,8.496937078459288,3.5394759896500827,6.571428571428571,6.904065049726253,6.366443265614309,true,
1787,0dc536d0,12,66.5814780173929,7.38878454182169,7.326065654266049,3.5137445993969476,5.909090909090909,7.059281117777794,8.24222404845568,true,
1788,b057ab11,11,64.18223389198991,7.376747495315755,6.481624390380597,4.127037561801235,6.5,7.076943702636339,6.798011819277764,true,
1789,e7267a88,10,67.18803298620416,9.416665653512934,7.036511274455099,2.736368578547738,6.444444444444444,6.679673443771601,7.172903610679027,true,
1790,18f79b02,12,60.90400423163249,7.153827706912819,7.0126714957703475,2.8209300175158916,5.2727272727272725,7.571596316335992,6.56055032036879,true,
1791,a34beb4a,11,63.90583947350633,6.952445690301455,7.279675706674608,3.693857823375191,5.499999999999999,8.185180464343286,6.797443550672035,true,
1792,e74f6bf5,12,63.15108451931252,7.445953049073121,6.825917286208044,3.0730529132648954,5.999999999999998,7.841533048333995,6.655685782509039,true,
1793,7eb80af6,8,59.882703289169264,7.007352091418711,6.83518312016889,3.2322222723109513,5.571428571428571,7.403425440468443,5.869400246644909,true,
1794,1deffb52,9,57.92485015760025,6.849295217941299,6.14880440377119,3.1711518451848737,5.249999999999999,6.078657616071372,6.797463001762131,true,
1795,a2f3347f,9,61.310132893857386,7.369924836041405,7.459554589893941,3.529351826590172,4.874999999999999,6.074288882889917,6.786565988396478,true,
1796,1abd99ac,8,63.390454570431984,7.559368990080252,6.367534329325157,3.421966610133934,5.428571428571428,7.3818747473276245,7.544158621906113,true,
1797,b4546835,10,62.45700890615991,7.249128610301493,6.508605181690435,3.9361271936352726,6.111111111111111,6.94288027647152,6.5512293948764295,true,
1798,5915301d,6,64.76174397505311,7.401060323511933,6.819887658393355,5.074408463565657,7.199999999999999,6.515036078003684,5.7614361619009085,true,
1799,09157ae8,11,70.42139612558478,10,7.259381002340647,4.162989800520589,5.3999999999999995,7.093043162406606,7.411618339816183,true,
1800,d6b95f98,8,59.225339034368616,7.317717205635474,6.089913277884292,2.6648016276195317,5,5.997886544411488,7.7194285607478434,true,
1801,3c1d4c9f,9,63.2535859299506,7.304187947152147,6.684929789874135,3.431775642964667,5.624999999999999,6.377504760865138,7.911047195837492,true,
1802,754e0e44,9,60.004717471331844,7.053889053580935,7.441903590199723,2.728351263951452,5.624999999999999,6.236538369846327,6.428844650353978,true,
1803,e145e6eb,12,64.6134509759631,7.558750918983831,7.099544152308888,3.897919394842259,5.818181818181817,7.080411016475274,6.977017202657255,true,
1804,958b4a49,7,56.90875089245872,7.133638723568815,6.209669363639644,3.4150314009278926,4.666666666666666,6.1798524721554635,6.096944938262395,true,
1805,90007912,8,56.19179478808773,4.543830314061604,6.788217265457422,2.860343660449276,6.571428571428571,6.783062118348115,6.479987276979854,true,
1806,ca1e9ba2,10,59.51787498934727,7.429571420994061,5.980289879453043,2.9300998001166865,5.444444444444444,7.030614914043014,6.632971642441415,true,
1807,26277905,6,58.37070787926551,7.302138696432881,5.717974675452941,3.290719948706219,5.199999999999999,6.521487420005485,6.6227048677094364,true,
1808,0521c9cc,5,51.29183567790277,4.6028410630076735,5.290809853769068,2.4583677289782613,6.499999999999999,5.5234687447973165,6.44797102893742,true,
1809,e53d1368,10,66.74183118284681,9.48204268685729,6.802515099168284,3.0643029747776747,5.777777777777777,7.424746605333681,6.870511198904182,true,
1810,4040547e,12,63.64169638947701,7.492668102432709,6.653614654381256,3.2242406682482847,5.181818181818181,7.443867899375216,7.797736834500284,true,
1811,6a7caa5a,8,65.73869268693953,7.369515338500109,8.339632734241656,3.2576867993953003,5.999999999999998,7.1083543027635905,6.971578445239757,true,
1812,5d552c9a,8,59.150744437964335,7.314396008841814,7.125830740742677,3.5466427071982003,4.428571428571428,6.639349313782004,6.0056591768585355,true,
1813,d2d614cb,12,61.04924769779381,7.1304796722530055,7.312099726511131,2.8833499950138424,5.181818181818181,7.612587893575315,6.371219004488408,true,
1814,fcd59413,11,59.493978476249005,7.010733532562342,7.051648571382333,3.0911296365059187,4.699999999999999,8.02218037964127,5.872168478240594,true,
1815,61826f4b,9,64.28040923406427,7.347488484375448,7.759431009348188,3.9376276396705614,4.875,7.132196146364269,7.077429920724526,true,
1816,f84ad6c5,8,58.75010895903338,7.1411185400962,5.239455220304584,3.104806518544852,5.999999999999998,6.467216036711687,7.004475162403656,true,
1817,da047720,11,62.93407927569142,6.949586292736957,7.3264050560730425,3.0176804002422344,5.799999999999999,7.274332825535669,7.152573451713495,true,
1818,f0612907,11,54.75800846774675,4.663133148791098,6.505181351646409,2.83265923484001,5.8,7.41680744831528,6.099995801830872,true,
1819,e6157572,13,70.6829124030436,9.582567097447741,7.242240221007682,3.9637453202429476,5.916666666666666,7.694612646539454,7.384851643209592,true,
1820,7cb45ff5,11,64.79436147669966,7.154793948086397,6.944067189372876,3.6090056791765512,5.699999999999999,7.490241967585898,7.722501679931647,true,
1821,1c879fd7,13,62.90804972181567,7.2728815710124834,7.001392049580074,2.929964431092687,5.75,7.501412088252617,7.076391207839546,true,
1822,fa78b02e,11,65.79530748137479,7.522378439575356,7.153350905389086,3.8659154895375423,6.799999999999999,6.637393137227611,7.117990749784486,true,
1823,0bf858d6,9,65.70528518818548,7.41886274264287,8.477576880390094,3.584217931461879,6.124999999999999,7.484432319269487,6.160186234071146,true,
1824,50bff580,8,64.18760165877887,7.087936197222508,7.241870893296363,3.5657943212414644,7,6.451476280515923,6.857536424102609,true,
1825,cb17c419,11,62.88206259945287,7.060695302111968,6.855070392891731,3.6921180179360484,5.8,7.244258048678989,6.90581410574282,true,
1826,4e9a0ea2,11,62.74172307058706,7.181647831114949,6.607267114492843,3.555971746542254,6,6.582467793384463,7.314121292495297,true,
1827,4787ce70,8,67.39019150980215,9.370332242501627,6.523929761838446,3.28504969585841,7,6.624111118187091,6.948126630679862,true,
1828,d62586ec,8,61.969865592440776,7.3512248794005774,7.4016248700081,4.095314351239771,4.428571428571428,7.016222433769769,6.48929686434766,true,
1829,58efc900,10,56.52244592538917,4.729359811204282,7.751857697856806,2.708395848073037,6.111111111111112,7.274062367602507,5.72705662217464,true,
1830,cecc76e3,7,61.915503500437424,4.71931884207544,8.875526409422084,3.706693285355892,6.5,6.170140312507113,7.061074025130967,true,
1831,3bd0acf7,13,62.30600925953874,7.2561002082661386,6.9021253897032135,3.2090537381443194,5.249999999999999,7.793976690233442,6.846171122226126,true,
1832,47bc10fb,11,61.38705884790773,7.046981129089767,6.43238473942484,3.5099010434113764,5.499999999999999,7.740677602931289,6.61060487673039,true,
1833,fb2f0b90,12,59.42444691331433,7.454891777016554,6.223528044808007,3.075402393790325,5.545454545454546,6.902815662995675,6.205320228834557,true,
1834,f28d5952,11,61.327282194557085,7.464199215183127,6.57248880856077,3.7862086116320257,5.499999999999999,6.792124881904773,6.3736422483602535,true,
1835,d1d58d62,12,64.40599885297932,7.321778980447848,7.5305673044832915,3.079978040846607,5.818181818181818,8.427467513141469,6.5469584924298125,true,
1836,faa50f2d,8,53.73094514442427,4.940778265218202,6.016326286724878,2.1397563674176485,4.999999999999999,6.239444981636442,7.688977437921637,true,
1837,2666f954,9,54.00515311900645,4.9735281708275405,6.653956656678561,3.195523227254847,4.75,6.970778357701469,6.04115979077918,true,
1838,6b94b2c3,8,56.43543838332648,4.602651190505183,6.172445194398123,4.691565653907336,6,7.397027429273531,5.65094562685238,true,
1839,69445bf3,9,63.027398565637014,7.057504084147091,6.3931937926425375,4.392322097037694,6.124999999999999,6.956964599654208,6.758457208284687,true,
1840,c7e576a9,12,62.19612190768886,7.2002940594288605,7.632870982859537,3.1269427525738838,5.818181818181818,6.834189051207204,6.38155685623389,true,
1841,452c33a6,10,62.24940436011627,7.05280046030074,7.334161945293496,4.5252402527227344,4.222222222222222,7.413998481161036,6.564103169949227,true,
1842,4e5e6323,10,57.364357226310794,4.703622671247411,6.649340363914899,3.46437044479963,6.888888888888889,7.022939713213217,6.149708172579239,true,
1843,5c7a0932,10,66.65327002123868,7.490647420114817,8.637465637767278,4.01809279160811,6.444444444444444,7.675145888608958,5.694077280767139,true,
1844,6aa503ef,10,54.138592276198914,4.922008117282624,6.636207217583547,3.4262188444435338,5.333333333333333,6.864809710517286,5.594569076975201,true,
1845,5bf8ab55,12,60.901696473015946,7.1519100056005325,6.507013097454651,2.668565083974965,5.2727272727272725,7.941735831994797,6.934934128711524,true,
1846,367d60b6,10,61.26504210010392,7.191027109078151,6.073532332976577,3.1077051281346626,5.222222222222221,6.952358587535038,7.790598862736283,true,
1847,bd17a30e,9,63.423570027030635,7.458698777786898,6.0746716865314285,3.953491932887061,6,6.4154818345483,7.656630600854218,true,
1848,43f999ed,10,58.93033173982438,6.984488794201605,6.234758275827308,2.972044359574431,5.222222222222221,7.245848219300228,6.555351096378591,true,
1849,ff94e36b,13,61.423655935183575,7.148510601342495,7.017936339394347,3.9407702362927375,5.75,6.582767675197877,6.139366175412066,true,
1850,9606aa36,12,57.98961008945326,7.075566683561368,6.390980752196587,2.7421627267633606,5.909090909090909,6.703203654607619,5.810405398099883,true,
1851,308d6983,11,65.34222880501119,9.602135201838466,6.495445432801231,3.0522262884166635,5.299999999999999,7.194882198059896,6.830913643764997,true,
1852,9527248d,9,58.64204297943991,6.954225746349895,6.5145000182885315,2.3482950259968196,5.625,6.3044475826456745,6.972306480553178,true,
1853,b2acf148,10,66.31018259306084,9.659616658817928,7.080643483407931,3.227895856922254,5.777777777777777,6.809520386735819,6.443719212350243,true,
1854,3bf180bf,9,62.45422496610023,7.2312918737825935,6.961740064914823,3.987489410472101,5.625,6.794211777683957,6.573669427216978,true,
1855,70c8f1b8,6,50.3363339940654,4.8725466603922705,5.775382552519517,2.653447118199274,4.4,6.270344829381202,6.224012049668129,true,
1856,9ffbb330,8,62.31017495462435,7.069570026005144,7.448168104376436,4.36816746913146,5.999999999999998,7.306357812994017,5.267176309754377,true,
1857,e4bfabd0,12,61.70583486794878,7.265825908048342,6.452448283344089,3.733501332450205,5.454545454545454,7.705654172059767,6.398721485064474,true,
1858,c9316655,7,53.41691547864194,4.643945588099723,6.6483317076547905,2.905740127272065,5.333333333333333,5.96938328416846,6.499780570540219,true,
1859,25f0f04c,7,61.03604274992399,7.43760282783476,6.569731533508322,2.343603783775087,7.166666666666667,5.949062897086742,6.682462528102775,true,
1860,ee1ea05e,9,60.95361689480946,6.914563635649475,7.517982204825616,3.2288633969448894,5.625,6.403641804334616,6.47582634447949,true,
1861,71140e67,7,57.16400239019828,5.037642426233154,7.801063921386064,3.7832384997497943,5.333333333333332,6.014748825852028,6.197853836113134,true,
1862,ff19ca4f,10,59.4344252001433,7.212850838458268,6.579794574438811,2.287314135854754,5.333333333333333,6.973169288500142,6.914519750352175,true,
1863,ca407b3b,10,63.62894421526483,7.581362021457506,7.052861039638044,2.898013735043687,6.777777777777777,7.075496260225,6.566834813681461,true,
1864,1d32430b,6,53.746098359529206,4.704396078935181,6.944408816144403,2.1862361540156594,5,5.191441497679578,7.689296152083352,true,
1865,d25702aa,12,69.81691040128675,9.475545440488261,6.852728976464211,3.6140369080798807,6.545454545454544,7.932629589651901,7.058479465254075,true,
1866,f853fe5d,9,62.666152701386686,7.063084053114519,6.17681221350142,3.1608351331817235,6.124999999999999,6.622419638214753,8.015780437845594,true,
1867,857f4ee4,10,58.35277610850039,7.08731962852766,6.715083125249367,2.4774333732445384,4.888888888888888,6.905618791443731,6.58264102407323,true,
1868,9a2b151f,6,71.17708183856371,9.37958700972757,8.403601624000311,5.023873753529673,6,5.5311610420197574,7.166228231493065,true,
1869,912d811a,7,59.08603218824389,6.965583809608509,5.109039883907622,3.275171112416219,5.333333333333332,6.281029775022544,7.990043825315868,true,
1870,32fa78b6,10,55.393442047084505,4.842526182570962,7.795212758045397,2.4913083772549456,5.333333333333332,7.35569376916192,5.717937258346661,true,
1871,7b1e8c41,10,65.70643124308246,7.409367474237762,8.070263015054257,3.792231789971666,5.444444444444444,6.679761025575331,7.4269853190513375,true,
1872,bbb4492b,11,63.20391295476702,7.389376927054027,6.520080719001004,4.15014675638545,6.2,7.421570739025173,6.233102162847489,true,
1873,18a0b195,9,60.348807876627866,6.7208199782205496,6.689679377990069,3.3107060933494576,5.624999999999999,6.849191458546542,6.795834494836662,true,
1874,cc09ca03,9,57.33899920045137,4.706629875437585,6.6531027563354295,4.248639554344398,6.499999999999999,6.927190956448443,5.836685291306979,true,
1875,3faebb33,10,56.51724638134402,4.897579800341126,7.350631253954588,3.7239755000801065,5.333333333333332,7.869434869106106,5.310140989730538,true,
1876,327c6969,11,63.11676475639821,7.2973788251308855,6.637329563685444,3.9238416680417854,5.8,7.459117971283243,6.655645082682048,true,
1877,adf65d31,9,61.83527340034618,7.034526713648812,7.320060731315689,3.506203604461735,4.75,7.09775368728439,7.019937086736986,true,
1878,e74642e2,11,63.409042447357805,7.294109516880798,6.342233169983859,3.9202759748346296,6.199999999999999,7.160829029618911,6.968088059130079,true,
1879,36e06197,11,63.14333284691237,6.842690716672854,8.810632127890926,3.1262309531857393,4.8999999999999995,6.61509942051855,7.004591975601867,true,
1880,8f263456,10,64.1580335504568,7.438055075252048,7.597731810706348,3.9530665743132425,5.333333333333333,7.164812503741045,6.675434009100446,true,
1881,b82d711f,11,61.20101454658054,7.356207589420901,7.790281112193316,2.7721461168135666,5.6,7.289593884193729,5.727972062029778,true,
1882,a4b9e71f,7,52.83451372034163,4.529816205021347,5.683575862645513,4.2598013032070385,6,5.969944231926023,5.560436628470802,true,
1883,1ca827f2,9,60.154450217856585,7.187234567371369,6.206524982791507,3.3695259585629995,6.124999999999999,6.223362210309102,6.611294698956534,true,
1884,9d78fb1a,7,56.711803374251694,7.115380248522343,6.2880963260595975,2.526208673786313,5.833333333333332,5.944928336211307,5.9140113730463515,true,
1885,afb7f9b4,8,53.7888722327185,4.662664820813573,6.889036217243383,3.2282640060763756,5.428571428571428,6.183126599897308,5.96602417241955,true,
1886,b0cc3b6a,7,51.99318670248637,4.609112336803994,5.870054418722564,3.5685302685915103,5.166666666666667,6.712870888239454,5.6283003050231635,true,
1887,0cf083e4,6,61.365031288259374,5.2458704062370725,8.051137921943454,3.1090197277609186,5.6,6.395560034149337,8.069546637310705,true,
1888,9a18282d,9,68.12399895218662,9.663429055783178,7.452334236326601,3.348454204030696,7,6.430886345379852,6.214920460172341,true,
1889,fb06ad21,7,61.50268490377898,7.205649434399443,6.59656481644555,3.3044365079601143,6.499999999999999,6.222607113630433,6.691232850676526,true,
1890,dca2141e,9,63.28144715977848,7.158165857027097,7.9232997685447,3.1217918516558174,5.499999999999999,6.100468168928511,7.4409195247264766,true,
1891,7eee8b11,6,60.10436434342186,6.711327640547063,5.204670580680397,4.138349366223048,7.199999999999999,6.24817340395292,6.52322891915928,true,
1892,e1aece42,8,61.32224460773025,7.318101507690061,6.225737790778601,3.1835434434521432,5.571428571428571,6.304776596016968,7.612194361611577,true,
1893,0be02949,10,53.60082421851245,4.562158592795282,6.62185193478672,3.334906934755597,4.555555555555555,6.703094914523074,6.496986959966222,true,
1894,6b6f4b53,9,62.98430754315734,7.5814066916331635,6.891796692269917,2.9157403611225514,7.374999999999999,6.567606937957201,6.214445900242338,true,
1895,d6bbcfb6,12,64.16451060669291,7.170476264521081,7.595282562741058,3.188477390995439,6.7272727272727275,7.336092927019383,6.398034229364104,true,
1896,f1136a0e,11,59.49049814225763,6.975501108953958,6.536955788397488,3.5911914010486363,5.3999999999999995,7.3569374369915845,5.84144438903501,true,
1897,33aa9395,8,64.60293357919974,7.153502185317707,8.337062059454416,3.6972759368029835,6.428571428571429,6.271528288459976,6.4236236387644645,true,
1898,288b4023,10,63.611787044140435,7.217511884146117,6.952032507069655,4.090524627853938,5.333333333333332,6.96849483578666,7.240037660848702,true,
1899,d8e06382,8,62.20601305322178,7.278753818331362,6.8196023812807605,3.69476487847734,6.142857142857142,6.623420667385515,6.4732667418640055,true,
1900,672badcc,7,51.97568489401151,4.534340483553965,6.03362523053694,3.591533180981618,4.166666666666667,6.424762138703471,6.49490045048544,true,
1901,43939fe4,10,64.60002766492069,7.258120913396452,6.965206642137304,3.7046619977128787,6.444444444444444,6.759664258312669,7.284574162788507,true,
1902,9e5fe80f,9,61.81728593269579,7.422649628911498,6.997803647370678,4.111809838551343,5.125,7.227723921408804,6.019092453806768,true,
1903,5f2e88d9,8,57.74296670413014,7.215934136334382,6.839658152161365,3.056329952396515,4.142857142857142,6.517801627035611,6.354704298425285,true,
1904,245a6f4a,9,56.90012501036904,7.518570366439872,5.807237519048089,2.2340918434092614,5.249999999999999,6.910662442218343,6.140849927939954,true,
1905,cb41dd84,13,72.40353201186964,9.564400593435174,8.251556816992904,3.6085025668288355,6.5,7.270874920305765,7.459618180588957,true,
1906,852aee83,10,60.3820582519196,7.197355960052838,6.286377311357148,2.574774964431476,5.333333333333333,7.304937628129095,7.255948460276732,true,
1907,35e0da12,10,60.074653112034824,7.207058350831523,6.512625307054845,4.0628214612859095,6.111111111111111,6.30388694090018,5.634718696773014,true,
1908,28a69478,13,66.65113526315021,7.353386434724484,6.486161562292829,3.586209755990937,6,7.965785818838059,8.406522625991038,true,
1909,2fdd823f,8,51.36415523226611,4.831198136332552,6.083077924392024,4.083735077545037,5.142857142857142,7.411085070329305,4.005607775232858,true,
1910,d979bc5b,10,65.03167441380432,9.459630340221596,6.441557802103131,3.29613299498317,6.111111111111111,6.205742512174778,6.647494324382124,true,
1911,1b472b76,11,63.093319808156714,6.686995864072207,7.163529634140669,3.1803302353791505,5.8,7.123538512576073,7.625368498347989,true,
1912,ad2bcd5e,10,64.49500293976936,7.534436876825917,7.668502784754349,3.317255441158552,4.888888888888888,7.162849713636648,7.57182235684669,true,
1913,f42f0d38,10,66.205913569042,9.64389713549709,6.3357667636302475,3.010226478586514,4.999999999999999,7.063473219682085,7.748004681134974,true,
1914,b7aa2003,10,63.000887534103214,7.225622217176384,6.641839823749053,4.124263614455226,5.222222222222221,7.374247356074534,7.006883933290006,true,
1915,60df68a5,12,63.987463202646865,7.450026743174272,7.30727001742265,4.267835272875489,5.545454545454545,7.03332337631511,6.498745988724645,true,
1916,949cc58e,12,62.55805261333444,7.332132842828032,6.956789779351334,3.0655839843914787,6.181818181818182,7.568374420578435,6.374660195999061,true,
1917,2ae81d3a,10,55.65833996252973,4.767237713880714,7.097265344696566,2.8125560433454466,6.111111111111111,6.545784575010186,6.2247837306752025,true,
1918,de901df1,9,60.202476438733825,7.090097429170717,6.701012353234742,2.183428804418814,7.25,6.814887847523519,6.007425179195546,true,
1919,2bf4f23d,10,53.09719114751323,4.860718842736,7.164010575752627,3.285839214545577,4.999999999999999,6.234315664439944,5.390533097413494,true,
1920,94108da3,9,57.89314748331098,4.7071481668311606,7.672363498861855,3.909069897791533,5.999999999999998,7.1679213206022006,5.690831279214859,true,
1921,10d3197d,12,60.518740228359405,7.4516169593949675,6.749796579446319,2.982212140478472,4.272727272727272,7.276233618545227,7.133558837081772,true,
1922,7198f0aa,6,62.30439087687923,7.055145066328354,5.176106964364098,3.008977655879345,7.199999999999999,6.55921446160751,8.100887686858519,true,
1923,86f3d8fe,11,59.93389887276707,7.28467709110694,6.314998457022674,2.9561502381887546,5.300000000000001,7.284890420639709,6.6188624116014285,true,
1924,2a5e3e57,7,49.81844472510507,4.877351695611484,5.38621487396295,2.3423931329522403,4.166666666666667,5.920332110007719,6.982277376850499,true,
1925,dd49b088,10,54.93504991938204,4.60598152823759,6.717912000561582,2.922555895931776,5.222222222222221,6.837522421718418,6.798102941584073,true,
1926,5c8e4731,11,61.69827042606834,7.413390929566479,7.112719342072673,4.109635503255991,4.999999999999999,7.377662282860223,5.863148529769855,true,
1927,4fdf1873,11,62.74394272165111,7.4443147731096,6.575816940095724,3.6529252795961127,5.8,6.721942969810258,7.056752985333427,true,
1928,91b4295d,7,62.121652859265936,9.682045362236357,5.737730429521564,2.7658649862689777,5.333333333333333,6.5286667722739535,6.405191187839627,true,
1929,9ed3097f,9,60.87202415058576,7.194611431642043,7.501818528367302,3.3277330297775722,5.125,6.522644052637882,6.389727487068923,true,
1930,4e5c1cb1,13,61.458796500722016,6.962142491663425,7.678405586121004,3.423794452239207,5.083333333333333,8.596886160460125,5.417919445390774,true,
1931,28e42fc8,9,60.46982957411825,7.212625677475707,6.104441587114508,2.7681421533920822,7.375,5.808395266798726,6.628937682513111,true,
1932,75175f1f,9,61.54511273077807,7.507855778627679,6.6678775626163,3.489002154026819,5.125,6.818137373844083,6.881870139872396,true,
1933,7e258b87,6,48.37990497229403,4.415311612026267,6.9329824991211915,2.8384630384751155,4.2,5.3215227461302685,5.1802868910035995,true,
1934,440348a9,8,61.33313711263401,7.236073380197811,6.626596665448901,4.340088604242884,4.428571428571429,6.612333597900587,7.058587961738899,true,
1935,0802fe8b,10,61.051700985764384,6.8568302350983465,6.569966476148239,3.1991578617745606,5.666666666666666,7.436859500379671,6.825903620634716,true,
1936,61aea8eb,9,56.99830245680975,4.751075828892105,7.317186509597682,3.234300062466602,5.625,7.427093092198823,6.210696458507665,true,
1937,225fe3b2,12,62.710778594025726,7.105837947191333,7.100177041226922,3.5114687532012954,5.909090909090908,7.046809492604812,6.726645402921253,true,
1938,1066075e,9,59.388335716268884,7.156314427783796,7.042031142048527,3.2983157131655765,5.249999999999999,6.5973566632303395,5.963640877932955,true,
1939,aacc983c,10,60.95523984116134,6.952211211415584,7.639183246865353,3.57608492433166,4.888888888888888,5.780357781513729,7.004625802048459,true,
1940,a30ad351,11,62.19801096787858,7.218599113682953,6.832999321878491,3.4204178282681945,5.8999999999999995,7.781101369421854,6.211275680313712,true,
1941,a7d1b48b,9,55.28283661377805,4.697348427570353,6.380888771370468,3.4055286045555384,6.499999999999999,7.225213401326995,5.543914800678554,true,
1942,e3d9d7e0,10,62.369724983832384,6.895565164768465,7.799828505600296,3.2164957896262134,6.444444444444444,7.082284689684911,5.909000940276011,true,
1943,c5685744,10,60.68726970647711,6.97280698380348,6.0312161150814285,3.611561437834507,6.222222222222222,6.615408238978489,6.755339584779392,true,
1944,3c64e283,9,53.94344911612531,4.913970061491314,6.551218458071026,3.454216270231248,4.749999999999998,6.322148795452935,6.360521674579639,true,
1945,b2601521,8,65.25398479952644,7.230417962816852,7.054417182853785,4.416223001419728,5.999999999999998,7.277651956323194,6.997925681524489,true,
1946,7a0b63d6,9,52.374171155566735,4.7189362888387505,6.311546404973668,4.3092997207633985,4.625,6.542986479503913,5.206079852794997,true,
1947,d01bbf53,9,54.22402233126958,4.881827836375484,7.038573842217919,3.4368831103243735,4.374999999999999,6.607252662999262,6.210903984425393,true,
1948,68641c37,10,60.22619226199769,7.348975276404484,6.900106490352474,2.8583138355926816,5.666666666666666,6.826991310461068,6.232820166869843,true,
1949,db664e78,10,62.39612826000062,7.345983456517075,6.810816979232013,3.624201478147134,5.777777777777777,6.807611116996865,6.742193901184484,true,
1950,16194d5a,8,55.74502473074844,4.704730817524961,7.811545036867804,3.378578618698949,5.428571428571428,7.0472690426992735,5.404987497537834,true,
1951,55d1f790,9,65.487149988808,7.159769095238623,7.48576255237363,4.221657132036245,6.499999999999999,7.069371695702941,6.687021977871954,true,
1952,ef2907f8,9,62.401997669074944,6.92726342447346,7.519440458633034,2.5339337539206825,5.75,6.547040846480236,7.6193341960732575,true,
1953,15ba789f,14,62.05869344059947,7.1588637312452175,6.71886279421648,3.099336130611958,4.846153846153846,8.1353833499228,7.187570710737952,true,
1954,e6b0bc7d,9,52.548421069516266,4.6953750501774065,5.7719671425701735,3.179528308325826,5.125,7.047371493090555,6.071862646055347,true,
1955,bca55e5f,8,61.90580746185201,7.303564707593122,7.1484199323837725,3.4748145063303313,4.57142857142857,6.575970888394021,7.433426860542502,true,
1956,8a85ab22,9,59.58583419567928,7.361608011693948,6.878761570056646,3.2020272194316313,4.249999999999999,6.590882548796458,6.880813019233196,true,
1957,3d22f60b,12,60.5328382037728,7.2208642274506145,6.485087234966533,2.435712806770441,5.909090909090909,7.795653591955068,6.4749429269035055,true,
1958,9ebadecd,9,61.882763021756695,7.40072188868606,6.568871258732249,3.1290716931230995,4.874999999999999,6.691584100151328,7.8465449207831455,true,
1959,cbcd0931,10,61.83900762312148,7.147781552911449,6.621400028259401,3.479740192997856,4.888888888888888,7.980247028204815,6.9198475739242005,true,
1960,bb19478d,10,61.74499769346346,7.442542611132944,7.110296933598536,3.0212984155414744,4.666666666666666,7.292824130100075,7.092585036701982,true,
1961,7f2a6c70,10,56.83910476616547,4.864980347707993,6.525544037754865,3.2452782987559927,6.5555555555555545,6.850364971842238,6.37734117117743,true,
1962,938c772d,12,64.9998196872146,7.385851444912219,6.503448548277326,4.51773994991466,5.545454545454546,8.566552412112445,6.6818319883740855,true,
1963,3749055f,8,65.49237566745722,6.767064144142469,10,3.494395643466366,5.428571428571428,6.2425064538704085,6.7017628748023546,true,
1964,1ec6175f,11,64.54209661513372,7.324614725539733,6.393084967588711,4.7373472496675415,6.1,7.305687054638679,6.783544293347416,true,
1965,1fba33c2,9,60.20615091712159,7.367630919098454,6.524975274177849,2.7564130889709735,6.499999999999999,6.602763026458062,6.1275563217375355,true,
1966,d05c1806,11,52.54090197182219,4.681709844375797,7.273675658997662,3.0006223174146283,5.1,6.404616311237505,5.235963587119153,true,
1967,b309bc02,8,61.828933170321214,7.408970462810997,6.807928906388027,4.360207690478228,4.999999999999999,6.839157635780692,6.354420392367777,true,
1968,3ae98a85,10,56.358399948179006,4.671851292482238,7.170075288550535,3.914563359033093,5.222222222222222,7.07421044496235,6.064670843201299,true,
1969,f41e95aa,9,65.04758279854465,7.156074770723724,8.573446724456208,3.794134263409147,5.625,6.976709035046845,6.538454468192207,true,
1970,2901e2c4,9,61.353557072924865,7.1017869487505045,7.485521662580811,2.8145065572076877,6,7.2575755767960715,6.0335489468898995,true,
1971,4f84b45d,11,64.21713487846358,7.42550361681934,7.761295351374545,4.032543680370612,6.099999999999999,6.291068911887994,6.444443910259028,true,
1972,81af0782,9,59.111923530608024,7.078415385489161,6.074476248091282,3.2967323069970056,5.5,6.821322658391658,6.479303490421156,true,
1973,b138d35f,8,63.39438975462044,6.9694582254544635,7.743815504137007,3.255506700149423,6.142857142857142,6.979056780291211,6.694021487047715,true,
1974,0c52347f,12,63.87183211077625,7.345061952890129,7.167504094437612,3.8163313002073376,5.545454545454545,7.672861295252555,6.657081780100878,true,
1975,5c82354f,12,59.79410355178024,7.334286804026436,6.4058925590837115,3.2402901569110933,4.636363636363635,7.357545556860391,6.645715243968951,true,
1976,daca0356,13,62.33715700301849,7.040832136256746,5.992675707201873,3.7344136222018007,5.916666666666666,8.134168191653405,6.767164648439288,true,
1977,6565b967,10,60.743031698043175,7.107077171819356,6.364130728980473,3.3305137533531304,5.444444444444444,6.672273979119733,7.142749786981186,true,
1978,6586ffa6,12,69.18536021371041,9.663621561684034,6.8520467669035465,4.058529403617413,6.09090909090909,7.926459339816766,6.517195273675971,true,
1979,8d8fe937,6,54.574929807525564,4.85616642762571,6.576960267801974,2.8533155090465208,5.8,5.728628514004381,6.781268125763632,true,
1980,4f9f1d3f,11,61.69992617186768,6.865548541993173,6.31052385275585,4.530296798072283,6.1,6.890017561661207,6.285994843164049,true,
1981,99353bb5,11,63.777568817782594,7.277737517809763,6.009627313377795,3.972708878516425,5.699999999999999,6.956883693917326,7.973773673555773,true,
1982,821532a0,10,62.34038660795234,7.315556066278167,7.072219152652728,3.8729652745687044,5.333333333333332,7.147444955499406,6.424000849848356,true,
1983,c0b0db6b,7,58.633671097626056,4.610261346788183,9.768213764996506,3.674147817130961,6.499999999999999,5.936225534005003,4.7780297257054904,true,
1984,36d6532d,11,60.144937143609496,7.454367659554412,6.398509765886184,2.702521708470044,5.1,6.888307996312472,7.0941473246202635,true,
1985,6614e381,8,56.20516777058812,4.895409504174343,6.794259727918878,3.914506968428969,5.428571428571428,6.495492692512245,6.307379857172249,true,
1986,76b07525,9,55.06411509574544,4.768997461153349,5.86862929375084,4.446637504658956,5.624999999999999,6.830372882081539,5.902115778281609,true,
1987,85f0f729,5,58.63420921065632,4.755905073881035,8.969529595076622,2.9335249424794205,6.5,5.7489833614653625,6.123592552647804,true,
1988,6b3976f7,10,63.794163948638655,7.284928374748815,6.323648607807038,3.266995086688912,6.111111111111111,7.020254611020457,7.907144929734142,true,
1989,9fcdb123,12,62.60323555200522,7.4817138309267035,6.0741738327985475,3.7082862088988517,5.909090909090908,6.850449042395688,7.204664127560565,true,
1990,099257b4,12,55.45256334081757,4.746068420995515,6.488976153444885,3.3021989415953157,5.636363636363636,7.839410606373874,5.860480491515336,true,
1991,e0406cc0,11,63.60857658255221,7.423716043418968,6.476042087760793,3.4183463809672436,5.799999999999999,8.05027612470063,6.986622725556055,true,
1992,829e68a9,10,55.265258510021845,4.695991600959681,6.637304408285012,3.266114295970086,5.777777777777777,6.76551443109452,6.271084481924863,true,
1993,481a5a77,9,64.68931502526758,7.35813834921921,7.171086073857697,2.4873413039002945,6.875,6.632894923933185,7.796507052065791,true,
1994,67b87fa9,10,63.90006298466662,7.283573426841889,7.086150678263178,4.479825186023249,6.222222222222222,7.018156796312556,6.134212170296588,true,
1995,32bb74e0,8,53.741118831970255,4.848054226639442,6.517717590059491,3.142138108471085,5.57142857142857,6.394228284017517,5.923937339508776,true,
1996,07507eed,11,62.444172849655374,7.455806011777033,6.7383945543279165,3.4120176565951326,5.3999999999999995,7.5053686028665965,6.756726344378386,true,
1997,36a40c42,8,55.882204957786115,4.753404045351651,6.5842443231740795,3.3700226840162544,5.428571428571428,6.8059101855273205,6.748300750238705,true,
1998,4a64f281,9,62.35803681278235,7.381378987969318,6.40038250096129,3.0074545792934324,6,6.782356583444076,7.43359742532159,true,
1999,5c02e7eb,11,61.07812438725938,7.036760228246855,6.270503220943456,3.2497391481406273,6.1,7.244201746078214,6.671091263551892,true,
2000,17be6b65,9,64.10196578699684,7.460912237867941,6.506902570470662,3.398678810166402,5.999999999999998,6.830354979371968,7.807055059421666,true,